Student_ID,SSC_Percentage,HSC_Percentage,Degree_Percentage,Entrance_Exam_Score,CGPA,Technical_Skill_Score,Soft_Skill_Score,Internship_Count,Live_Projects,Work_Experience_Months,Certifications,Attendance_Percentage,History_of_Backlogs,Placement_Status,Salary_Package_LPA
STU0001,94.25,80.74,73.01,81.29,9.25,80.03,74.25,2,0,0,0,85.62,0,Placed,10.86
STU0002,79.10,90.88,94.39,75.50,9.72,94.33,77.38,0,3,0,0,80.13,0,Placed,8.80
STU0003,89.32,86.20,93.80,94.67,9.17,78.36,76.79,1,4,0,2,85.13,0,Placed,8.99
STU0004,80.71,71.62,70.41,87.41,8.13,92.02,81.31,3,1,0,2,90.91,0,Placed,8.81
STU0005,86.97,75.59,89.96,75.59,9.77,78.54,72.77,1,2,0,1,89.86,0,Placed,10.98
STU0006,56.55,50.35,51.92,63.93,5.78,68.33,54.05,0,0,0,0,72.15,0,Not Placed,0
STU0007,92.86,93.75,73.20,82.48,8.82,89.81,88.36,1,0,1,1,88.80,0,Placed,8.40
STU0008,92.67,86.72,91.65,83.95,9.61,90.83,82.53,3,3,0,0,91.73,0,Placed,10.63
STU0009,74.44,68.57,63.87,49.67,5.60,57.52,55.65,0,1,0,0,77.58,0,Not Placed,0
STU0010,77.91,79.25,93.65,68.20,8.55,83.78,79.30,1,4,0,2,82.99,0,Placed,8.39
STU0011,76.26,74.43,82.55,69.53,9.25,77.80,75.80,0,4,8,2,81.50,0,Placed,9.59
STU0012,63.42,65.89,67.12,41.45,5.59,59.83,50.41,1,1,0,0,69.14,1,Not Placed,0
STU0013,71.66,80.60,83.27,69.33,8.29,90.85,70.31,1,1,0,2,85.55,0,Placed,7.94
STU0014,51.50,59.64,56.54,55.56,6.03,58.43,60.28,1,1,0,0,67.15,0,Not Placed,0
STU0015,73.03,71.77,50.30,58.20,7.89,53.04,70.71,1,1,0,0,68.84,2,Not Placed,0
STU0016,79.72,70.67,84.61,88.20,8.51,75.19,90.96,3,0,0,2,82.39,0,Placed,9.99
STU0017,73.99,77.69,90.91,94.03,9.27,83.63,78.04,2,2,0,0,93.93,0,Placed,9.11
STU0018,63.53,61.27,66.95,60.02,7.05,60.72,57.60,1,0,0,0,74.88,0,Not Placed,0
STU0019,57.39,50.72,59.08,56.19,6.46,60.77,68.24,0,0,0,0,74.84,2,Not Placed,0
STU0020,88.88,92.49,89.01,85.43,8.31,78.46,89.39,0,0,0,1,86.89,0,Placed,8.42
STU0021,88.63,92.57,89.62,81.40,8.68,85.50,93.43,0,4,0,2,93.50,0,Placed,8.78
STU0022,53.43,52.79,55.26,59.93,5.66,57.10,71.73,0,1,0,0,72.39,0,Not Placed,0
STU0023,86.55,76.27,72.75,84.71,8.99,86.01,83.07,3,1,0,2,98.25,0,Placed,9.06
STU0024,74.99,53.46,71.09,47.76,7.22,63.27,69.21,0,1,0,0,68.27,0,Not Placed,0
STU0025,86.15,82.54,79.38,69.73,7.88,78.56,77.80,2,1,0,2,80.83,0,Placed,7.31
STU0026,89.75,73.54,74.76,82.95,7.91,81.99,83.74,2,1,0,1,91.55,0,Placed,8.18
STU0027,92.31,82.83,93.83,69.90,7.91,93.47,94.10,3,2,0,2,85.82,0,Placed,9.12
STU0028,75.19,76.24,88.93,71.81,8.27,83.35,93.31,1,1,0,1,87.69,0,Placed,7.90
STU0029,91.79,74.13,87.66,77.82,7.96,89.15,72.55,3,2,0,0,96.98,0,Placed,8.29
STU0030,67.37,55.87,60.38,67.30,7.48,69.63,65.94,1,0,0,0,73.49,1,Not Placed,0
STU0031,79.48,79.15,94.71,86.32,7.71,94.22,86.40,3,4,0,0,95.05,0,Placed,7.88
STU0032,75.67,81.73,78.23,83.97,7.55,85.24,91.57,1,1,0,1,83.46,0,Placed,7.49
STU0033,84.31,89.96,87.44,91.11,8.44,81.41,73.60,3,2,0,2,84.95,0,Placed,8.30
STU0034,58.81,56.61,65.13,45.68,5.94,59.03,56.18,0,1,0,0,68.04,0,Not Placed,0
STU0035,87.48,80.66,89.45,89.54,9.27,75.00,74.41,0,2,0,2,96.57,0,Placed,8.85
STU0036,89.99,86.10,91.92,82.08,8.15,83.53,80.83,2,0,11,2,94.40,0,Placed,7.90
STU0037,81.28,86.53,86.09,86.82,8.23,88.03,70.44,0,4,9,1,93.58,0,Placed,7.69
STU0038,92.58,77.00,70.69,93.35,9.50,85.17,86.65,2,0,0,1,88.61,0,Placed,9.82
STU0039,72.38,68.09,55.15,43.42,6.40,61.40,56.92,0,0,0,0,70.24,0,Not Placed,0
STU0040,86.91,89.67,74.22,76.16,9.63,90.10,92.07,0,3,9,0,89.22,0,Placed,8.66
STU0041,50.86,50.79,62.02,69.15,7.82,64.71,54.34,0,1,0,0,69.72,1,Not Placed,0
STU0042,77.06,75.43,88.77,88.09,9.09,85.54,79.21,1,0,0,1,94.41,0,Placed,9.72
STU0043,52.53,50.81,53.91,52.96,5.71,62.88,60.36,0,1,0,0,66.76,2,Not Placed,0
STU0044,83.84,80.70,76.46,80.71,7.68,78.89,74.00,2,1,0,2,83.98,0,Placed,7.67
STU0045,70.05,91.14,93.24,67.79,7.51,83.99,84.98,0,1,0,0,96.39,0,Placed,7.24
STU0046,70.40,80.20,86.65,65.07,9.79,93.07,87.83,0,4,0,1,98.62,0,Placed,10.43
STU0047,58.66,59.31,61.63,59.75,7.72,51.75,59.45,0,1,0,0,67.36,2,Not Placed,0
STU0048,82.18,81.08,72.55,73.44,8.29,82.22,76.72,1,4,9,1,85.32,0,Placed,7.94
STU0049,72.55,94.51,92.51,76.48,9.63,79.59,89.30,3,2,0,2,93.78,0,Placed,10.87
STU0050,80.11,85.24,93.63,78.09,9.24,83.79,72.47,0,1,0,2,96.01,0,Placed,8.77
STU0051,64.27,68.82,61.45,60.86,6.11,64.34,64.60,1,0,0,0,60.90,0,Not Placed,0
STU0052,67.04,56.05,53.35,56.60,7.17,62.42,62.60,1,0,0,0,62.59,1,Not Placed,0
STU0053,50.30,69.79,51.31,66.26,7.71,57.23,52.39,1,0,0,0,62.79,1,Not Placed,0
STU0054,87.20,72.48,82.94,91.99,7.62,94.31,79.17,2,3,0,2,92.44,0,Placed,7.68
STU0055,72.45,83.09,76.56,75.23,8.32,89.30,73.00,3,1,9,2,89.93,0,Placed,8.80
STU0056,92.25,89.07,92.58,72.68,9.55,82.02,89.03,2,4,0,0,81.99,0,Placed,10.81
STU0057,92.60,76.37,76.59,71.24,9.62,90.42,79.97,0,1,2,2,91.74,0,Placed,8.73
STU0058,60.69,52.40,64.85,52.03,6.72,56.81,53.25,1,0,0,0,63.31,1,Not Placed,0
STU0059,76.69,79.14,86.47,80.04,9.23,89.43,94.48,0,1,2,2,96.50,0,Placed,9.67
STU0060,93.47,74.01,94.28,68.30,7.79,92.80,76.66,1,3,10,1,91.15,0,Placed,7.64
STU0061,89.15,85.96,89.80,66.19,9.66,88.03,76.04,0,4,0,2,93.28,0,Placed,10.11
STU0062,86.15,93.39,71.97,84.22,8.24,93.54,92.77,2,4,0,1,92.65,0,Placed,9.00
STU0063,86.78,73.52,87.73,71.58,9.11,93.89,76.82,0,0,0,0,82.25,0,Placed,7.95
STU0064,54.92,64.99,72.73,58.21,6.48,58.54,54.06,1,1,0,0,68.72,0,Not Placed,0
STU0065,86.80,71.01,86.78,68.81,8.21,75.56,92.57,3,4,0,0,91.90,0,Placed,9.78
STU0066,90.94,72.94,80.59,76.82,9.89,79.41,83.80,0,3,11,2,83.63,0,Placed,10.10
STU0067,56.71,73.51,58.51,46.63,7.23,57.06,64.25,0,0,0,0,75.68,2,Not Placed,0
STU0068,72.27,55.30,64.57,64.84,7.49,59.72,64.75,1,0,0,0,63.24,1,Not Placed,0
STU0069,82.50,73.73,79.55,92.90,9.87,77.00,89.06,0,2,6,2,81.03,0,Placed,9.67
STU0070,64.51,63.03,67.28,42.91,7.34,62.08,71.56,0,1,0,0,68.93,1,Not Placed,0
STU0071,78.05,84.02,74.12,70.10,8.35,87.76,85.33,1,3,0,0,96.70,0,Placed,7.51
STU0072,70.74,77.14,82.24,78.22,8.74,76.69,77.84,0,4,0,2,89.93,0,Placed,7.19
STU0073,70.23,80.58,78.40,79.55,9.42,76.13,73.46,0,3,0,0,98.54,0,Placed,10.07
STU0074,86.90,94.62,83.80,84.28,8.29,81.82,70.72,3,0,4,0,94.63,0,Placed,9.62
STU0075,57.86,69.16,67.98,47.96,7.03,55.56,73.60,0,0,0,0,74.59,2,Not Placed,0
STU0076,64.36,50.36,62.16,47.09,7.33,65.48,53.81,1,1,0,0,70.15,1,Not Placed,0
STU0077,70.86,71.09,90.54,73.65,9.49,81.36,85.56,0,0,0,0,83.42,0,Placed,10.21
STU0078,76.72,81.55,90.59,93.50,8.65,84.00,94.51,0,4,0,2,83.99,0,Placed,7.98
STU0079,81.31,81.01,77.33,66.21,9.65,76.84,82.86,3,0,0,2,89.07,0,Placed,11.26
STU0080,83.69,82.85,94.71,67.79,8.16,92.30,73.23,3,2,0,2,87.67,0,Placed,8.91
STU0081,76.46,90.12,75.52,76.21,9.61,91.75,92.35,1,2,10,1,81.26,0,Placed,9.16
STU0082,70.23,85.50,88.16,71.61,9.12,76.05,83.99,0,1,0,1,83.24,0,Placed,8.74
STU0083,81.94,88.69,80.49,82.84,8.35,91.12,76.97,0,0,0,2,98.44,0,Placed,7.52
STU0084,60.87,64.49,63.80,49.17,7.39,63.24,60.64,1,1,0,0,70.96,2,Not Placed,0
STU0085,65.26,67.79,57.30,57.41,5.71,57.32,68.84,0,0,0,0,63.92,0,Not Placed,0
STU0086,70.12,81.56,77.26,77.77,8.56,93.77,90.86,2,1,0,0,85.08,0,Placed,9.81
STU0087,78.30,92.52,80.40,74.62,9.40,79.43,92.70,0,3,0,0,92.43,0,Placed,9.38
STU0088,80.77,72.95,90.12,91.17,9.27,86.64,90.36,1,4,0,2,80.47,0,Placed,10.03
STU0089,78.25,78.08,73.04,91.97,7.71,91.80,81.74,3,4,0,2,89.85,0,Placed,8.91
STU0090,71.79,53.63,73.10,41.70,6.56,52.56,69.77,0,1,0,0,64.84,0,Not Placed,0
STU0091,68.73,55.49,69.26,54.66,7.27,59.36,68.93,0,1,0,0,66.50,2,Not Placed,0
STU0092,56.57,50.60,74.22,56.63,5.50,53.14,66.72,1,0,0,0,61.93,0,Not Placed,0
STU0093,77.38,74.62,93.32,87.64,9.40,86.65,94.37,1,3,0,1,82.56,0,Placed,10.07
STU0094,78.12,86.95,84.91,86.77,8.75,92.54,72.30,1,1,0,1,84.66,0,Placed,9.32
STU0095,84.29,76.78,89.82,80.62,8.43,75.50,74.35,2,4,0,0,98.35,0,Placed,8.67
STU0096,94.00,74.49,72.78,75.12,8.97,91.60,93.05,1,0,3,0,84.40,0,Placed,8.70
STU0097,53.79,52.95,64.64,42.95,7.11,63.01,73.81,1,0,0,0,76.29,2,Not Placed,0
STU0098,74.34,94.33,79.35,73.34,8.70,80.55,74.21,1,0,0,1,81.32,0,Placed,7.94
STU0099,53.54,66.24,73.58,50.63,6.47,59.42,69.45,1,1,0,0,78.88,2,Not Placed,0
STU0100,90.15,72.79,76.74,88.69,8.60,86.46,80.59,2,1,0,2,91.42,0,Placed,9.70
STU0101,83.10,72.28,80.38,74.33,9.82,91.99,75.17,1,3,0,2,84.38,0,Placed,9.33
STU0102,64.85,74.25,50.34,59.35,7.74,55.86,72.36,1,1,0,0,69.27,1,Not Placed,0
STU0103,77.11,91.00,80.34,94.32,8.21,75.76,78.43,1,2,0,1,92.15,0,Placed,7.46
STU0104,88.28,88.26,71.52,74.75,7.88,94.35,76.54,0,2,2,2,90.94,0,Placed,6.99
STU0105,78.68,79.55,78.81,92.58,8.27,90.85,81.09,3,1,8,2,94.37,0,Placed,8.28
STU0106,82.42,92.47,88.07,73.54,8.64,83.82,84.79,3,4,0,2,88.23,0,Placed,9.18
STU0107,74.21,55.30,57.42,61.14,6.59,66.02,72.80,0,1,0,0,75.37,2,Not Placed,0
STU0108,52.20,56.40,65.19,41.85,5.86,64.49,50.65,0,1,0,0,62.92,2,Not Placed,0
STU0109,62.38,65.58,55.53,61.81,6.76,52.72,67.66,0,0,0,0,63.61,0,Not Placed,0
STU0110,75.67,82.53,70.57,88.93,9.08,84.23,89.40,0,1,0,1,83.61,0,Placed,7.78
STU0111,51.01,70.97,51.30,55.24,7.41,51.40,58.49,1,1,0,0,67.84,0,Not Placed,0
STU0112,83.58,79.34,89.07,83.52,8.36,90.96,70.92,0,3,0,0,97.32,0,Placed,7.90
STU0113,71.78,72.46,84.93,76.44,7.58,89.33,74.94,3,3,0,0,93.01,0,Placed,8.32
STU0114,84.00,74.41,88.52,69.47,8.44,92.51,75.76,1,4,0,1,90.76,0,Placed,8.65
STU0115,56.56,66.19,64.15,46.79,6.48,59.90,67.30,1,1,0,0,62.86,2,Not Placed,0
STU0116,58.22,52.85,59.50,56.54,6.19,50.29,51.92,0,0,0,0,68.06,2,Not Placed,0
STU0117,66.22,67.74,66.30,59.57,7.17,59.37,64.80,0,0,0,0,73.29,0,Not Placed,0
STU0118,84.95,82.17,90.08,92.38,9.07,79.09,76.53,3,3,10,1,95.55,0,Placed,9.76
STU0119,80.68,72.47,82.29,78.58,9.42,76.90,83.91,3,0,0,1,94.74,0,Placed,10.64
STU0120,71.66,72.40,85.16,75.45,8.79,88.66,80.12,0,0,0,1,86.26,0,Placed,8.42
STU0121,72.23,73.02,72.33,69.41,9.85,87.31,94.13,3,2,0,2,82.69,0,Placed,10.81
STU0122,58.69,67.33,70.61,52.16,7.15,63.23,53.45,1,0,0,0,67.57,0,Not Placed,0
STU0123,85.14,86.99,71.32,92.37,8.39,79.05,91.19,0,4,0,1,88.37,0,Placed,6.97
STU0124,58.09,67.47,60.92,64.07,7.06,51.40,73.44,0,1,0,0,75.49,0,Not Placed,0
STU0125,85.63,92.38,91.82,68.30,9.87,82.63,72.05,1,3,0,0,95.31,0,Placed,10.91
STU0126,81.89,71.48,91.58,68.39,9.89,87.74,87.90,0,1,0,0,87.55,0,Placed,10.26
STU0127,63.40,51.32,74.66,43.60,6.04,69.86,64.97,1,0,0,0,73.57,2,Not Placed,0
STU0128,76.15,79.56,89.44,92.51,9.15,86.04,93.05,0,2,0,2,88.61,0,Placed,8.59
STU0129,82.19,80.08,75.94,65.41,9.30,86.42,73.23,1,3,0,0,95.97,0,Placed,9.41
STU0130,57.06,67.63,65.58,62.53,6.58,51.40,65.09,0,1,0,0,63.72,2,Not Placed,0
STU0131,74.35,70.88,91.33,88.50,7.79,85.80,88.95,2,4,0,2,91.44,0,Placed,7.56
STU0132,81.71,86.65,76.98,70.25,9.04,81.15,87.91,1,1,0,0,80.51,0,Placed,8.74
STU0133,56.12,58.68,51.54,51.58,6.47,62.46,57.49,1,1,0,0,70.75,0,Not Placed,0
STU0134,93.48,79.85,78.67,67.62,7.52,91.76,91.37,3,2,0,2,84.62,0,Placed,7.35
STU0135,54.40,72.61,59.65,69.97,6.18,58.08,67.48,0,1,0,0,78.02,1,Not Placed,0
STU0136,59.37,70.89,68.63,56.05,7.74,65.49,56.71,1,1,0,0,64.00,0,Placed,6.80
STU0137,88.72,77.12,81.97,67.78,9.61,89.13,81.28,0,4,0,0,96.61,0,Placed,8.99
STU0138,56.93,52.35,73.43,69.05,6.29,66.24,51.50,1,1,0,0,78.24,1,Not Placed,0
STU0139,61.86,59.10,74.25,62.13,6.04,57.48,59.35,0,1,0,0,63.82,1,Not Placed,0
STU0140,52.54,60.78,56.65,42.18,6.87,53.09,64.71,0,1,0,0,78.30,1,Not Placed,0
STU0141,85.29,79.33,77.20,74.34,8.22,86.47,81.41,2,0,0,1,81.12,0,Placed,8.72
STU0142,66.38,57.66,71.08,44.76,6.73,69.47,50.90,0,1,0,0,60.63,2,Not Placed,0
STU0143,74.46,92.13,78.74,92.16,9.41,76.58,80.88,0,4,11,0,84.11,0,Placed,8.66
STU0144,94.89,92.32,94.40,87.94,8.57,82.46,88.92,3,1,0,2,98.16,0,Placed,9.47
STU0145,83.97,73.51,92.07,74.52,7.80,76.54,72.46,0,1,0,0,95.76,0,Placed,6.50
STU0146,77.17,80.60,72.24,84.97,8.49,76.68,74.80,2,4,0,0,84.86,0,Placed,9.62
STU0147,57.03,68.06,72.72,41.35,5.91,56.06,54.40,1,1,0,0,73.65,1,Not Placed,0
STU0148,77.44,77.23,77.54,88.48,8.20,80.35,94.68,0,4,0,0,96.89,0,Placed,7.40
STU0149,75.49,81.20,85.24,77.11,7.71,92.26,79.26,0,2,0,2,97.76,0,Placed,6.80
STU0150,55.56,64.07,69.23,41.88,7.36,53.72,51.18,1,1,0,0,72.90,0,Not Placed,0
STU0151,61.94,71.92,54.37,58.26,7.01,53.01,65.58,0,0,0,0,71.27,2,Not Placed,0
STU0152,50.89,56.83,51.64,50.51,7.68,63.27,51.58,1,1,0,0,67.20,1,Not Placed,0
STU0153,53.31,62.42,64.06,54.90,6.02,59.62,65.53,0,0,0,0,74.97,2,Not Placed,0
STU0154,54.84,57.25,66.36,41.26,6.44,62.49,51.81,0,1,0,0,77.87,0,Not Placed,0
STU0155,56.12,67.22,63.99,51.55,6.27,59.21,54.02,0,0,0,0,72.12,2,Not Placed,0
STU0156,90.27,84.04,93.53,69.58,9.73,81.62,75.82,2,3,0,1,85.80,0,Placed,10.56
STU0157,56.30,65.02,71.32,66.03,5.59,63.52,53.88,0,1,0,0,61.71,0,Not Placed,0
STU0158,84.32,93.70,75.14,69.80,8.06,90.43,90.03,3,4,3,2,94.81,0,Placed,8.05
STU0159,89.27,79.89,76.88,66.00,8.33,90.08,93.20,0,0,0,2,85.26,0,Placed,7.84
STU0160,84.66,74.09,90.67,68.96,9.72,79.62,82.10,0,4,0,1,80.63,0,Placed,9.70
STU0161,56.93,50.19,68.22,48.82,5.56,66.99,57.78,0,1,0,0,72.54,1,Not Placed,0
STU0162,86.20,73.82,81.68,71.09,9.37,79.90,88.87,2,4,0,0,84.26,0,Placed,10.13
STU0163,71.78,78.38,81.19,70.13,8.12,77.19,93.88,3,0,6,2,97.86,0,Placed,8.74
STU0164,65.87,68.16,55.69,40.76,7.03,59.13,51.04,0,1,0,0,61.30,2,Not Placed,0
STU0165,59.78,69.07,72.68,41.75,7.50,54.90,74.23,1,1,0,0,75.64,1,Not Placed,0
STU0166,53.98,67.97,72.58,56.95,7.38,63.04,67.50,0,1,0,0,60.58,1,Not Placed,0
STU0167,52.41,72.37,71.90,51.15,6.03,61.21,72.17,1,0,0,0,78.64,2,Not Placed,0
STU0168,79.70,77.77,80.11,70.60,7.61,93.83,76.83,3,4,5,2,84.88,0,Placed,8.33
STU0169,55.63,67.88,68.10,51.64,5.70,60.41,63.44,1,0,0,0,69.87,0,Not Placed,0
STU0170,77.69,92.00,74.63,76.76,9.09,79.36,92.56,2,1,6,0,86.30,0,Placed,8.79
STU0171,54.81,70.26,74.79,59.18,7.61,54.37,53.16,1,0,0,0,78.58,2,Not Placed,0
STU0172,70.42,87.85,74.63,73.14,9.19,88.69,83.27,3,2,0,0,83.34,0,Placed,9.61
STU0173,57.62,73.79,73.90,63.70,7.40,61.48,60.19,1,0,0,0,63.91,0,Not Placed,0
STU0174,83.82,73.57,87.35,67.84,9.22,80.41,86.19,3,2,0,0,89.00,0,Placed,9.59
STU0175,75.35,88.93,93.32,78.35,8.27,88.60,90.38,2,1,0,0,85.26,0,Placed,8.27
STU0176,50.59,73.89,54.71,55.48,6.62,57.72,71.82,1,1,0,0,62.05,0,Not Placed,0
STU0177,72.78,73.15,84.95,82.57,9.38,80.53,83.66,3,2,0,1,98.20,0,Placed,11.35
STU0178,56.62,52.36,55.81,55.71,6.78,70.00,50.45,0,1,0,0,63.47,1,Not Placed,0
STU0179,94.52,94.97,80.32,67.03,7.70,84.65,80.74,0,0,9,1,90.24,0,Placed,6.37
STU0180,56.90,64.54,66.29,66.42,7.05,65.62,65.66,0,1,0,0,72.23,1,Not Placed,0
STU0181,86.16,73.18,85.80,78.75,9.24,82.43,79.41,1,3,0,0,84.82,0,Placed,8.61
STU0182,71.87,70.68,66.71,41.69,5.86,62.73,54.12,0,1,0,0,73.73,1,Not Placed,0
STU0183,89.75,89.77,88.29,94.02,8.55,77.48,74.34,3,4,0,0,96.40,0,Placed,8.41
STU0184,71.33,73.40,73.34,82.48,7.87,75.25,73.86,2,3,0,2,92.93,0,Placed,7.93
STU0185,89.12,74.32,74.47,77.54,8.85,92.53,82.78,2,1,0,1,89.82,0,Placed,9.77
STU0186,83.04,89.94,76.12,84.10,7.62,88.16,73.32,0,3,0,2,89.61,0,Placed,5.70
STU0187,83.72,92.27,84.04,88.59,8.29,75.68,73.82,1,4,0,2,88.86,0,Placed,6.99
STU0188,59.15,64.16,73.53,42.85,5.84,58.18,62.89,0,0,0,0,75.68,1,Not Placed,0
STU0189,90.22,85.80,94.43,85.88,8.29,92.86,75.44,2,3,0,0,98.68,0,Placed,8.29
STU0190,70.91,68.09,70.89,44.28,6.12,54.95,51.35,0,0,0,0,76.80,0,Not Placed,0
STU0191,78.16,88.80,83.60,78.24,7.90,93.22,72.55,2,4,6,0,95.97,0,Placed,7.53
STU0192,75.10,81.93,90.60,79.36,9.15,90.15,84.59,2,4,0,0,92.96,0,Placed,10.05
STU0193,71.34,60.04,60.28,66.20,5.82,59.40,58.14,1,0,0,0,76.28,0,Not Placed,0
STU0194,93.47,92.00,91.61,66.51,7.75,83.61,85.25,0,3,0,0,97.48,0,Placed,6.78
STU0195,82.74,94.83,86.43,83.22,8.59,81.45,75.54,1,3,5,0,95.31,0,Placed,7.91
STU0196,92.99,89.47,74.23,89.65,7.77,81.64,83.47,3,1,0,2,84.04,0,Placed,7.79
STU0197,71.62,84.61,78.34,75.69,8.73,89.24,85.59,0,0,0,1,91.38,0,Placed,8.53
STU0198,72.35,56.97,60.31,50.82,6.36,50.51,59.41,0,1,0,0,65.42,1,Not Placed,0
STU0199,88.71,85.04,77.65,65.99,9.45,93.75,89.95,1,3,0,0,85.83,0,Placed,9.94
STU0200,56.48,57.43,63.34,55.22,6.97,52.39,65.81,0,1,0,0,66.74,2,Not Placed,0
STU0201,67.95,63.00,58.92,50.95,5.61,58.79,52.24,1,1,0,0,76.60,1,Not Placed,0
STU0202,73.30,75.32,90.17,76.57,8.40,81.28,79.38,3,3,0,2,90.39,0,Placed,9.39
STU0203,79.60,73.44,93.05,75.35,7.88,91.80,73.52,3,2,0,1,92.30,0,Placed,8.85
STU0204,89.29,93.24,72.79,66.47,8.77,87.32,89.03,0,1,10,2,92.06,0,Placed,8.51
STU0205,66.17,69.76,73.65,42.61,7.13,61.26,64.41,1,0,0,0,76.88,0,Not Placed,0
STU0206,57.66,52.63,66.63,46.38,7.23,68.50,68.27,0,0,0,0,76.95,2,Not Placed,0
STU0207,71.25,51.81,59.60,60.05,6.98,61.74,68.03,0,1,0,0,75.89,0,Not Placed,0
STU0208,87.51,87.89,85.38,87.27,8.76,80.70,76.53,3,4,0,0,97.09,0,Placed,10.58
STU0209,62.68,65.67,67.56,66.59,7.68,52.95,54.33,0,1,0,0,78.63,1,Not Placed,0
STU0210,79.28,77.21,86.44,76.70,8.28,76.39,90.43,1,4,3,0,95.16,0,Placed,7.16
STU0211,69.57,57.42,58.75,43.41,7.10,65.41,74.79,0,0,0,0,76.56,1,Not Placed,0
STU0212,55.83,65.85,68.99,49.17,5.92,59.41,74.91,1,1,0,0,73.73,0,Not Placed,0
STU0213,68.64,53.35,55.03,67.52,5.54,52.57,55.65,1,1,0,0,70.52,1,Not Placed,0
STU0214,84.18,74.01,79.60,73.63,8.92,86.84,78.89,2,0,0,2,86.99,0,Placed,9.09
STU0215,91.24,92.00,78.31,90.25,9.50,76.46,84.94,3,3,0,1,83.16,0,Placed,10.55
STU0216,94.28,90.24,93.96,85.65,8.51,77.34,72.64,2,1,10,0,84.26,0,Placed,9.76
STU0217,52.61,70.02,57.94,65.00,7.41,50.78,68.01,1,0,0,0,75.66,1,Not Placed,0
STU0218,86.55,92.08,94.40,78.89,9.25,80.41,90.35,3,4,0,0,85.54,0,Placed,9.73
STU0219,80.24,88.90,74.27,89.34,9.16,78.59,72.49,0,4,0,0,81.76,0,Placed,8.56
STU0220,77.85,77.30,90.70,71.73,9.53,79.23,80.17,1,1,7,1,98.64,0,Placed,9.23
STU0221,53.32,61.21,70.08,67.64,7.51,54.97,69.30,1,0,0,0,78.30,2,Not Placed,0
STU0222,77.04,81.89,75.20,78.73,8.73,75.88,77.74,1,3,0,0,87.85,0,Placed,9.07
STU0223,90.31,89.29,77.29,74.97,9.85,88.64,84.56,0,1,0,2,94.20,0,Placed,9.56
STU0224,51.51,64.65,60.76,61.52,6.77,62.74,66.77,1,1,0,0,76.11,1,Not Placed,0
STU0225,61.22,65.74,68.19,51.71,7.37,58.43,64.71,0,0,0,0,75.80,1,Not Placed,0
STU0226,82.80,90.63,91.92,67.66,9.58,83.99,94.57,0,4,0,0,80.72,0,Placed,8.58
STU0227,70.33,80.00,76.58,94.52,9.19,75.69,88.91,0,3,0,1,92.19,0,Placed,9.62
STU0228,74.92,59.60,73.29,46.10,6.38,67.01,74.81,1,0,0,0,65.93,0,Not Placed,0
STU0229,87.01,74.73,79.91,65.42,9.06,89.53,72.05,2,0,0,0,87.63,0,Placed,8.77
STU0230,70.91,71.03,73.96,94.22,8.19,89.68,88.70,0,4,0,0,85.32,0,Placed,8.09
STU0231,67.85,67.81,60.05,65.27,7.64,66.07,50.16,0,1,0,0,73.69,2,Not Placed,0
STU0232,68.86,60.43,67.32,41.66,6.83,57.70,50.65,0,0,0,0,72.80,1,Not Placed,0
STU0233,55.05,53.18,59.66,46.50,5.78,67.20,51.63,1,0,0,0,63.57,0,Not Placed,0
STU0234,73.03,74.99,64.84,65.80,5.57,50.34,67.47,0,1,0,0,69.57,2,Not Placed,0
STU0235,84.10,94.91,88.37,76.40,9.46,88.10,72.43,3,2,0,1,89.41,0,Placed,10.05
STU0236,51.65,72.95,61.70,67.65,7.38,58.32,74.57,0,0,0,0,71.32,2,Not Placed,0
STU0237,77.49,74.36,89.67,86.86,9.56,89.12,86.32,2,1,0,2,82.36,0,Placed,9.97
STU0238,75.30,94.12,83.79,87.20,8.45,88.34,93.05,3,2,9,0,89.40,0,Placed,8.84
STU0239,85.61,79.99,86.50,78.85,8.15,79.61,71.91,3,2,0,1,97.31,0,Placed,7.83
STU0240,84.44,85.85,81.70,88.35,9.19,85.10,73.45,3,2,0,2,87.70,0,Placed,10.75
STU0241,76.55,81.49,80.72,81.29,7.92,91.84,70.22,0,4,0,1,83.96,0,Placed,7.85
STU0242,56.94,62.90,58.67,48.34,7.63,51.58,73.32,0,1,0,0,72.02,1,Not Placed,0
STU0243,61.91,52.18,50.17,58.79,7.70,58.14,63.25,0,1,0,0,77.23,1,Not Placed,0
STU0244,52.62,51.61,65.25,56.38,6.95,56.08,65.45,1,1,0,0,66.20,0,Not Placed,0
STU0245,78.02,87.02,91.71,68.13,9.73,83.75,90.59,1,2,0,1,84.21,0,Placed,9.62
STU0246,75.72,94.12,71.26,86.94,9.38,79.71,81.73,3,3,0,2,87.39,0,Placed,10.48
STU0247,85.40,76.55,70.74,66.11,8.74,78.34,74.08,2,2,0,1,86.17,0,Placed,9.36
STU0248,80.39,94.79,84.08,93.55,9.53,82.79,71.74,1,4,0,1,81.85,0,Placed,9.68
STU0249,67.74,50.96,59.19,52.76,6.41,63.94,74.12,1,0,0,0,76.96,0,Not Placed,0
STU0250,54.17,62.89,54.63,60.63,6.94,61.35,71.15,0,0,0,0,66.22,2,Not Placed,0
STU0251,61.83,55.36,60.07,62.06,6.01,58.99,72.41,0,0,0,0,66.30,1,Not Placed,0
STU0252,75.78,82.95,78.66,67.59,9.25,78.64,85.97,0,3,0,1,95.03,0,Placed,8.70
STU0253,78.16,76.49,70.56,81.49,8.21,88.20,88.85,0,3,0,0,94.40,0,Placed,6.54
STU0254,94.66,85.67,71.44,70.18,9.57,87.81,93.28,1,2,2,2,95.69,0,Placed,9.45
STU0255,84.74,82.41,94.08,65.24,8.04,75.02,76.59,3,0,6,1,90.67,0,Placed,8.92
STU0256,73.00,77.05,70.66,82.10,9.68,91.11,92.77,1,2,0,0,94.33,0,Placed,10.59
STU0257,75.22,90.44,84.92,90.09,8.92,85.21,78.39,3,1,11,1,80.61,0,Placed,9.53
STU0258,88.58,94.44,90.89,68.18,8.76,84.04,85.33,2,1,0,1,82.24,0,Placed,8.19
STU0259,66.81,54.20,64.42,66.94,5.83,68.12,53.57,1,1,0,0,76.29,1,Not Placed,0
STU0260,81.24,94.84,90.88,65.00,9.38,80.32,90.90,0,4,0,0,94.02,0,Placed,9.47
STU0261,90.75,90.59,70.06,70.99,9.69,89.75,73.36,2,4,0,2,87.33,0,Placed,11.29
STU0262,85.32,84.52,87.52,72.12,7.53,92.24,82.35,2,0,0,1,89.49,0,Placed,7.35
STU0263,78.59,77.72,87.64,67.86,9.21,86.97,73.24,1,0,0,1,83.36,0,Placed,10.23
STU0264,58.25,65.03,74.44,67.24,6.67,57.05,50.35,1,1,0,0,60.44,1,Not Placed,0
STU0265,59.98,50.39,54.57,67.68,6.00,63.01,73.72,0,0,0,0,66.50,2,Not Placed,0
STU0266,59.26,50.69,62.73,53.91,7.56,67.86,50.19,0,0,0,0,73.05,0,Not Placed,0
STU0267,55.71,70.39,72.13,62.84,5.79,67.62,51.04,1,1,0,0,60.22,0,Not Placed,0
STU0268,88.72,74.22,86.87,77.97,9.30,87.65,70.16,0,4,0,2,82.44,0,Placed,8.51
STU0269,61.35,66.22,59.99,53.26,6.17,58.53,64.81,1,1,0,0,64.73,0,Not Placed,0
STU0270,79.69,82.03,84.04,81.79,8.25,81.26,80.97,0,3,0,2,98.33,0,Placed,6.79
STU0271,91.47,73.11,72.81,85.50,8.78,84.54,82.41,1,0,0,2,97.03,0,Placed,8.66
STU0272,85.94,83.16,76.76,78.04,8.16,94.29,83.27,1,0,0,0,82.82,0,Placed,7.34
STU0273,73.91,57.07,50.71,45.54,5.67,66.12,62.90,1,1,0,0,76.81,2,Not Placed,0
STU0274,73.37,83.69,83.89,92.15,9.45,87.34,94.11,1,2,0,2,92.26,0,Placed,10.50
STU0275,81.87,76.57,88.76,84.41,9.42,92.00,74.78,0,0,0,1,82.80,0,Placed,8.92
STU0276,90.26,90.59,84.00,65.67,7.79,78.09,81.02,0,4,0,0,92.27,0,Placed,6.39
STU0277,81.01,93.19,92.65,66.55,9.36,86.14,94.15,0,0,0,1,96.93,0,Placed,9.26
STU0278,60.40,64.70,52.89,58.70,6.49,63.24,71.73,0,1,0,0,74.87,0,Not Placed,0
STU0279,88.61,73.79,87.22,70.26,9.71,80.69,71.72,2,1,0,0,87.81,0,Placed,10.84
STU0280,76.91,77.75,84.00,71.53,8.95,76.50,75.99,3,0,0,1,98.09,0,Placed,10.71
STU0281,52.95,69.81,55.38,41.26,7.55,58.62,51.11,0,0,0,0,75.42,0,Not Placed,0
STU0282,89.50,81.58,77.58,88.25,9.58,91.24,72.87,3,3,0,0,86.80,0,Placed,10.65
STU0283,55.73,60.75,74.03,66.23,7.10,63.98,69.74,1,1,0,0,68.25,2,Not Placed,0
STU0284,78.54,73.08,90.92,65.14,8.30,75.41,89.05,1,4,0,0,88.89,0,Placed,7.05
STU0285,63.99,54.90,59.67,60.90,7.78,59.65,64.93,0,0,0,0,60.59,2,Not Placed,0
STU0286,72.73,70.87,89.62,66.71,9.35,91.48,82.38,3,0,0,0,93.13,0,Placed,9.67
STU0287,82.43,73.50,90.27,81.69,7.82,80.08,82.68,0,2,9,2,80.46,0,Placed,7.40
STU0288,75.50,86.61,80.62,78.20,9.19,75.15,88.68,2,4,0,0,93.24,0,Placed,8.95
STU0289,69.27,66.01,66.64,66.21,7.86,63.86,63.25,0,0,0,0,66.30,1,Not Placed,0
STU0290,65.28,55.04,55.53,62.99,6.61,50.20,71.01,1,1,0,0,78.44,1,Not Placed,0
STU0291,75.09,94.93,84.75,90.28,9.71,79.13,86.62,0,0,0,0,91.20,0,Placed,8.66
STU0292,90.74,70.45,94.82,80.16,8.18,87.06,74.91,3,1,0,1,94.65,0,Placed,9.52
STU0293,78.94,87.95,70.98,76.56,8.60,79.48,92.99,1,3,0,1,83.74,0,Placed,8.64
STU0294,71.83,84.85,93.40,67.86,7.67,89.63,80.77,0,4,0,1,81.46,0,Placed,7.34
STU0295,79.92,72.77,92.95,79.47,8.58,94.28,80.72,1,4,0,1,85.01,0,Placed,7.74
STU0296,91.64,87.60,86.71,78.01,9.61,87.21,71.17,1,0,3,1,80.77,0,Placed,10.21
STU0297,72.16,66.60,70.84,58.56,6.25,62.55,57.90,0,0,0,0,67.93,0,Not Placed,0
STU0298,72.16,90.63,79.11,88.92,8.56,76.33,79.03,1,4,0,2,96.74,0,Placed,9.27
STU0299,70.03,86.94,71.62,78.75,9.87,88.53,74.37,1,0,0,0,95.31,0,Placed,10.64
STU0300,71.30,87.92,73.82,82.28,7.98,91.66,75.82,1,4,0,1,90.38,0,Placed,6.68
STU0301,53.53,62.76,55.36,62.27,5.63,65.73,55.24,0,1,0,0,72.38,0,Not Placed,0
STU0302,59.83,61.65,59.59,41.68,7.76,65.52,57.23,1,0,0,0,71.44,1,Not Placed,0
STU0303,70.17,61.48,56.43,46.49,6.48,50.69,64.73,0,0,0,0,61.29,0,Not Placed,0
STU0304,71.84,85.19,74.29,69.08,9.03,94.20,80.69,1,0,0,1,83.77,0,Placed,8.93
STU0305,59.45,61.88,54.87,55.27,7.75,51.89,61.65,0,0,0,0,72.24,1,Not Placed,0
STU0306,66.62,71.95,74.45,42.71,7.67,59.89,64.42,1,0,0,0,77.43,0,Placed,6.98
STU0307,65.33,66.35,74.25,48.96,7.73,67.38,67.97,0,1,0,0,63.47,0,Not Placed,0
STU0308,50.26,74.15,71.25,57.17,5.63,69.23,53.34,0,0,0,0,71.06,2,Not Placed,0
STU0309,81.10,83.57,84.13,66.48,7.90,85.70,75.62,1,0,0,1,94.47,0,Placed,8.28
STU0310,77.20,93.58,90.35,90.49,7.85,75.89,88.98,3,3,0,2,95.02,0,Placed,8.72
STU0311,68.56,65.47,62.37,64.97,7.49,55.85,50.81,0,0,0,0,68.16,2,Not Placed,0
STU0312,72.44,77.34,80.36,88.97,8.36,79.80,75.48,1,0,0,1,91.11,0,Placed,8.15
STU0313,59.46,64.10,52.61,60.51,6.80,55.61,74.17,0,1,0,0,69.57,2,Not Placed,0
STU0314,82.30,70.17,70.88,89.29,9.22,82.30,83.64,1,2,0,0,81.21,0,Placed,9.25
STU0315,60.51,59.10,51.99,58.34,7.87,64.71,61.93,1,1,0,0,69.25,1,Not Placed,0
STU0316,83.29,70.32,75.92,68.84,8.17,75.39,92.38,1,1,0,0,80.78,0,Placed,8.72
STU0317,92.63,70.20,86.30,69.24,9.25,91.14,82.51,1,3,0,0,90.63,0,Placed,9.19
STU0318,89.82,75.26,92.50,72.87,7.51,86.00,88.78,1,4,0,1,94.25,0,Placed,6.71
STU0319,74.34,91.86,80.86,87.64,9.30,84.99,76.21,1,4,0,0,83.34,0,Placed,9.09
STU0320,68.98,53.41,71.05,51.96,7.60,55.93,56.66,0,1,0,0,61.97,0,Not Placed,0
STU0321,80.99,94.32,93.05,82.06,7.77,76.74,73.83,1,4,0,0,87.95,0,Placed,7.73
STU0322,89.71,75.39,91.65,70.92,9.81,78.98,71.25,3,2,0,2,87.71,0,Placed,10.48
STU0323,86.33,91.61,70.86,80.87,9.39,83.50,86.13,1,0,0,2,80.15,0,Placed,9.24
STU0324,79.96,73.95,80.45,91.37,9.37,76.22,81.95,0,1,0,1,82.04,0,Placed,8.85
STU0325,88.86,78.13,80.57,69.84,9.10,81.97,81.14,3,4,0,1,84.88,0,Placed,10.83
STU0326,75.43,75.64,77.26,73.57,7.69,90.37,71.43,1,1,0,0,92.58,0,Placed,6.18
STU0327,56.07,55.14,69.64,69.93,6.23,53.40,66.45,1,0,0,0,64.21,1,Not Placed,0
STU0328,70.77,58.21,67.22,60.66,7.67,63.44,65.45,1,0,0,0,61.60,2,Not Placed,0
STU0329,81.44,91.99,75.81,94.00,9.36,88.44,70.61,2,2,0,1,80.48,0,Placed,10.38
STU0330,66.11,53.31,69.74,49.47,7.56,62.60,69.16,0,0,0,0,77.05,1,Not Placed,0
STU0331,73.24,72.62,76.44,71.48,7.65,82.04,89.06,3,3,0,0,93.13,0,Placed,7.93
STU0332,64.60,60.75,54.46,40.23,7.84,61.34,60.28,1,1,0,0,63.18,0,Placed,7.06
STU0333,74.67,57.21,52.68,57.96,6.51,54.74,62.54,0,0,0,0,70.33,0,Not Placed,0
STU0334,51.65,68.92,53.66,59.38,7.89,53.69,53.98,1,0,0,0,70.61,1,Not Placed,0
STU0335,75.99,88.96,72.37,89.38,9.54,87.84,93.62,0,3,1,2,94.51,0,Placed,9.72
STU0336,77.45,71.03,72.21,65.29,8.19,87.78,72.12,1,2,0,2,94.36,0,Placed,8.47
STU0337,93.46,83.76,78.37,68.52,8.67,75.41,74.76,2,2,0,0,94.09,0,Placed,9.80
STU0338,91.46,74.32,87.89,80.19,8.14,91.18,89.53,0,2,1,1,80.71,0,Placed,7.45
STU0339,85.39,82.91,93.39,88.34,9.27,75.27,71.41,0,3,0,2,97.55,0,Placed,9.85
STU0340,56.87,57.33,72.02,69.43,7.84,57.37,67.76,0,0,0,0,61.62,2,Not Placed,0
STU0341,81.20,82.05,73.97,87.66,9.21,79.45,86.71,2,2,0,2,94.09,0,Placed,9.68
STU0342,88.96,72.75,93.85,65.13,7.55,93.56,92.45,1,4,0,2,91.05,0,Placed,6.75
STU0343,73.00,94.89,72.45,89.38,8.64,79.56,71.84,0,3,0,1,91.59,0,Placed,8.61
STU0344,94.06,79.97,79.68,76.48,8.54,83.48,82.61,0,3,0,2,98.03,0,Placed,8.49
STU0345,74.04,84.72,78.15,68.09,8.48,86.29,76.91,2,1,0,1,89.22,0,Placed,7.86
STU0346,75.30,92.27,82.08,68.41,8.32,89.89,89.56,0,0,7,2,82.34,0,Placed,8.19
STU0347,86.63,83.11,78.86,77.12,8.32,89.67,78.84,1,2,0,1,94.45,0,Placed,8.50
STU0348,82.79,85.98,70.45,74.34,8.77,85.28,93.78,2,3,1,0,98.38,0,Placed,9.63
STU0349,89.61,86.00,92.04,66.69,7.62,82.95,74.17,1,2,0,0,96.12,0,Placed,7.88
STU0350,90.93,73.05,81.18,81.46,8.23,89.58,91.34,2,3,0,0,91.25,0,Placed,7.42
STU0351,73.97,58.76,58.74,55.65,6.17,63.03,63.33,1,1,0,0,76.19,1,Not Placed,0
STU0352,63.96,66.73,57.92,40.62,6.92,68.10,74.39,0,1,0,0,68.82,1,Not Placed,0
STU0353,70.52,84.32,91.97,77.25,8.34,86.60,80.20,1,3,2,1,93.86,0,Placed,7.14
STU0354,83.15,70.90,93.52,67.04,8.30,76.64,77.57,2,1,0,2,88.67,0,Placed,8.45
STU0355,75.63,77.74,92.06,84.17,8.85,82.23,72.53,3,3,0,2,83.01,0,Placed,9.86
STU0356,70.87,70.87,75.03,71.50,8.55,75.43,72.42,3,2,0,1,93.09,0,Placed,9.65
STU0357,80.84,70.59,70.18,83.95,9.29,88.93,81.76,0,3,0,1,90.89,0,Placed,8.85
STU0358,65.25,69.54,72.92,47.48,7.59,61.99,55.13,1,1,0,0,74.52,0,Placed,6.38
STU0359,56.91,56.17,73.06,56.70,6.20,64.41,71.92,1,0,0,0,60.03,1,Not Placed,0
STU0360,66.70,70.33,65.56,62.47,6.80,50.10,56.15,1,0,0,0,66.44,0,Not Placed,0
STU0361,84.32,76.84,92.52,76.82,8.12,91.71,77.74,2,4,0,2,84.04,0,Placed,7.73
STU0362,73.38,62.22,50.10,56.91,7.11,61.18,59.63,0,1,0,0,70.22,2,Not Placed,0
STU0363,93.40,74.32,75.21,88.36,7.73,81.60,75.58,3,0,0,2,82.72,0,Placed,7.97
STU0364,70.40,61.56,58.07,51.72,6.74,56.15,66.05,1,0,0,0,67.86,2,Not Placed,0
STU0365,57.90,55.18,66.21,57.69,6.87,50.57,60.70,1,0,0,0,68.23,2,Not Placed,0
STU0366,84.00,81.96,71.08,84.33,9.35,91.73,74.47,0,2,6,1,84.85,0,Placed,9.81
STU0367,66.28,65.83,68.98,47.12,6.37,57.42,57.70,1,1,0,0,70.80,2,Not Placed,0
STU0368,52.85,74.17,60.49,46.08,7.44,50.27,65.60,1,0,0,0,63.07,2,Not Placed,0
STU0369,81.81,94.08,72.07,72.74,8.16,84.57,82.18,1,1,0,1,86.74,0,Placed,6.97
STU0370,70.91,72.36,59.54,57.46,6.10,65.99,74.19,0,1,0,0,66.05,0,Not Placed,0
STU0371,72.98,71.17,78.31,83.05,9.31,90.31,87.69,3,4,0,0,88.41,0,Placed,11.11
STU0372,54.17,70.59,60.85,63.61,6.44,56.45,60.45,0,1,0,0,68.91,2,Not Placed,0
STU0373,86.43,75.72,88.61,86.23,8.29,87.26,92.60,3,4,0,2,92.44,0,Placed,8.64
STU0374,74.21,55.10,54.03,46.63,6.05,53.14,58.06,0,1,0,0,73.76,2,Not Placed,0
STU0375,88.72,84.56,85.40,90.16,8.43,85.37,80.42,3,3,10,0,94.86,0,Placed,9.75
STU0376,94.84,86.20,77.92,87.52,8.97,85.73,74.25,0,3,4,0,80.18,0,Placed,9.23
STU0377,58.79,51.93,68.36,40.96,6.61,64.97,58.23,0,0,0,0,77.96,2,Not Placed,0
STU0378,91.10,88.25,73.01,86.10,7.61,89.86,76.71,1,1,0,1,93.51,0,Placed,6.66
STU0379,84.12,77.90,86.55,84.11,9.36,78.89,70.41,2,1,0,0,96.52,0,Placed,10.88
STU0380,77.29,78.02,74.55,87.30,9.17,93.60,76.04,0,3,0,0,82.29,0,Placed,8.37
STU0381,50.43,57.68,56.38,68.80,5.82,50.67,58.44,1,0,0,0,71.07,2,Not Placed,0
STU0382,81.85,85.74,82.82,89.86,7.97,77.11,88.79,1,4,0,2,82.21,0,Placed,7.42
STU0383,71.60,73.89,51.64,52.11,5.87,53.29,67.08,0,0,0,0,71.95,1,Not Placed,0
STU0384,56.26,61.05,65.34,62.28,6.54,54.99,68.69,0,1,0,0,61.81,2,Not Placed,0
STU0385,55.09,55.70,50.86,62.62,5.78,52.31,68.78,1,0,0,0,70.60,1,Not Placed,0
STU0386,63.55,71.83,52.11,66.52,7.38,55.90,70.49,0,0,0,0,67.87,0,Not Placed,0
STU0387,72.57,70.33,72.53,45.76,7.50,54.84,69.60,1,1,0,0,63.19,1,Not Placed,0
STU0388,94.55,82.33,78.34,80.80,7.78,87.81,88.65,1,3,0,0,87.90,0,Placed,7.63
STU0389,66.74,64.63,61.36,55.42,7.43,53.22,73.52,0,1,0,0,67.62,2,Not Placed,0
STU0390,69.34,66.91,63.30,43.07,7.70,56.60,72.89,1,1,0,0,73.23,0,Not Placed,0
STU0391,85.03,86.88,82.95,76.39,8.94,93.12,85.82,3,4,4,2,85.40,0,Placed,9.30
STU0392,70.16,82.05,74.95,68.02,9.70,79.55,85.06,2,1,0,1,94.56,0,Placed,11.41
STU0393,71.56,52.44,53.38,43.91,5.60,68.47,53.58,1,1,0,0,74.72,1,Not Placed,0
STU0394,87.20,71.31,73.28,77.47,8.54,83.96,76.77,2,3,0,2,95.70,0,Placed,8.10
STU0395,93.48,82.25,92.22,84.69,8.05,86.61,94.34,3,0,0,1,81.10,0,Placed,8.49
STU0396,70.40,73.25,90.98,90.53,7.79,87.20,87.85,2,0,0,0,90.66,0,Placed,6.69
STU0397,78.81,94.72,86.70,82.84,8.98,94.94,88.21,0,1,7,1,84.58,0,Placed,8.03
STU0398,85.06,84.73,71.88,65.58,9.79,85.14,75.81,1,3,0,2,89.14,0,Placed,10.64
STU0399,65.61,66.65,53.75,44.02,7.02,65.63,67.96,0,0,0,0,67.10,0,Not Placed,0
STU0400,70.24,62.64,71.31,43.62,7.43,51.31,71.81,0,0,0,0,64.79,0,Not Placed,0
STU0401,91.72,79.90,71.37,70.56,7.88,80.53,72.60,1,2,0,0,90.35,0,Placed,6.70
STU0402,88.35,72.34,84.69,94.98,7.74,93.07,88.44,0,4,0,0,86.10,0,Placed,7.52
STU0403,74.92,62.13,50.79,53.13,7.63,65.30,63.29,0,1,0,0,64.94,1,Not Placed,0
STU0404,72.65,91.60,76.30,76.09,7.75,94.34,93.33,1,4,0,1,89.42,0,Placed,7.42
STU0405,92.01,89.62,74.59,92.89,9.56,83.05,70.94,2,0,0,2,81.29,0,Placed,10.82
STU0406,80.94,87.97,90.95,65.52,9.80,77.68,73.89,2,2,0,2,81.25,0,Placed,10.53
STU0407,82.81,89.40,82.29,74.44,9.67,76.23,70.83,1,2,0,2,96.05,0,Placed,9.04
STU0408,66.92,59.59,59.61,57.50,7.88,54.44,52.91,1,1,0,0,67.33,2,Not Placed,0
STU0409,77.10,72.10,71.74,76.65,8.83,90.54,84.16,3,2,0,2,95.67,0,Placed,9.24
STU0410,81.62,94.67,84.56,93.75,9.26,82.22,79.35,1,4,0,0,84.63,0,Placed,10.18
STU0411,65.28,66.56,64.08,54.82,6.69,69.36,53.25,1,0,0,0,77.18,2,Not Placed,0
STU0412,88.52,85.81,89.02,77.60,8.77,90.29,90.40,1,0,0,1,85.65,0,Placed,7.78
STU0413,73.89,91.85,80.93,88.44,7.51,80.91,85.12,3,3,0,0,94.90,0,Placed,7.24
STU0414,86.54,88.48,86.30,71.43,9.06,79.65,83.40,2,3,0,0,92.36,0,Placed,10.42
STU0415,84.22,75.64,80.50,89.99,9.37,88.96,90.02,0,0,3,1,92.47,0,Placed,9.82
STU0416,74.28,57.43,57.11,48.70,6.57,63.37,71.99,0,1,0,0,64.90,2,Not Placed,0
STU0417,89.34,90.44,91.42,88.62,8.11,88.00,79.84,0,4,9,0,98.25,0,Placed,7.50
STU0418,72.16,75.61,81.73,84.56,9.73,75.09,86.12,2,4,9,0,95.69,0,Placed,10.94
STU0419,58.92,50.04,60.98,48.67,5.77,65.69,55.82,0,1,0,0,76.10,0,Not Placed,0
STU0420,70.71,85.41,72.56,66.99,8.23,77.46,89.88,1,4,0,0,86.62,0,Placed,7.94
STU0421,90.57,73.02,70.79,76.21,9.34,86.80,73.03,1,2,0,2,97.86,0,Placed,8.97
STU0422,78.11,76.74,70.92,81.93,8.95,84.21,93.96,1,0,0,1,89.65,0,Placed,9.48
STU0423,68.61,65.43,54.97,62.35,7.55,55.78,69.36,0,1,0,0,74.95,0,Not Placed,0
STU0424,78.00,81.81,80.58,86.15,9.63,82.56,82.00,3,2,0,2,80.81,0,Placed,11.02
STU0425,79.14,76.78,74.69,84.23,8.31,85.91,72.64,0,1,0,1,95.51,0,Placed,7.06
STU0426,66.48,67.54,63.74,56.12,6.68,58.11,71.56,1,1,0,0,70.15,1,Not Placed,0
STU0427,93.08,81.28,88.26,77.26,8.36,85.41,75.54,0,2,0,2,90.30,0,Placed,7.95
STU0428,92.45,74.69,74.52,94.85,7.93,80.38,70.56,0,2,0,1,84.03,0,Placed,6.54
STU0429,93.17,78.43,81.16,76.83,8.73,91.74,82.30,1,2,1,2,82.84,0,Placed,8.39
STU0430,65.44,55.09,58.45,59.89,6.04,59.22,71.27,0,0,0,0,70.87,2,Not Placed,0
STU0431,70.11,72.66,58.34,41.41,5.62,53.40,52.71,1,1,0,0,60.10,2,Not Placed,0
STU0432,82.64,71.61,78.00,89.32,7.75,87.92,90.33,1,1,0,2,96.72,0,Placed,6.38
STU0433,51.29,68.89,63.03,60.00,7.01,56.21,69.26,1,0,0,0,69.33,2,Not Placed,0
STU0434,87.73,89.05,93.69,91.93,9.72,90.24,91.92,1,0,4,2,98.85,0,Placed,9.25
STU0435,94.68,88.09,77.04,79.26,8.37,82.20,89.57,2,1,0,1,83.61,0,Placed,8.37
STU0436,92.77,75.29,88.35,90.50,9.01,75.95,94.28,3,2,0,1,80.90,0,Placed,9.59
STU0437,62.09,74.50,71.20,61.48,5.82,59.58,52.54,1,1,0,0,66.67,0,Not Placed,0
STU0438,50.96,59.85,50.24,55.75,7.19,57.14,64.57,0,0,0,0,60.86,1,Not Placed,0
STU0439,54.08,73.22,72.42,45.49,7.47,69.99,73.72,1,0,0,0,61.43,1,Not Placed,0
STU0440,85.58,86.27,83.19,74.49,9.83,79.94,82.39,0,0,0,1,94.65,0,Placed,10.39
STU0441,51.16,53.11,71.08,46.89,7.47,53.55,65.40,0,1,0,0,74.12,1,Not Placed,0
STU0442,61.77,69.31,72.40,44.37,7.15,60.66,60.06,0,1,0,0,77.53,0,Not Placed,0
STU0443,92.19,84.41,73.05,89.89,8.46,81.31,70.09,1,4,0,0,80.32,0,Placed,7.30
STU0444,79.22,87.16,74.98,65.18,7.53,92.57,86.31,1,0,0,0,83.67,0,Placed,7.33
STU0445,56.10,55.13,59.11,46.20,5.79,57.39,72.10,1,0,0,0,70.40,2,Not Placed,0
STU0446,66.35,62.97,56.45,50.04,6.73,56.15,73.02,1,0,0,0,66.65,2,Not Placed,0
STU0447,94.09,83.54,88.33,87.29,9.73,75.04,79.00,2,2,9,1,93.70,0,Placed,11.12
STU0448,78.53,92.39,93.74,71.70,9.80,79.85,80.32,1,3,0,0,87.42,0,Placed,9.77
STU0449,89.06,86.55,79.45,71.15,9.06,79.55,70.89,1,3,8,1,93.96,0,Placed,8.34
STU0450,59.49,55.50,72.23,68.75,6.28,57.22,63.02,0,1,0,0,76.04,1,Not Placed,0
STU0451,69.18,57.19,63.95,63.65,7.77,58.18,64.95,1,1,0,0,67.73,1,Not Placed,0
STU0452,92.71,90.73,83.67,85.51,8.95,83.43,78.08,3,0,10,2,84.38,0,Placed,9.78
STU0453,70.16,58.96,51.19,52.12,5.59,56.36,51.66,0,1,0,0,65.71,2,Not Placed,0
STU0454,51.49,51.22,73.36,53.96,6.11,59.10,59.27,0,1,0,0,70.07,2,Not Placed,0
STU0455,58.55,51.33,64.17,45.61,5.96,64.15,67.22,0,1,0,0,66.94,0,Not Placed,0
STU0456,91.43,74.13,88.07,77.92,8.27,94.73,74.48,0,0,0,0,98.77,0,Placed,7.78
STU0457,51.48,71.60,65.98,59.66,6.69,50.90,72.77,1,0,0,0,69.53,0,Not Placed,0
STU0458,51.38,61.99,61.62,57.78,6.07,62.56,54.86,1,0,0,0,75.87,2,Not Placed,0
STU0459,64.68,60.43,71.64,48.32,6.62,58.90,74.16,0,0,0,0,72.45,2,Not Placed,0
STU0460,86.73,88.58,77.73,67.64,9.04,84.06,94.94,1,2,0,1,98.05,0,Placed,9.98
STU0461,93.86,80.10,74.28,86.51,7.72,91.49,77.40,2,1,1,0,85.67,0,Placed,6.84
STU0462,89.59,72.48,92.29,93.84,9.24,89.91,71.73,2,3,0,2,89.49,0,Placed,8.94
STU0463,74.22,71.64,64.86,45.56,6.04,58.25,71.73,0,1,0,0,65.56,2,Not Placed,0
STU0464,94.38,71.29,92.44,80.34,9.84,81.18,91.12,1,4,0,0,82.71,0,Placed,9.73
STU0465,73.83,65.51,50.59,56.78,6.11,52.08,50.48,0,0,0,0,63.88,2,Not Placed,0
STU0466,90.26,94.63,85.45,81.46,7.76,84.07,88.44,2,0,0,2,92.38,0,Placed,7.26
STU0467,62.32,53.65,71.73,62.42,6.27,53.71,64.26,1,1,0,0,75.34,0,Not Placed,0
STU0468,73.74,57.35,62.35,52.11,7.49,68.09,71.35,1,1,0,0,75.63,2,Not Placed,0
STU0469,87.75,74.59,92.18,85.13,7.99,83.68,89.10,1,3,0,0,90.93,0,Placed,6.54
STU0470,51.80,56.52,53.63,50.60,7.01,68.84,54.37,0,1,0,0,66.57,2,Not Placed,0
STU0471,58.66,71.81,68.89,40.49,7.14,63.54,67.43,0,0,0,0,78.34,2,Not Placed,0
STU0472,86.40,72.19,77.03,72.92,8.89,80.66,78.21,0,3,0,0,85.58,0,Placed,9.21
STU0473,74.49,85.00,77.68,74.44,8.13,79.18,80.69,2,0,0,0,94.10,0,Placed,7.47
STU0474,73.14,57.91,58.57,69.95,6.78,61.19,56.34,1,1,0,0,71.16,1,Not Placed,0
STU0475,53.38,65.39,64.48,62.96,5.52,68.68,51.28,1,0,0,0,75.61,1,Not Placed,0
STU0476,70.19,74.21,51.93,50.52,5.80,60.07,63.36,0,0,0,0,73.50,1,Not Placed,0
STU0477,70.70,76.96,87.64,77.32,8.48,93.87,80.15,1,0,9,1,92.73,0,Placed,7.87
STU0478,52.67,70.13,63.93,53.57,5.88,60.07,73.40,1,1,0,0,77.03,1,Not Placed,0
STU0479,88.07,78.09,84.85,88.14,8.62,82.68,77.38,3,0,0,0,88.72,0,Placed,10.15
STU0480,72.76,63.03,63.08,58.75,7.70,68.92,51.51,1,1,0,0,62.44,0,Placed,7.98
STU0481,71.83,72.81,86.81,85.72,9.00,83.44,92.21,3,0,0,0,80.10,0,Placed,9.89
STU0482,77.57,85.52,84.92,81.14,9.17,92.75,85.08,1,3,0,1,90.50,0,Placed,10.10
STU0483,81.84,93.74,70.12,89.24,8.36,89.24,91.92,3,2,5,1,86.49,0,Placed,9.49
STU0484,91.45,84.67,74.60,93.01,9.36,90.59,88.68,2,4,0,1,94.23,0,Placed,10.08
STU0485,87.69,78.35,91.73,78.09,9.18,92.91,79.05,1,0,0,0,97.54,0,Placed,10.21
STU0486,56.66,71.85,53.85,55.01,6.28,53.63,62.96,1,1,0,0,62.28,0,Not Placed,0
STU0487,71.96,65.42,71.05,52.81,7.63,57.43,68.96,0,1,0,0,69.54,1,Not Placed,0
STU0488,57.95,63.62,57.57,49.45,7.79,60.00,65.75,0,1,0,0,63.85,1,Not Placed,0
STU0489,83.13,71.10,89.49,66.93,9.75,86.26,84.28,0,3,0,1,90.07,0,Placed,9.76
STU0490,79.18,85.54,90.26,91.19,8.62,91.43,73.22,1,4,0,0,86.63,0,Placed,8.39
STU0491,93.83,88.53,86.69,92.26,8.35,92.57,84.33,1,1,0,2,91.78,0,Placed,7.45
STU0492,78.26,93.07,81.98,67.72,8.78,85.01,78.83,3,2,0,1,85.73,0,Placed,10.16
STU0493,86.04,88.05,93.98,73.91,8.54,77.10,84.03,2,4,0,1,89.08,0,Placed,7.96
STU0494,88.89,80.67,71.34,88.77,9.05,87.32,77.34,1,2,0,1,90.35,0,Placed,8.10
STU0495,90.30,92.58,94.46,81.27,7.65,92.00,80.28,1,3,0,2,98.58,0,Placed,7.15
STU0496,55.28,60.35,55.74,65.39,6.55,58.26,56.23,0,1,0,0,63.84,2,Not Placed,0
STU0497,62.09,66.76,56.34,57.08,7.19,64.98,62.56,1,1,0,0,65.38,1,Not Placed,0
STU0498,80.48,88.64,91.68,85.69,7.74,78.82,91.50,0,0,2,2,86.47,0,Placed,6.50
STU0499,73.60,78.89,79.93,74.48,9.16,91.13,93.68,1,0,0,1,80.46,0,Placed,9.71
STU0500,53.62,69.22,70.49,48.80,5.52,56.19,74.30,0,1,0,0,65.27,0,Not Placed,0
STU0501,65.25,65.44,61.19,68.53,7.47,69.70,52.27,1,0,0,0,68.68,1,Not Placed,0
STU0502,91.81,82.52,72.50,69.27,9.10,90.43,76.47,0,0,0,0,83.36,0,Placed,8.42
STU0503,73.77,69.93,57.52,65.11,7.55,66.90,64.69,0,1,0,0,64.62,1,Not Placed,0
STU0504,67.89,67.49,72.35,42.29,7.72,57.98,74.38,0,0,0,0,67.79,2,Not Placed,0
STU0505,56.03,54.38,63.26,59.45,6.94,51.88,51.57,0,1,0,0,66.77,2,Not Placed,0
STU0506,73.78,70.33,68.70,63.63,5.66,68.90,57.06,1,0,0,0,60.18,0,Not Placed,0
STU0507,55.72,72.39,51.30,68.46,5.54,65.69,54.98,1,0,0,0,72.54,1,Not Placed,0
STU0508,62.30,66.40,64.48,57.84,5.88,64.50,70.23,0,1,0,0,76.57,2,Not Placed,0
STU0509,76.78,93.60,88.58,94.50,9.46,88.50,82.74,1,0,0,2,87.30,0,Placed,9.86
STU0510,79.70,70.19,73.12,83.08,9.27,81.69,92.80,2,2,0,1,86.85,0,Placed,9.81
STU0511,66.06,56.41,67.04,53.91,5.56,53.54,69.80,1,1,0,0,72.40,1,Not Placed,0
STU0512,81.18,78.17,76.37,73.68,9.59,80.39,93.37,2,0,0,2,94.51,0,Placed,9.57
STU0513,72.90,50.14,69.82,51.89,6.26,51.67,50.62,1,1,0,0,78.82,1,Not Placed,0
STU0514,73.94,84.87,77.66,93.78,9.79,75.17,82.50,2,2,0,1,80.95,0,Placed,11.62
STU0515,87.79,91.89,85.21,74.11,9.12,86.82,82.59,2,4,0,0,84.44,0,Placed,9.92
STU0516,71.38,86.95,78.19,75.53,7.94,80.32,71.47,0,3,0,0,92.49,0,Placed,6.46
STU0517,58.15,54.63,69.37,45.71,6.19,64.67,74.39,0,0,0,0,72.02,2,Not Placed,0
STU0518,70.21,73.22,71.44,40.56,5.62,63.08,50.61,1,0,0,0,77.22,2,Not Placed,0
STU0519,92.42,74.35,87.03,68.56,9.73,87.33,84.67,1,1,0,2,98.78,0,Placed,9.96
STU0520,66.86,57.60,73.46,47.20,7.56,60.13,64.92,1,1,0,0,76.00,0,Not Placed,0
STU0521,59.55,60.35,50.41,61.66,6.76,62.12,51.88,0,0,0,0,68.15,1,Not Placed,0
STU0522,61.79,71.00,63.46,68.01,7.53,54.66,52.16,1,0,0,0,65.52,0,Not Placed,0
STU0523,91.42,87.04,92.76,90.64,9.76,80.99,77.42,0,0,0,2,92.49,0,Placed,8.89
STU0524,81.62,75.28,72.25,67.11,8.51,78.31,74.92,1,4,0,2,90.48,0,Placed,8.34
STU0525,83.14,73.95,90.69,88.23,9.64,90.68,86.52,3,4,0,0,91.61,0,Placed,11.61
STU0526,80.78,92.16,71.54,90.55,8.56,76.70,77.34,1,4,0,1,87.60,0,Placed,8.59
STU0527,75.18,70.25,94.41,70.22,7.90,87.57,91.00,0,3,0,2,87.19,0,Placed,6.28
STU0528,94.45,72.29,74.14,81.39,8.32,78.89,85.90,3,2,0,1,84.08,0,Placed,9.26
STU0529,86.30,82.42,87.10,69.93,7.87,86.15,79.82,3,2,4,1,93.05,0,Placed,7.37
STU0530,60.24,72.48,72.96,45.62,5.63,67.83,73.16,1,1,0,0,65.60,0,Not Placed,0
STU0531,64.26,65.91,60.58,63.41,5.60,64.90,51.26,1,1,0,0,63.18,1,Not Placed,0
STU0532,68.37,73.75,70.24,60.45,6.75,68.92,51.42,0,1,0,0,78.41,0,Not Placed,0
STU0533,71.77,87.04,77.42,91.30,8.83,78.78,87.92,2,2,3,1,88.07,0,Placed,9.73
STU0534,66.06,67.21,60.39,55.73,7.24,58.76,58.76,0,0,0,0,68.16,1,Not Placed,0
STU0535,92.65,77.71,88.33,76.50,7.87,93.42,86.16,2,0,0,1,96.69,0,Placed,7.79
STU0536,84.07,72.81,92.62,68.46,9.89,93.50,72.77,0,0,2,0,81.61,0,Placed,10.31
STU0537,74.61,54.76,69.30,45.21,5.89,63.25,57.51,0,1,0,0,68.82,1,Not Placed,0
STU0538,75.19,83.87,83.37,84.08,7.53,78.31,90.50,2,0,7,0,88.81,0,Placed,7.43
STU0539,91.51,75.74,89.29,84.82,8.99,80.41,74.27,1,0,0,0,95.46,0,Placed,8.47
STU0540,94.96,93.92,82.46,94.25,7.55,84.26,71.48,3,4,0,1,96.71,0,Placed,8.76
STU0541,56.50,58.31,62.51,57.16,7.61,66.15,74.60,1,0,0,0,71.66,2,Not Placed,0
STU0542,83.99,94.49,78.48,81.10,7.99,82.12,71.67,3,2,0,1,81.70,0,Placed,8.16
STU0543,82.54,94.81,94.61,65.98,9.67,88.67,94.14,3,2,0,1,84.51,0,Placed,10.51
STU0544,85.99,88.43,94.68,69.09,8.46,94.01,91.40,1,4,0,1,90.69,0,Placed,7.38
STU0545,65.50,64.78,71.09,53.94,7.65,57.36,73.89,1,1,0,0,65.40,2,Not Placed,0
STU0546,75.63,88.71,75.17,89.73,9.42,75.05,70.68,3,0,0,0,98.30,0,Placed,9.88
STU0547,60.29,67.64,59.24,59.56,7.09,68.52,57.13,0,1,0,0,68.74,0,Not Placed,0
STU0548,62.69,64.98,51.06,68.25,6.20,59.19,65.23,0,0,0,0,62.16,0,Not Placed,0
STU0549,78.01,89.83,94.87,78.61,9.48,81.16,87.74,2,3,0,2,88.50,0,Placed,9.69
STU0550,51.41,73.12,70.42,41.82,7.50,58.55,63.17,0,0,0,0,66.18,1,Not Placed,0
STU0551,50.62,60.97,70.33,63.49,7.67,66.15,72.53,0,1,0,0,73.01,0,Not Placed,0
STU0552,85.91,74.02,89.38,65.40,9.61,88.87,72.47,3,1,0,2,80.30,0,Placed,10.38
STU0553,72.83,94.88,73.37,75.13,8.02,81.57,90.68,3,3,0,1,97.92,0,Placed,8.80
STU0554,84.08,91.43,73.14,67.53,9.28,93.95,84.84,1,0,0,0,96.55,0,Placed,9.50
STU0555,81.95,71.35,76.78,86.45,7.62,89.62,91.71,2,1,0,2,87.42,0,Placed,7.81
STU0556,89.99,86.03,87.32,87.07,8.34,93.17,91.79,0,4,11,1,87.40,0,Placed,6.90
STU0557,81.89,73.16,73.00,83.10,8.03,79.55,76.26,3,0,0,1,83.01,0,Placed,9.49
STU0558,81.11,86.12,90.30,80.52,7.65,82.84,75.95,3,2,0,1,88.96,0,Placed,7.69
STU0559,84.42,70.60,92.63,66.69,7.97,83.59,78.60,0,1,0,2,87.10,0,Placed,6.94
STU0560,81.62,89.80,75.99,89.64,8.67,80.97,70.28,3,3,0,2,90.67,0,Placed,8.87
STU0561,90.60,79.64,91.75,79.69,7.84,77.90,82.24,2,1,0,2,85.83,0,Placed,6.82
STU0562,93.93,82.69,82.76,92.41,7.97,79.52,88.63,0,0,0,2,83.72,0,Placed,7.51
STU0563,61.25,72.91,69.65,56.70,6.36,52.31,51.22,1,1,0,0,64.05,1,Not Placed,0
STU0564,70.48,74.34,88.49,74.33,9.85,81.44,90.72,1,4,0,0,86.43,0,Placed,9.70
STU0565,68.99,57.00,54.46,59.58,7.76,69.55,53.46,1,0,0,0,64.19,0,Placed,6.83
STU0566,54.18,68.90,58.31,46.62,7.27,67.37,63.34,0,1,0,0,60.54,1,Not Placed,0
STU0567,77.16,71.23,91.54,77.89,9.69,85.83,72.61,3,4,0,2,80.12,0,Placed,10.66
STU0568,80.54,81.42,86.14,88.11,9.62,85.00,82.44,1,1,0,1,87.66,0,Placed,9.34
STU0569,58.95,60.86,69.77,41.45,7.19,51.31,74.45,1,0,0,0,71.86,2,Not Placed,0
STU0570,75.99,74.61,92.49,72.29,8.69,87.14,77.88,0,3,0,2,85.61,0,Placed,7.57
STU0571,74.97,59.01,51.63,41.04,7.03,69.95,54.86,0,1,0,0,72.33,1,Not Placed,0
STU0572,72.52,74.26,53.78,62.51,5.72,67.09,63.65,1,1,0,0,76.23,2,Not Placed,0
STU0573,74.40,80.75,76.42,70.20,7.58,82.76,80.41,0,4,0,1,95.01,0,Placed,5.91
STU0574,86.66,92.71,81.54,78.90,9.74,76.89,81.20,0,4,0,0,88.27,0,Placed,9.91
STU0575,52.13,59.39,74.22,42.05,7.34,58.64,62.68,0,1,0,0,64.07,1,Not Placed,0
STU0576,67.75,65.94,62.55,44.34,7.89,58.98,66.37,1,1,0,0,74.88,2,Not Placed,0
STU0577,65.92,58.92,55.99,46.63,6.85,50.84,70.18,1,0,0,0,63.38,1,Not Placed,0
STU0578,57.99,73.76,56.27,43.69,5.57,59.28,68.55,1,0,0,0,63.51,0,Not Placed,0
STU0579,80.49,85.73,83.81,66.62,8.79,87.75,76.66,0,0,0,1,85.09,0,Placed,7.83
STU0580,89.24,89.35,85.91,77.61,8.63,84.64,92.77,2,4,0,2,90.78,0,Placed,9.37
STU0581,90.55,92.77,74.60,85.78,7.86,93.92,77.84,0,2,0,0,89.71,0,Placed,7.37
STU0582,83.79,86.90,92.73,91.17,8.26,77.88,74.64,1,4,8,1,80.99,0,Placed,6.97
STU0583,73.45,54.22,71.12,67.70,5.69,63.45,55.47,1,1,0,0,61.44,1,Not Placed,0
STU0584,54.16,53.49,58.74,47.22,6.34,53.76,71.71,1,0,0,0,70.74,0,Not Placed,0
STU0585,79.74,78.94,79.12,71.04,8.74,84.42,76.96,0,1,0,0,98.25,0,Placed,8.21
STU0586,52.98,62.86,67.48,64.26,7.48,59.76,60.63,1,0,0,0,67.29,0,Not Placed,0
STU0587,86.79,85.62,70.33,80.92,8.45,90.79,80.52,3,2,0,1,80.66,0,Placed,9.02
STU0588,90.37,80.31,76.91,80.37,8.61,86.60,85.75,0,3,10,0,80.03,0,Placed,8.49
STU0589,83.74,84.14,93.50,67.04,7.52,94.22,80.97,2,3,0,2,80.94,0,Placed,7.85
STU0590,79.66,85.14,81.96,77.99,9.19,89.76,86.83,0,2,0,0,91.00,0,Placed,9.37
STU0591,89.90,76.59,86.04,82.88,9.32,78.81,80.73,0,3,0,2,92.07,0,Placed,9.91
STU0592,69.22,67.42,66.80,59.16,7.06,54.72,72.55,1,0,0,0,68.19,0,Not Placed,0
STU0593,92.01,94.67,76.43,88.30,8.19,87.48,77.70,1,4,0,1,93.34,0,Placed,8.41
STU0594,53.57,53.11,51.17,48.19,6.08,52.92,62.24,0,0,0,0,72.89,1,Not Placed,0
STU0595,94.82,91.29,87.31,67.70,7.80,87.57,89.53,3,0,0,1,95.75,0,Placed,8.31
STU0596,64.23,72.04,63.39,64.61,7.10,68.28,71.70,0,1,0,0,75.34,2,Not Placed,0
STU0597,71.40,83.44,89.84,91.10,9.35,93.60,89.40,1,1,0,0,94.15,0,Placed,10.21
STU0598,69.23,66.50,69.89,57.31,6.17,66.22,72.83,0,1,0,0,68.65,1,Not Placed,0
STU0599,72.12,75.16,70.35,65.93,9.77,90.55,79.61,1,0,0,0,88.19,0,Placed,9.80
STU0600,81.81,75.80,77.94,71.91,8.57,75.89,86.55,2,3,0,2,98.30,0,Placed,8.68
STU0601,75.38,85.42,92.95,91.25,8.82,75.38,73.06,1,4,0,2,82.50,0,Placed,8.88
STU0602,85.76,79.70,79.46,94.97,9.87,84.44,90.43,3,4,7,2,93.81,0,Placed,11.24
STU0603,83.01,81.69,89.24,93.78,8.73,90.65,80.77,1,3,0,1,91.61,0,Placed,8.59
STU0604,59.74,56.36,56.03,48.67,6.25,56.48,51.05,1,0,0,0,61.87,0,Not Placed,0
STU0605,75.72,73.21,85.52,71.46,9.42,80.16,81.91,3,1,0,0,93.46,0,Placed,10.93
STU0606,77.80,92.75,76.70,83.80,9.51,75.39,80.72,0,0,0,0,93.45,0,Placed,8.27
STU0607,64.28,71.95,63.03,65.11,6.19,62.99,71.48,1,1,0,0,78.58,1,Not Placed,0
STU0608,83.95,81.61,80.55,78.30,9.41,85.48,79.17,0,3,7,2,95.58,0,Placed,9.44
STU0609,88.61,78.47,84.64,71.28,9.74,78.65,80.73,3,3,0,2,84.05,0,Placed,11.67
STU0610,70.06,67.34,71.53,46.57,7.72,69.41,63.32,1,1,0,0,60.93,2,Not Placed,0
STU0611,55.51,67.20,73.53,43.92,7.23,62.64,56.41,1,0,0,0,68.02,1,Not Placed,0
STU0612,83.48,79.57,79.19,67.91,9.19,79.04,93.81,0,4,0,1,96.51,0,Placed,8.58
STU0613,72.71,89.39,87.68,73.83,7.82,93.24,92.37,1,0,0,0,81.30,0,Placed,6.37
STU0614,82.70,92.65,71.55,85.60,8.93,85.29,88.83,0,0,7,0,94.28,0,Placed,8.82
STU0615,54.86,52.18,68.92,40.29,5.88,53.60,74.91,0,1,0,0,60.60,1,Not Placed,0
STU0616,73.37,93.95,76.57,85.42,8.39,91.94,84.18,3,0,0,1,93.08,0,Placed,8.89
STU0617,52.16,67.20,62.10,56.63,7.85,56.97,66.19,0,1,0,0,62.80,1,Not Placed,0
STU0618,73.76,67.91,57.76,57.06,6.29,50.29,64.88,1,0,0,0,63.71,2,Not Placed,0
STU0619,70.09,63.53,70.60,49.63,6.78,54.02,57.50,0,1,0,0,65.02,1,Not Placed,0
STU0620,70.75,71.22,72.80,92.21,8.60,79.91,74.42,3,0,0,0,80.70,0,Placed,8.48
STU0621,52.13,54.24,57.52,60.93,5.98,57.99,71.74,0,1,0,0,75.23,0,Not Placed,0
STU0622,59.97,71.07,69.82,50.53,7.39,58.80,51.66,0,0,0,0,60.92,2,Not Placed,0
STU0623,81.68,94.09,88.26,85.88,9.27,86.68,92.51,3,1,0,2,83.73,0,Placed,10.15
STU0624,85.74,73.97,78.49,74.68,7.61,78.37,73.84,0,3,0,2,87.87,0,Placed,7.22
STU0625,94.31,89.78,73.45,93.00,8.66,76.71,71.72,1,3,0,0,97.11,0,Placed,7.65
STU0626,84.77,81.68,71.43,84.79,9.58,91.95,71.60,3,4,0,0,96.09,0,Placed,11.68
STU0627,94.48,80.96,85.14,92.35,9.65,83.38,71.62,3,0,0,2,85.12,0,Placed,10.43
STU0628,50.74,61.22,72.22,59.41,6.52,68.57,56.26,0,1,0,0,61.56,0,Not Placed,0
STU0629,83.60,77.00,81.41,67.60,8.80,89.29,70.87,3,2,0,0,91.96,0,Placed,10.66
STU0630,73.09,79.23,92.52,85.56,9.74,90.21,93.62,2,2,0,1,96.41,0,Placed,10.93
STU0631,61.80,58.25,70.94,49.49,7.66,64.25,69.51,0,0,0,0,67.08,0,Not Placed,0
STU0632,52.68,60.28,52.64,64.55,6.69,65.70,74.40,0,0,0,0,62.46,1,Not Placed,0
STU0633,64.66,70.77,61.06,53.76,6.65,60.73,50.15,0,1,0,0,69.56,2,Not Placed,0
STU0634,80.94,94.17,94.89,85.01,9.78,75.25,90.41,0,4,0,0,89.93,0,Placed,9.26
STU0635,82.49,73.14,88.67,90.32,7.77,86.00,81.52,3,1,0,2,83.72,0,Placed,7.45
STU0636,62.51,60.26,69.16,48.90,5.91,61.96,54.76,0,1,0,0,67.38,2,Not Placed,0
STU0637,63.40,64.07,50.71,51.32,5.62,64.36,51.48,0,1,0,0,64.93,1,Not Placed,0
STU0638,64.96,62.29,57.78,68.15,7.06,67.70,67.60,1,0,0,0,78.24,0,Not Placed,0
STU0639,74.18,61.88,54.15,45.15,7.08,55.65,67.03,1,0,0,0,62.69,0,Not Placed,0
STU0640,78.97,92.44,75.69,74.18,7.90,80.35,74.80,3,1,0,1,98.45,0,Placed,7.98
STU0641,69.56,67.40,70.48,50.13,6.05,61.40,67.06,0,1,0,0,77.48,0,Not Placed,0
STU0642,64.45,58.21,70.45,52.42,5.54,62.73,57.10,0,0,0,0,65.41,1,Not Placed,0
STU0643,92.11,88.47,92.76,84.21,8.18,91.21,80.01,1,0,11,0,83.60,0,Placed,7.62
STU0644,62.02,71.95,50.73,41.98,6.01,67.05,56.67,1,0,0,0,70.89,1,Not Placed,0
STU0645,88.66,71.98,87.66,69.23,8.93,90.08,79.57,3,1,10,0,86.86,0,Placed,10.86
STU0646,57.65,61.47,74.53,52.59,6.06,59.02,66.18,1,0,0,0,77.97,2,Not Placed,0
STU0647,67.13,68.32,73.22,54.56,6.67,68.38,74.65,0,0,0,0,61.87,1,Not Placed,0
STU0648,55.66,71.44,59.19,58.23,6.87,64.94,50.77,1,1,0,0,66.45,0,Not Placed,0
STU0649,77.82,93.66,94.94,69.38,8.16,81.55,86.86,2,3,0,0,82.80,0,Placed,8.67
STU0650,71.41,71.41,87.68,85.14,8.18,81.79,83.22,1,2,0,0,97.25,0,Placed,7.58
STU0651,74.05,90.77,79.01,68.89,7.70,91.72,81.59,0,3,0,1,94.60,0,Placed,6.73
STU0652,74.46,70.61,77.50,80.78,8.26,83.46,77.99,1,3,0,1,83.44,0,Placed,8.65
STU0653,87.84,85.18,79.61,86.90,9.83,77.69,73.17,3,1,0,0,96.17,0,Placed,12.20
STU0654,73.41,67.20,62.96,56.43,7.75,54.84,55.09,1,1,0,0,67.51,0,Not Placed,0
STU0655,82.32,72.37,86.51,74.44,9.84,84.79,89.72,1,2,0,2,92.92,0,Placed,9.64
STU0656,52.83,73.67,73.15,44.99,6.60,57.13,59.95,0,0,0,0,66.82,0,Not Placed,0
STU0657,71.05,77.68,83.41,79.94,9.33,87.63,93.89,1,1,0,1,96.49,0,Placed,8.53
STU0658,88.74,74.76,94.20,79.20,7.81,90.23,74.21,1,4,0,0,85.94,0,Placed,7.93
STU0659,91.52,81.21,89.12,85.94,7.60,77.85,80.37,3,1,4,0,81.49,0,Placed,8.30
STU0660,53.94,61.95,57.51,66.44,5.99,65.37,58.33,0,1,0,0,66.71,1,Not Placed,0
STU0661,73.22,70.11,79.11,76.79,7.76,92.44,79.30,1,3,0,0,91.04,0,Placed,7.63
STU0662,62.89,68.75,57.65,67.40,6.90,64.92,56.09,0,1,0,0,63.67,0,Not Placed,0
STU0663,90.93,70.96,71.23,77.87,8.92,78.12,91.84,3,3,0,2,93.25,0,Placed,10.58
STU0664,55.84,65.31,50.77,56.99,6.28,60.91,67.97,1,0,0,0,71.65,0,Not Placed,0
STU0665,87.80,83.46,93.60,91.58,9.52,91.34,71.38,2,3,0,0,82.86,0,Placed,10.38
STU0666,64.07,51.08,50.93,41.02,6.42,69.61,65.96,1,0,0,0,63.45,1,Not Placed,0
STU0667,77.97,84.44,82.45,74.96,9.35,90.66,77.69,2,1,0,1,88.25,0,Placed,10.31
STU0668,70.06,78.22,72.08,79.09,8.66,85.08,93.31,1,1,0,0,91.37,0,Placed,8.14
STU0669,75.67,93.66,71.17,73.91,7.87,91.53,86.81,3,4,0,0,98.72,0,Placed,8.33
STU0670,88.59,92.29,83.75,73.57,9.65,75.75,78.19,2,4,0,2,93.77,0,Placed,10.01
STU0671,66.58,59.05,54.48,66.23,7.78,55.73,56.10,1,0,0,0,60.99,2,Not Placed,0
STU0672,73.65,94.11,75.99,89.89,7.55,94.47,94.40,0,4,0,2,82.78,0,Placed,6.65
STU0673,72.08,90.23,76.80,91.63,8.14,94.77,73.60,0,1,0,1,80.96,0,Placed,7.84
STU0674,55.79,66.54,61.88,43.54,7.56,55.35,74.24,0,0,0,0,64.94,0,Not Placed,0
STU0675,92.63,94.14,77.27,79.55,9.47,92.81,73.18,0,1,0,0,87.19,0,Placed,8.36
STU0676,68.11,66.81,59.11,49.87,7.22,55.46,51.67,1,0,0,0,77.59,2,Not Placed,0
STU0677,81.66,94.79,72.58,68.54,8.60,83.91,73.48,1,4,0,2,98.74,0,Placed,8.31
STU0678,74.69,86.91,86.57,65.75,8.01,88.50,77.54,3,2,7,0,94.30,0,Placed,8.80
STU0679,74.63,78.25,75.60,91.60,9.22,83.51,81.79,0,3,4,1,80.35,0,Placed,9.17
STU0680,74.70,94.06,71.37,69.52,8.56,87.90,88.53,0,0,0,1,96.86,0,Placed,7.78
STU0681,77.43,89.66,75.70,69.63,8.79,80.83,84.70,1,4,8,1,93.66,0,Placed,8.13
STU0682,54.54,71.39,60.01,52.22,7.53,63.16,68.62,1,0,0,0,66.88,0,Placed,6.90
STU0683,68.64,74.66,52.82,55.39,6.72,60.73,60.18,1,1,0,0,70.46,2,Not Placed,0
STU0684,71.72,70.06,84.20,70.68,7.83,88.57,77.55,1,1,0,0,98.26,0,Placed,7.93
STU0685,84.40,92.30,79.76,72.60,9.78,92.25,92.11,3,0,0,1,84.80,0,Placed,10.62
STU0686,70.19,93.62,82.21,94.09,9.26,78.03,86.85,2,1,0,1,94.48,0,Placed,10.43
STU0687,70.44,73.32,74.92,42.88,7.31,61.33,58.22,1,0,0,0,71.76,0,Not Placed,0
STU0688,86.67,87.35,76.80,90.12,9.27,76.78,83.88,2,0,5,0,81.80,0,Placed,9.83
STU0689,75.01,76.34,76.37,81.44,7.80,88.30,94.71,2,1,0,0,83.59,0,Placed,7.06
STU0690,71.52,74.29,88.27,79.70,9.18,84.54,86.49,2,3,0,2,86.05,0,Placed,10.60
STU0691,76.05,72.87,91.22,92.35,7.92,79.69,70.17,1,2,0,1,84.67,0,Placed,7.36
STU0692,61.26,67.18,66.56,54.61,5.59,65.18,73.07,0,1,0,0,60.67,1,Not Placed,0
STU0693,61.64,57.44,66.87,47.46,7.68,56.87,65.29,0,0,0,0,73.42,0,Not Placed,0
STU0694,73.84,72.52,82.81,78.59,7.90,85.43,88.95,1,3,0,2,93.63,0,Placed,7.19
STU0695,87.31,81.92,78.13,77.32,8.52,94.32,90.75,3,4,2,2,95.07,0,Placed,8.37
STU0696,85.72,73.07,91.61,89.89,9.21,78.78,72.91,3,0,0,2,90.72,0,Placed,9.43
STU0697,56.71,66.88,57.43,42.03,6.91,64.94,52.75,0,1,0,0,76.41,2,Not Placed,0
STU0698,89.32,93.84,82.76,83.85,9.19,75.38,84.53,1,3,0,2,88.95,0,Placed,8.69
STU0699,80.30,78.12,91.75,68.70,8.34,91.81,75.73,2,2,0,2,89.84,0,Placed,7.92
STU0700,66.11,66.52,63.35,54.67,6.74,68.89,63.07,0,1,0,0,61.02,2,Not Placed,0
STU0701,52.22,63.94,66.63,55.68,5.98,65.45,51.54,1,0,0,0,71.56,2,Not Placed,0
STU0702,55.49,67.63,53.62,52.92,6.81,67.76,59.80,0,1,0,0,70.73,1,Not Placed,0
STU0703,84.47,94.41,94.67,67.21,8.25,79.69,72.14,3,2,0,2,81.19,0,Placed,8.73
STU0704,62.16,54.55,50.50,57.69,5.81,57.26,51.98,1,0,0,0,74.07,2,Not Placed,0
STU0705,52.05,73.06,54.35,56.15,5.72,58.04,50.56,1,1,0,0,62.81,1,Not Placed,0
STU0706,83.53,84.18,75.13,76.66,8.85,86.66,77.19,1,0,0,2,86.07,0,Placed,8.61
STU0707,53.05,53.28,51.61,50.85,7.20,62.79,55.68,1,1,0,0,65.17,0,Not Placed,0
STU0708,51.35,60.41,59.41,51.22,6.65,53.29,52.45,1,0,0,0,64.78,0,Not Placed,0
STU0709,78.92,81.69,73.94,90.19,9.10,75.73,93.94,1,3,0,0,87.94,0,Placed,9.35
STU0710,68.44,58.62,57.04,50.20,7.06,60.23,65.02,0,1,0,0,67.55,2,Not Placed,0
STU0711,64.27,61.40,69.37,64.83,6.71,66.31,52.78,1,0,0,0,67.83,0,Not Placed,0
STU0712,82.72,71.20,77.20,74.76,7.85,77.78,91.03,2,1,0,1,94.43,0,Placed,7.38
STU0713,78.89,91.21,85.62,87.19,8.42,76.98,82.14,1,3,9,0,83.82,0,Placed,7.63
STU0714,92.70,89.47,91.20,73.69,8.66,79.63,84.09,0,2,0,2,85.16,0,Placed,7.95
STU0715,89.62,77.78,75.57,68.59,7.69,78.35,91.13,1,2,0,2,93.43,0,Placed,8.02
STU0716,91.50,84.72,86.37,67.48,8.53,90.73,76.76,1,0,0,0,91.43,0,Placed,9.11
STU0717,58.88,64.48,54.00,60.68,6.05,53.46,63.93,1,0,0,0,75.31,0,Not Placed,0
STU0718,88.42,78.72,74.79,67.46,7.84,83.35,85.36,1,4,0,2,82.94,0,Placed,6.66
STU0719,84.95,71.51,73.21,71.59,9.77,94.38,89.85,3,3,0,1,85.78,0,Placed,10.87
STU0720,52.15,73.33,57.40,65.34,6.11,57.03,60.57,1,1,0,0,72.26,2,Not Placed,0
STU0721,88.03,92.91,86.89,65.45,7.51,85.29,91.27,2,2,11,2,85.84,0,Placed,6.60
STU0722,75.26,87.87,75.28,73.92,7.82,79.08,77.42,2,3,0,0,80.44,0,Placed,6.74
STU0723,82.60,75.61,79.29,79.35,8.18,94.46,91.77,0,4,0,1,83.86,0,Placed,6.46
STU0724,84.96,74.68,93.75,69.55,9.19,93.05,83.94,3,4,0,1,86.09,0,Placed,10.84
STU0725,67.44,59.89,58.65,53.12,5.61,54.84,67.12,0,1,0,0,65.39,2,Not Placed,0
STU0726,77.67,80.13,89.25,70.97,7.75,81.36,86.12,0,1,0,1,93.52,0,Placed,5.76
STU0727,65.62,55.80,68.56,41.58,5.89,59.76,55.61,0,1,0,0,64.28,0,Not Placed,0
STU0728,52.84,50.41,60.30,65.58,5.89,61.35,70.32,1,0,0,0,67.81,1,Not Placed,0
STU0729,80.18,74.63,80.17,87.80,7.68,89.14,94.34,3,2,0,2,95.16,0,Placed,7.24
STU0730,66.27,68.88,60.09,56.88,7.09,67.99,64.61,1,0,0,0,72.48,1,Not Placed,0
STU0731,94.93,85.98,86.62,76.40,9.36,94.72,81.79,1,3,0,0,84.11,0,Placed,9.12
STU0732,84.32,70.67,76.44,66.31,8.68,86.35,93.78,3,2,0,2,88.84,0,Placed,10.17
STU0733,75.20,85.02,84.72,81.22,8.20,77.48,85.84,0,3,0,1,93.52,0,Placed,7.40
STU0734,71.35,80.65,88.00,84.79,9.50,79.54,80.92,1,2,0,0,88.22,0,Placed,8.95
STU0735,58.92,73.72,56.92,68.89,7.69,61.06,63.25,1,0,0,0,77.19,0,Placed,6.58
STU0736,90.98,74.80,90.06,81.48,9.13,85.38,89.86,0,2,0,0,86.21,0,Placed,9.21
STU0737,73.83,55.04,56.35,52.98,7.60,67.78,73.65,0,0,0,0,71.56,0,Not Placed,0
STU0738,90.73,83.30,80.02,87.64,9.02,93.09,91.69,1,0,0,1,93.80,0,Placed,8.04
STU0739,70.01,90.09,73.79,65.67,8.00,78.71,74.26,1,1,0,0,80.69,0,Placed,7.35
STU0740,77.51,91.67,80.68,91.12,7.64,77.38,81.82,2,2,0,1,82.45,0,Placed,6.97
STU0741,91.81,90.59,77.78,71.54,8.38,92.73,82.61,2,2,7,0,95.61,0,Placed,7.75
STU0742,71.94,66.53,63.92,46.06,7.64,58.55,59.07,0,1,0,0,70.54,2,Not Placed,0
STU0743,66.37,55.16,61.47,67.69,6.78,57.33,53.57,0,0,0,0,78.67,0,Not Placed,0
STU0744,69.44,54.00,60.64,53.49,5.84,52.55,72.88,1,1,0,0,76.65,2,Not Placed,0
STU0745,51.40,61.02,67.39,46.28,6.40,54.00,69.46,1,1,0,0,73.84,2,Not Placed,0
STU0746,82.96,88.30,84.18,86.47,9.55,84.78,77.44,1,4,0,1,81.06,0,Placed,9.77
STU0747,93.00,75.48,86.79,79.54,7.73,91.67,73.02,2,3,0,0,93.85,0,Placed,7.96
STU0748,74.77,61.40,70.48,64.58,6.39,50.58,60.69,0,0,0,0,71.05,2,Not Placed,0
STU0749,88.18,79.20,78.23,85.76,9.27,84.99,91.43,3,1,0,1,97.25,0,Placed,10.03
STU0750,81.41,79.81,89.27,91.63,9.26,90.70,91.15,3,2,4,2,85.36,0,Placed,10.27
STU0751,75.63,77.50,74.55,69.15,8.12,92.49,76.58,3,0,0,0,86.06,0,Placed,8.66
STU0752,63.79,64.47,60.08,61.23,5.73,60.14,57.12,1,1,0,0,75.16,0,Not Placed,0
STU0753,78.07,76.01,70.20,72.27,8.69,82.53,91.20,1,4,6,1,98.59,0,Placed,8.34
STU0754,67.41,62.98,54.00,48.34,5.97,57.85,69.05,0,0,0,0,64.41,1,Not Placed,0
STU0755,84.09,70.70,88.93,91.81,8.78,83.68,84.92,1,1,0,2,87.48,0,Placed,8.28
STU0756,85.56,82.07,88.45,86.17,7.63,79.92,78.20,2,2,0,1,94.60,0,Placed,7.21
STU0757,92.87,72.40,89.34,68.51,8.63,86.74,74.24,2,4,0,0,93.06,0,Placed,9.36
STU0758,90.72,77.81,83.56,89.08,7.95,91.84,89.80,2,0,0,1,90.84,0,Placed,7.87
STU0759,92.25,80.00,81.62,90.05,8.47,77.27,73.57,0,2,0,0,91.24,0,Placed,7.99
STU0760,57.55,63.39,69.67,51.85,6.98,61.81,56.51,1,1,0,0,60.63,1,Not Placed,0
STU0761,75.84,74.57,73.93,86.54,9.30,83.99,72.16,2,1,0,1,89.56,0,Placed,9.05
STU0762,57.51,66.13,56.16,61.09,6.05,58.14,51.48,0,1,0,0,71.75,0,Not Placed,0
STU0763,64.48,68.07,71.61,48.07,7.83,57.54,50.16,1,1,0,0,73.55,0,Placed,7.45
STU0764,92.53,79.51,79.97,67.76,9.06,90.99,93.63,0,0,0,0,82.74,0,Placed,8.09
STU0765,59.51,66.13,63.62,45.13,6.06,59.12,65.11,0,0,0,0,71.38,1,Not Placed,0
STU0766,64.67,55.56,70.90,64.09,7.07,69.43,51.92,0,0,0,0,68.91,0,Not Placed,0
STU0767,74.72,57.73,68.83,56.81,7.53,53.62,61.21,0,0,0,0,75.44,2,Not Placed,0
STU0768,59.08,72.98,65.26,45.13,5.71,64.79,67.19,0,0,0,0,71.26,0,Not Placed,0
STU0769,86.98,78.72,85.32,68.76,9.47,91.56,71.67,2,0,0,1,88.51,0,Placed,9.82
STU0770,76.61,93.16,85.66,88.35,9.80,91.97,94.50,3,4,0,0,89.23,0,Placed,11.93
STU0771,68.61,68.84,57.68,44.63,6.99,51.62,60.88,0,0,0,0,77.25,0,Not Placed,0
STU0772,85.36,78.14,79.58,74.43,8.30,78.88,94.94,0,4,0,1,91.71,0,Placed,8.27
STU0773,73.13,72.75,60.31,63.54,6.89,68.20,50.55,1,0,0,0,77.82,2,Not Placed,0
STU0774,67.23,61.38,66.56,52.62,6.43,68.14,52.15,1,0,0,0,75.49,1,Not Placed,0
STU0775,75.74,70.12,74.08,65.13,9.84,81.05,89.30,2,3,0,2,82.93,0,Placed,11.32
STU0776,78.71,84.52,77.67,79.34,8.50,92.27,90.00,2,1,0,0,92.51,0,Placed,8.25
STU0777,85.79,89.49,91.04,77.10,7.81,83.50,72.97,2,2,0,0,84.14,0,Placed,6.81
STU0778,92.57,89.54,76.93,69.51,8.15,76.72,71.68,3,2,0,0,86.76,0,Placed,9.03
STU0779,57.27,69.99,66.32,61.53,6.25,65.55,64.36,1,0,0,0,70.56,1,Not Placed,0
STU0780,91.91,70.14,71.59,93.97,9.80,86.58,76.17,0,2,9,1,98.66,0,Placed,10.54
STU0781,89.03,78.15,91.76,91.14,8.00,87.24,85.93,1,0,0,0,92.72,0,Placed,8.35
STU0782,84.24,84.63,92.40,71.35,8.46,85.17,91.75,3,4,2,0,85.20,0,Placed,8.80
STU0783,79.08,85.70,81.93,71.32,9.43,80.79,83.66,1,3,0,1,92.34,0,Placed,9.35
STU0784,57.78,69.67,54.84,41.47,5.81,53.39,55.27,1,1,0,0,77.33,0,Not Placed,0
STU0785,83.85,82.84,86.80,91.82,8.00,75.31,74.05,1,2,0,1,92.33,0,Placed,7.19
STU0786,85.17,78.24,83.46,91.89,8.46,85.88,94.37,1,4,0,1,94.02,0,Placed,8.27
STU0787,60.21,68.59,51.09,56.97,7.55,60.58,56.76,1,0,0,0,72.52,2,Not Placed,0
STU0788,57.94,61.76,66.36,43.92,6.50,52.98,62.02,0,1,0,0,64.95,0,Not Placed,0
STU0789,69.56,56.18,71.22,56.49,6.48,61.39,72.24,1,1,0,0,67.63,0,Not Placed,0
STU0790,53.11,68.53,63.90,69.92,7.07,64.98,50.48,1,0,0,0,71.85,0,Not Placed,0
STU0791,92.27,84.08,94.32,67.78,9.01,79.33,89.42,3,4,6,0,87.04,0,Placed,10.71
STU0792,74.33,90.50,72.16,70.16,9.04,91.81,75.47,3,4,0,0,84.64,0,Placed,10.47
STU0793,76.99,90.61,86.92,90.01,8.46,81.07,81.72,1,1,0,2,94.40,0,Placed,8.20
STU0794,76.84,76.19,73.40,88.61,8.19,86.06,87.74,1,3,0,1,83.53,0,Placed,8.28
STU0795,78.78,93.73,81.95,75.67,8.47,78.59,92.64,1,2,0,0,94.15,0,Placed,8.71
STU0796,55.12,56.09,71.52,61.52,7.09,52.59,70.64,1,0,0,0,63.11,2,Not Placed,0
STU0797,65.47,65.52,69.94,58.19,7.27,65.97,68.66,1,1,0,0,74.00,2,Not Placed,0
STU0798,61.25,68.31,70.70,47.10,6.15,65.93,62.77,0,0,0,0,64.00,1,Not Placed,0
STU0799,61.99,62.77,54.15,67.72,7.79,61.28,73.77,1,1,0,0,71.13,0,Placed,6.81
STU0800,90.25,78.11,84.98,76.82,9.61,87.59,79.15,3,2,0,1,82.81,0,Placed,10.98
STU0801,55.85,64.36,65.99,54.61,6.23,64.34,55.50,1,0,0,0,75.91,1,Not Placed,0
STU0802,92.24,82.45,90.51,74.61,8.82,94.34,77.61,1,0,7,0,93.55,0,Placed,9.71
STU0803,57.00,55.65,59.30,65.12,7.62,52.75,56.64,0,0,0,0,61.78,2,Not Placed,0
STU0804,60.16,68.42,72.31,47.06,6.92,64.62,72.73,1,1,0,0,61.54,0,Not Placed,0
STU0805,71.47,50.64,71.81,65.96,7.13,66.92,54.93,1,1,0,0,73.45,2,Not Placed,0
STU0806,89.00,74.67,70.58,67.91,7.87,89.46,74.25,3,1,0,2,80.35,0,Placed,8.00
STU0807,89.51,70.29,71.65,84.22,8.23,75.60,70.54,3,0,0,0,88.00,0,Placed,9.34
STU0808,65.11,66.52,58.86,59.88,6.27,60.66,66.51,1,1,0,0,63.09,1,Not Placed,0
STU0809,71.36,52.01,70.29,60.15,6.26,63.02,68.87,0,0,0,0,75.00,0,Not Placed,0
STU0810,81.05,81.88,70.36,78.43,9.65,91.93,87.14,3,1,1,2,89.04,0,Placed,10.70
STU0811,71.90,77.28,80.64,78.31,9.25,94.30,83.76,0,3,0,0,86.60,0,Placed,9.42
STU0812,79.51,94.64,71.87,91.10,8.99,87.25,84.20,1,1,0,0,88.13,0,Placed,8.43
STU0813,88.31,85.87,80.33,66.30,8.80,76.42,75.23,1,2,0,1,85.82,0,Placed,7.93
STU0814,69.65,55.08,62.29,68.57,7.31,50.78,72.03,1,1,0,0,64.54,1,Not Placed,0
STU0815,86.57,77.15,87.24,81.32,8.68,87.95,76.63,1,1,0,0,86.25,0,Placed,8.41
STU0816,67.27,55.25,74.77,67.76,5.51,68.90,69.57,0,0,0,0,77.27,2,Not Placed,0
STU0817,60.30,57.48,61.38,54.13,5.58,67.96,59.04,1,0,0,0,69.26,0,Not Placed,0
STU0818,66.22,63.63,70.63,42.94,5.98,63.57,71.16,1,1,0,0,67.61,2,Not Placed,0
STU0819,82.66,73.89,93.48,84.76,9.08,94.19,74.64,2,4,0,2,82.06,0,Placed,8.82
STU0820,86.01,73.29,78.19,76.41,9.19,83.14,83.64,2,4,0,1,92.34,0,Placed,10.37
STU0821,53.02,59.40,58.94,62.70,6.62,57.21,58.11,1,1,0,0,65.02,0,Not Placed,0
STU0822,71.18,79.68,93.00,73.21,9.00,78.56,79.84,2,2,0,1,93.04,0,Placed,9.84
STU0823,70.06,78.19,73.07,66.85,9.17,81.94,70.38,1,0,0,1,81.48,0,Placed,8.65
STU0824,83.06,90.52,77.68,92.14,8.27,75.75,94.23,3,3,0,2,91.61,0,Placed,9.10
STU0825,87.63,81.51,88.97,88.50,8.21,89.73,85.48,1,0,0,0,94.86,0,Placed,7.44
STU0826,54.05,58.95,70.40,50.50,6.38,57.31,59.42,1,1,0,0,66.78,0,Not Placed,0
STU0827,90.75,93.05,87.10,92.64,9.45,77.71,93.20,0,1,0,1,84.33,0,Placed,8.51
STU0828,77.54,74.14,87.26,82.28,8.56,84.33,70.82,1,2,0,1,96.05,0,Placed,8.09
STU0829,88.66,83.96,72.10,74.39,7.78,83.01,71.58,0,0,0,0,88.59,0,Placed,5.73
STU0830,82.90,94.36,77.63,75.88,9.02,77.10,73.37,3,0,0,0,84.41,0,Placed,9.28
STU0831,54.25,52.31,58.74,66.13,6.54,55.14,71.46,0,0,0,0,62.75,1,Not Placed,0
STU0832,83.99,83.14,82.39,66.75,9.09,81.23,89.97,1,3,0,1,86.07,0,Placed,8.36
STU0833,62.35,63.88,73.63,61.39,7.36,57.64,52.14,0,1,0,0,70.01,2,Not Placed,0
STU0834,69.10,52.26,60.02,66.71,6.18,51.56,58.00,0,0,0,0,77.23,2,Not Placed,0
STU0835,59.01,67.56,56.41,62.28,7.45,62.91,62.39,1,0,0,0,72.29,1,Not Placed,0
STU0836,73.41,81.52,90.10,82.62,8.03,79.22,71.95,0,1,0,0,90.62,0,Placed,6.14
STU0837,77.82,82.03,84.07,73.61,8.95,78.73,81.04,1,4,0,2,90.20,0,Placed,9.04
STU0838,53.18,62.03,50.50,54.72,5.52,57.50,52.60,0,0,0,0,68.74,0,Not Placed,0
STU0839,75.21,84.06,85.22,81.74,8.20,84.92,91.96,3,2,4,1,95.18,0,Placed,8.19
STU0840,84.37,81.65,74.31,92.59,7.66,83.25,89.94,1,0,0,0,84.91,0,Placed,6.50
STU0841,83.32,83.48,80.90,94.10,9.64,77.78,91.18,1,1,0,0,95.41,0,Placed,10.82
STU0842,58.88,69.52,64.62,43.92,7.68,55.13,53.18,0,0,0,0,65.32,2,Not Placed,0
STU0843,92.11,75.48,73.65,71.05,8.67,81.02,71.57,0,4,0,2,81.93,0,Placed,8.40
STU0844,81.09,79.99,73.79,74.73,8.67,88.44,91.07,0,3,0,2,94.88,0,Placed,7.95
STU0845,75.10,91.43,70.12,87.67,9.11,77.00,84.03,3,4,0,0,98.12,0,Placed,9.68
STU0846,73.24,84.38,82.96,73.69,9.05,88.29,92.56,2,0,2,2,83.89,0,Placed,9.90
STU0847,72.56,81.02,85.64,73.43,7.97,92.13,77.00,0,1,0,2,81.58,0,Placed,7.27
STU0848,72.99,63.81,51.70,59.76,5.68,53.74,61.30,1,1,0,0,65.96,1,Not Placed,0
STU0849,67.61,60.30,63.36,56.32,6.43,50.11,71.19,0,0,0,0,67.57,2,Not Placed,0
STU0850,85.91,74.89,90.99,68.96,8.84,80.55,72.48,3,0,5,1,93.88,0,Placed,9.40
STU0851,73.43,77.63,88.89,73.75,9.23,93.97,89.70,0,2,0,2,92.88,0,Placed,8.72
STU0852,76.65,86.98,72.60,77.98,7.98,78.39,81.97,1,4,0,0,92.47,0,Placed,6.67
STU0853,50.84,74.01,53.05,68.85,6.74,50.50,54.85,0,0,0,0,75.86,2,Not Placed,0
STU0854,85.69,86.71,91.38,75.00,7.67,92.48,78.35,1,2,0,2,84.46,0,Placed,7.99
STU0855,68.46,67.14,57.70,45.45,6.20,50.76,63.59,1,0,0,0,70.95,1,Not Placed,0
STU0856,90.39,75.17,76.82,77.49,8.65,83.70,75.23,2,4,0,2,97.03,0,Placed,8.04
STU0857,88.94,87.42,79.71,79.13,9.88,85.30,75.70,0,2,0,0,88.34,0,Placed,9.96
STU0858,79.67,87.45,86.90,66.01,8.63,94.66,87.47,3,2,10,2,86.90,0,Placed,9.66
STU0859,54.04,58.17,52.10,65.45,7.70,51.90,61.11,1,0,0,0,65.21,1,Not Placed,0
STU0860,70.07,75.90,75.62,86.24,9.58,81.11,81.34,0,2,6,1,96.81,0,Placed,10.22
STU0861,88.46,72.21,93.45,89.64,8.59,79.43,83.56,0,3,0,1,93.25,0,Placed,8.20
STU0862,73.65,64.93,66.05,60.28,7.38,66.80,64.96,0,1,0,0,72.70,2,Not Placed,0
STU0863,51.57,69.60,65.38,62.61,7.48,56.10,59.47,0,1,0,0,70.35,0,Not Placed,0
STU0864,69.69,64.67,50.30,69.18,7.28,56.21,59.57,1,1,0,0,67.18,1,Not Placed,0
STU0865,60.46,52.07,63.26,41.04,6.28,58.93,55.99,0,1,0,0,60.68,0,Not Placed,0
STU0866,58.13,56.35,64.84,68.24,6.25,51.37,63.75,0,1,0,0,73.85,0,Not Placed,0
STU0867,93.59,94.19,92.32,88.57,8.49,86.27,93.70,0,3,0,0,87.02,0,Placed,7.46
STU0868,81.41,93.61,91.12,74.31,7.57,92.50,72.94,2,2,0,0,94.39,0,Placed,8.27
STU0869,81.26,70.21,88.97,87.62,8.30,77.95,85.33,3,1,0,1,88.98,0,Placed,8.87
STU0870,71.40,63.66,56.57,67.87,6.19,59.99,59.34,0,0,0,0,70.13,2,Not Placed,0
STU0871,89.42,90.68,82.57,79.50,9.89,89.72,92.75,3,2,0,0,81.00,0,Placed,10.61
STU0872,62.80,69.07,69.06,54.30,6.97,57.45,61.93,1,1,0,0,72.00,0,Not Placed,0
STU0873,61.22,72.35,59.61,44.32,7.51,61.61,58.93,1,1,0,0,69.45,1,Not Placed,0
STU0874,75.56,70.61,83.66,90.11,9.14,77.86,70.07,2,2,8,1,97.89,0,Placed,9.16
STU0875,90.50,77.00,81.13,72.84,7.83,87.39,85.75,1,3,0,2,81.03,0,Placed,6.38
STU0876,67.92,66.82,65.84,62.78,5.53,62.18,59.73,1,1,0,0,76.89,0,Not Placed,0
STU0877,53.30,55.07,50.57,51.29,7.74,56.07,65.00,1,0,0,0,73.66,1,Not Placed,0
STU0878,85.74,91.68,71.80,69.15,7.67,86.37,70.95,0,4,0,0,96.59,0,Placed,6.07
STU0879,77.65,79.75,70.39,93.65,9.68,82.68,81.15,1,0,0,0,90.15,0,Placed,10.82
STU0880,51.04,71.93,55.90,59.89,6.30,64.91,63.42,1,1,0,0,75.78,1,Not Placed,0
STU0881,81.59,87.80,79.43,88.87,9.06,80.88,80.02,2,4,0,0,93.02,0,Placed,8.73
STU0882,65.39,68.43,61.60,69.39,5.73,66.03,60.29,1,0,0,0,69.89,0,Not Placed,0
STU0883,63.15,59.75,63.42,42.58,6.77,54.21,60.70,0,1,0,0,74.61,2,Not Placed,0
STU0884,61.49,73.68,67.32,51.45,5.53,50.65,59.59,1,1,0,0,67.52,2,Not Placed,0
STU0885,70.36,68.43,70.17,50.62,6.43,57.65,52.89,1,1,0,0,70.93,1,Not Placed,0
STU0886,76.69,90.22,88.05,87.05,8.67,89.70,83.84,0,2,0,1,81.01,0,Placed,8.70
STU0887,64.53,57.27,51.52,68.90,7.48,51.79,55.29,0,1,0,0,65.40,2,Not Placed,0
STU0888,56.13,61.92,65.95,47.51,7.08,56.70,53.00,1,0,0,0,67.10,1,Not Placed,0
STU0889,80.26,71.80,80.67,69.99,7.98,83.69,85.00,0,4,0,1,82.28,0,Placed,7.82
STU0890,66.40,65.85,63.86,57.74,7.17,68.88,51.75,0,1,0,0,74.61,2,Not Placed,0
STU0891,71.36,76.95,81.44,89.33,9.55,82.58,89.30,2,3,0,1,82.61,0,Placed,10.45
STU0892,70.57,82.38,85.68,77.21,9.27,79.77,76.51,0,0,0,0,87.76,0,Placed,8.33
STU0893,80.16,84.86,75.65,74.43,8.04,84.70,83.65,1,1,0,1,97.35,0,Placed,8.53
STU0894,71.86,89.84,82.36,93.89,8.30,83.18,73.57,0,3,0,0,83.18,0,Placed,7.79
STU0895,50.10,64.63,59.37,50.88,7.67,56.01,61.66,0,1,0,0,65.19,1,Not Placed,0
STU0896,73.19,55.33,61.14,48.46,6.42,64.39,70.93,0,1,0,0,62.73,1,Not Placed,0
STU0897,92.65,85.48,91.74,76.45,8.62,92.96,80.03,3,2,0,2,81.47,0,Placed,9.16
STU0898,82.16,88.92,76.99,70.80,9.06,86.75,71.58,1,0,0,0,93.05,0,Placed,8.62
STU0899,80.52,71.59,71.48,74.75,7.86,84.31,88.12,1,1,0,0,93.28,0,Placed,7.29
STU0900,85.77,75.29,74.24,77.33,9.53,75.95,75.28,3,2,0,2,93.56,0,Placed,11.76
STU0901,70.52,89.89,74.34,88.21,8.86,89.27,92.82,3,2,0,0,84.53,0,Placed,9.03
STU0902,92.57,73.60,79.94,82.83,8.67,83.41,93.55,0,1,0,1,86.91,0,Placed,8.94
STU0903,74.82,55.14,51.82,55.79,6.30,63.95,58.06,1,0,0,0,78.90,0,Not Placed,0
STU0904,77.34,70.39,71.76,89.03,7.61,89.89,79.53,3,3,0,1,86.85,0,Placed,7.94
STU0905,78.01,84.18,76.11,90.42,8.97,79.20,83.99,0,3,4,2,84.65,0,Placed,7.66
STU0906,72.01,74.47,87.32,70.09,8.61,81.83,73.57,3,4,0,0,87.96,0,Placed,8.98
STU0907,72.53,64.67,51.02,47.17,7.81,62.63,72.29,1,1,0,0,74.47,1,Not Placed,0
STU0908,93.41,82.82,73.00,71.21,9.18,91.51,88.56,2,3,0,0,86.97,0,Placed,10.17
STU0909,72.54,72.61,50.08,68.51,7.65,57.19,57.71,0,0,0,0,61.07,2,Not Placed,0
STU0910,72.02,73.16,87.71,73.29,7.55,89.60,91.04,3,4,0,2,80.43,0,Placed,7.09
STU0911,68.22,62.13,50.86,49.64,7.79,58.97,64.45,0,0,0,0,60.05,2,Not Placed,0
STU0912,76.22,88.31,76.64,87.34,8.81,94.30,92.34,2,3,0,1,92.14,0,Placed,9.97
STU0913,85.09,77.77,78.78,75.09,8.20,91.97,92.02,2,3,0,0,97.87,0,Placed,7.45
STU0914,89.81,71.20,77.06,74.11,9.74,94.85,76.13,3,2,10,1,93.65,0,Placed,11.60
STU0915,92.70,74.30,93.24,84.16,8.40,92.04,82.88,0,0,0,0,87.12,0,Placed,7.02
STU0916,80.65,87.39,71.60,82.81,7.96,82.67,79.74,1,2,0,0,81.06,0,Placed,6.58
STU0917,77.85,72.44,81.97,80.13,7.64,86.65,71.51,1,0,11,1,87.02,0,Placed,7.12
STU0918,68.15,60.90,54.07,51.10,7.86,53.20,70.47,1,1,0,0,67.89,2,Not Placed,0
STU0919,65.03,61.67,65.00,41.11,6.53,58.60,64.90,1,0,0,0,61.50,0,Not Placed,0
STU0920,80.80,76.06,89.15,74.05,8.41,78.53,77.46,3,4,0,1,98.54,0,Placed,8.69
STU0921,92.28,93.65,78.00,84.20,9.39,92.26,92.72,1,3,0,0,91.11,0,Placed,10.56
STU0922,56.28,53.37,57.24,44.50,7.34,50.97,50.27,0,1,0,0,66.31,0,Not Placed,0
STU0923,87.82,92.43,72.76,67.90,8.29,75.92,70.93,2,3,0,1,80.36,0,Placed,9.24
STU0924,70.03,72.68,76.29,77.51,7.74,89.87,82.97,1,2,0,2,98.89,0,Placed,8.04
STU0925,93.72,82.62,76.09,86.41,9.52,93.89,71.58,2,1,0,0,87.11,0,Placed,10.59
STU0926,74.06,82.53,79.26,73.89,7.66,82.70,74.53,3,2,0,0,90.93,0,Placed,8.39
STU0927,85.50,88.85,86.95,67.35,8.02,87.60,92.56,0,3,0,2,95.15,0,Placed,6.57
STU0928,90.34,77.37,89.56,87.54,8.91,90.67,70.97,2,2,0,2,89.61,0,Placed,8.62
STU0929,77.29,81.22,80.04,75.28,8.26,93.20,87.67,3,4,0,2,94.92,0,Placed,9.29
STU0930,74.04,51.27,64.61,55.32,6.92,54.15,74.20,1,1,0,0,69.67,0,Not Placed,0
STU0931,72.06,56.27,53.90,55.34,6.79,62.91,52.04,0,0,0,0,77.70,2,Not Placed,0
STU0932,52.50,66.65,61.00,44.51,7.39,63.76,71.53,0,1,0,0,72.58,1,Not Placed,0
STU0933,93.92,78.16,93.63,94.08,8.83,81.93,71.67,2,0,0,1,97.70,0,Placed,9.61
STU0934,60.28,51.90,63.59,64.67,5.65,52.34,61.93,0,1,0,0,69.46,1,Not Placed,0
STU0935,63.16,62.88,54.09,55.24,6.39,66.55,64.44,0,1,0,0,78.06,2,Not Placed,0
STU0936,93.95,93.34,92.07,70.73,9.57,82.88,83.16,1,0,0,2,80.03,0,Placed,9.32
STU0937,64.05,51.80,59.61,59.59,7.05,65.01,64.80,0,0,0,0,64.56,2,Not Placed,0
STU0938,91.54,73.80,92.44,67.36,8.94,86.77,82.08,0,0,8,0,89.01,0,Placed,8.09
STU0939,63.99,60.43,56.78,46.25,6.61,66.37,64.36,1,0,0,0,67.33,0,Not Placed,0
STU0940,70.39,63.24,52.16,54.39,5.79,54.30,73.60,0,0,0,0,76.35,2,Not Placed,0
STU0941,91.25,80.43,71.57,85.94,9.35,83.11,70.34,0,1,0,2,88.13,0,Placed,8.59
STU0942,93.80,88.42,79.18,69.24,8.90,83.00,91.34,0,4,6,2,97.22,0,Placed,8.42
STU0943,87.07,83.92,92.71,80.04,8.01,92.14,84.37,3,1,0,0,90.92,0,Placed,8.57
STU0944,81.77,78.13,93.47,74.14,8.21,78.42,80.02,2,4,0,0,90.29,0,Placed,7.71
STU0945,89.50,86.32,75.22,83.05,9.58,81.08,73.35,1,1,9,2,89.14,0,Placed,10.78
STU0946,51.52,62.37,62.47,59.63,5.55,58.40,74.03,0,0,0,0,60.40,2,Not Placed,0
STU0947,88.94,75.85,83.17,75.25,9.52,79.57,71.30,3,0,0,0,88.32,0,Placed,11.64
STU0948,73.32,73.87,63.76,43.66,7.57,60.92,72.57,1,1,0,0,73.03,2,Not Placed,0
STU0949,66.63,66.43,61.97,42.41,7.88,66.46,64.96,1,1,0,0,74.70,1,Not Placed,0
STU0950,57.73,53.43,61.84,58.84,5.55,50.10,66.84,1,0,0,0,62.86,2,Not Placed,0
STU0951,62.11,65.31,69.15,65.78,5.86,52.81,57.58,0,0,0,0,62.99,1,Not Placed,0
STU0952,52.22,66.56,73.66,52.39,7.20,65.60,52.79,1,1,0,0,67.40,0,Not Placed,0
STU0953,63.57,56.28,69.61,44.85,6.49,64.28,54.07,0,0,0,0,70.68,0,Not Placed,0
STU0954,89.51,72.98,93.43,88.49,8.41,84.96,72.25,3,1,0,2,95.51,0,Placed,8.15
STU0955,57.32,52.15,70.28,40.90,7.69,68.15,66.76,1,0,0,0,61.62,0,Placed,7.42
STU0956,70.87,82.77,80.19,73.24,8.36,92.02,81.43,0,0,0,0,84.07,0,Placed,7.02
STU0957,82.15,75.05,91.16,81.71,9.60,80.96,85.25,3,0,0,2,89.11,0,Placed,11.69
STU0958,59.88,56.61,67.02,53.90,5.99,58.77,74.93,0,1,0,0,75.81,1,Not Placed,0
STU0959,77.81,84.76,83.12,75.00,8.28,87.71,79.98,0,4,0,0,94.02,0,Placed,7.44
STU0960,63.56,64.93,64.49,66.44,6.15,54.45,71.81,0,1,0,0,76.02,2,Not Placed,0
STU0961,78.32,78.50,86.12,88.75,7.98,87.71,74.59,2,0,0,1,97.70,0,Placed,8.83
STU0962,63.34,74.89,58.60,62.68,5.75,53.06,64.59,0,0,0,0,73.01,1,Not Placed,0
STU0963,71.24,69.92,65.50,57.62,7.85,57.28,70.62,0,0,0,0,61.95,1,Not Placed,0
STU0964,89.39,70.47,75.28,93.22,8.92,86.97,89.72,3,0,0,2,92.27,0,Placed,9.11
STU0965,92.82,82.74,77.88,81.15,9.52,91.26,88.19,0,4,0,0,84.62,0,Placed,9.19
STU0966,84.78,75.98,86.58,93.30,9.03,87.01,80.95,3,0,0,2,91.40,0,Placed,10.81
STU0967,64.60,69.41,57.53,50.38,7.83,63.17,58.42,0,0,0,0,76.14,0,Not Placed,0
STU0968,80.46,83.28,86.91,66.78,8.81,78.28,94.05,2,3,0,1,85.62,0,Placed,8.28
STU0969,70.95,53.31,72.12,49.67,6.27,66.29,59.77,1,1,0,0,63.37,0,Not Placed,0
STU0970,54.59,56.68,66.25,42.00,6.73,51.26,53.68,1,1,0,0,62.66,0,Not Placed,0
STU0971,52.41,53.26,60.52,66.74,5.79,52.69,56.89,0,0,0,0,67.37,2,Not Placed,0
STU0972,88.89,89.64,84.88,91.14,8.15,88.86,74.20,0,2,0,0,96.41,0,Placed,7.11
STU0973,74.25,66.01,52.66,60.48,7.24,52.80,55.41,0,1,0,0,78.30,1,Not Placed,0
STU0974,84.02,72.28,76.51,70.84,9.64,92.51,71.48,0,4,0,0,93.37,0,Placed,8.97
STU0975,77.50,82.45,72.41,70.30,9.24,83.74,93.71,2,3,0,0,84.98,0,Placed,10.75
STU0976,90.71,94.06,85.29,91.02,9.09,81.70,91.85,2,1,0,1,81.82,0,Placed,9.95
STU0977,84.96,72.49,94.58,87.09,9.04,77.51,87.51,1,4,0,0,90.51,0,Placed,9.67
STU0978,62.90,51.33,54.99,66.04,7.23,66.47,69.50,1,1,0,0,76.89,2,Not Placed,0
STU0979,52.06,74.03,63.80,44.22,5.86,64.00,72.28,1,0,0,0,60.29,0,Not Placed,0
STU0980,70.11,73.47,94.26,66.13,8.91,90.20,82.60,2,3,0,1,83.61,0,Placed,10.29
STU0981,62.34,54.21,70.61,66.58,6.92,51.19,69.39,0,0,0,0,66.91,2,Not Placed,0
STU0982,75.82,89.45,76.51,93.94,8.92,86.42,83.59,3,0,4,0,82.22,0,Placed,9.64
STU0983,61.46,58.02,68.81,63.07,7.90,54.79,64.99,0,1,0,0,77.79,2,Not Placed,0
STU0984,70.53,74.35,93.31,93.86,8.87,91.25,75.40,0,3,0,0,86.32,0,Placed,8.15
STU0985,81.47,86.82,75.15,73.96,8.93,79.71,73.61,1,0,0,1,98.03,0,Placed,8.17
STU0986,91.80,90.39,84.43,73.79,7.54,94.84,93.49,3,3,0,2,87.26,0,Placed,7.07
STU0987,91.36,74.56,75.76,79.09,8.88,78.09,83.78,3,3,4,1,88.03,0,Placed,9.78
STU0988,77.50,82.27,93.17,81.57,8.27,93.58,88.21,3,0,0,2,83.68,0,Placed,8.55
STU0989,91.10,74.38,93.75,91.86,8.01,77.18,82.64,2,0,0,0,94.90,0,Placed,8.11
STU0990,50.91,58.82,72.03,46.76,5.76,69.76,62.07,0,0,0,0,73.54,2,Not Placed,0
STU0991,53.30,60.16,73.98,47.83,6.31,55.73,50.02,1,1,0,0,61.16,2,Not Placed,0
STU0992,90.16,78.29,89.73,88.56,9.46,83.93,85.56,2,0,0,2,85.67,0,Placed,10.94
STU0993,90.47,72.46,89.50,91.19,8.42,75.57,87.23,3,2,0,0,94.36,0,Placed,9.28
STU0994,78.59,86.52,70.83,83.35,9.43,77.96,85.11,1,0,0,1,84.35,0,Placed,9.54
STU0995,58.21,66.48,67.78,64.43,6.01,69.64,62.70,0,1,0,0,74.93,2,Not Placed,0
STU0996,74.82,65.56,73.42,51.37,7.82,57.77,54.94,0,0,0,0,60.46,0,Not Placed,0
STU0997,53.07,66.77,69.86,66.04,6.94,69.80,63.43,1,0,0,0,68.15,1,Not Placed,0
STU0998,91.25,70.13,94.58,71.05,8.69,85.49,80.26,1,2,0,0,89.31,0,Placed,8.99
STU0999,71.98,79.37,85.98,89.39,8.54,94.64,76.35,0,1,0,1,94.22,0,Placed,7.47
STU1000,72.30,83.08,77.16,80.73,8.25,83.73,70.44,1,2,0,2,96.05,0,Placed,7.77
STU1001,87.89,78.05,82.23,72.32,9.29,81.22,94.08,1,3,0,0,97.15,0,Placed,8.83
STU1002,88.20,70.43,94.85,67.96,7.78,76.83,72.82,3,1,0,2,86.79,0,Placed,7.61
STU1003,87.94,74.75,74.47,76.71,7.80,87.80,92.77,3,0,6,2,82.36,0,Placed,7.71
STU1004,90.77,71.50,71.29,70.29,7.54,93.73,84.34,3,3,0,0,86.73,0,Placed,8.09
STU1005,92.51,70.61,87.16,77.26,7.68,87.84,80.22,2,3,0,2,95.93,0,Placed,8.37
STU1006,91.90,73.44,89.58,71.82,9.47,76.85,77.09,3,0,0,2,86.20,0,Placed,10.98
STU1007,71.94,92.17,87.48,94.92,8.31,79.35,73.20,3,3,0,1,88.89,0,Placed,8.91
STU1008,55.34,68.72,62.80,41.01,5.72,54.42,71.16,0,0,0,0,75.36,0,Not Placed,0
STU1009,73.32,74.68,72.30,57.40,7.79,59.67,65.60,0,0,0,0,69.14,1,Not Placed,0
STU1010,81.70,88.45,87.95,85.00,8.91,78.09,88.68,2,2,0,1,80.44,0,Placed,10.32
STU1011,92.41,71.30,93.11,77.35,9.77,80.53,93.31,1,4,0,2,81.02,0,Placed,10.42
STU1012,86.47,84.35,80.41,78.11,8.53,86.38,87.51,0,4,0,2,92.70,0,Placed,8.33
STU1013,50.42,55.24,65.54,47.38,5.77,52.34,66.02,0,0,0,0,77.40,1,Not Placed,0
STU1014,50.29,62.24,74.73,54.79,6.41,63.77,61.97,0,1,0,0,65.65,1,Not Placed,0
STU1015,90.95,77.98,85.26,92.36,9.11,76.42,88.37,1,1,0,1,80.27,0,Placed,9.20
STU1016,58.78,59.06,65.11,52.39,6.03,58.26,53.16,0,1,0,0,63.38,1,Not Placed,0
STU1017,86.85,87.67,88.73,86.99,9.50,77.84,91.71,0,1,0,0,91.80,0,Placed,9.12
STU1018,89.50,76.11,79.62,68.80,8.52,83.21,93.68,2,1,0,0,92.74,0,Placed,8.26
STU1019,72.72,62.20,60.22,63.38,7.19,62.66,57.15,1,0,0,0,74.83,2,Not Placed,0
STU1020,75.15,71.32,70.75,74.58,9.31,92.91,77.72,0,4,0,2,84.20,0,Placed,9.97
STU1021,75.38,91.50,76.31,90.28,7.69,94.82,85.42,2,4,0,2,98.01,0,Placed,7.40
STU1022,82.97,79.33,75.53,73.22,9.03,88.54,90.84,3,4,0,0,95.30,0,Placed,10.72
STU1023,67.65,58.99,52.23,66.13,6.05,67.21,74.11,0,0,0,0,61.49,2,Not Placed,0
STU1024,81.29,70.77,91.05,73.77,9.28,90.29,70.56,3,4,0,0,89.40,0,Placed,10.71
STU1025,76.21,80.59,87.16,93.56,9.26,91.16,90.76,3,1,0,0,89.14,0,Placed,9.52
STU1026,66.28,53.63,74.03,49.13,6.21,63.43,54.20,1,0,0,0,60.59,2,Not Placed,0
STU1027,91.09,76.49,72.66,89.75,8.85,81.68,76.13,3,3,4,1,95.92,0,Placed,10.59
STU1028,85.91,79.07,84.58,79.74,7.92,86.99,72.54,1,0,0,1,87.10,0,Placed,7.08
STU1029,55.45,50.28,56.97,53.22,6.10,67.73,61.62,0,1,0,0,75.99,0,Not Placed,0
STU1030,78.31,72.74,89.61,67.58,9.37,89.50,84.01,0,2,0,2,84.47,0,Placed,9.87
STU1031,71.30,55.67,52.40,67.35,6.87,67.49,71.55,0,0,0,0,76.00,1,Not Placed,0
STU1032,54.85,55.79,50.81,50.75,6.50,66.69,67.07,1,0,0,0,73.44,1,Not Placed,0
STU1033,53.20,61.82,72.94,44.90,6.70,64.57,67.40,0,0,0,0,64.16,1,Not Placed,0
STU1034,79.72,70.30,72.28,84.69,8.36,82.39,89.04,1,2,5,0,86.41,0,Placed,7.27
STU1035,94.38,75.58,71.55,73.75,9.13,89.79,77.30,3,2,0,2,91.69,0,Placed,9.78
STU1036,80.50,83.36,71.67,84.63,8.88,85.55,74.26,3,4,0,0,80.51,0,Placed,9.62
STU1037,83.38,78.23,77.89,67.11,8.16,78.12,89.53,0,1,0,2,89.22,0,Placed,6.35
STU1038,51.99,63.13,59.13,59.13,5.95,61.09,69.08,0,1,0,0,64.64,1,Not Placed,0
STU1039,58.71,52.46,64.45,62.35,7.00,67.89,66.27,1,1,0,0,65.66,1,Not Placed,0
STU1040,90.27,94.90,88.10,81.87,9.54,78.33,80.93,3,3,0,2,91.54,0,Placed,10.16
STU1041,78.26,90.51,79.65,67.51,7.65,84.48,75.21,3,2,0,1,96.00,0,Placed,7.73
STU1042,85.68,89.88,86.35,78.46,9.64,75.94,94.86,1,0,0,1,90.93,0,Placed,9.98
STU1043,73.16,63.29,58.01,67.76,5.71,69.62,53.45,1,1,0,0,75.78,2,Not Placed,0
STU1044,62.62,66.01,54.99,67.50,6.11,65.01,55.33,1,1,0,0,64.62,1,Not Placed,0
STU1045,86.59,73.16,85.99,70.52,7.78,82.92,88.39,1,2,0,2,92.62,0,Placed,6.31
STU1046,83.90,72.53,78.24,78.60,9.19,89.72,76.69,0,0,0,1,98.26,0,Placed,9.22
STU1047,92.80,71.63,73.07,93.84,8.41,92.72,78.74,3,2,0,1,91.51,0,Placed,10.02
STU1048,56.83,55.15,66.39,61.07,6.83,53.70,56.09,0,0,0,0,74.25,2,Not Placed,0
STU1049,54.89,60.17,72.89,62.78,7.90,52.92,54.63,1,1,0,0,61.49,0,Not Placed,0
STU1050,72.68,57.86,65.41,68.59,5.58,68.93,56.37,1,1,0,0,72.27,0,Not Placed,0
STU1051,54.06,63.46,63.06,50.65,7.35,60.65,52.07,0,1,0,0,64.12,0,Not Placed,0
STU1052,54.87,51.91,74.09,63.50,7.74,62.09,70.75,1,1,0,0,71.86,0,Placed,6.91
STU1053,80.06,91.99,82.96,89.59,9.84,91.05,81.24,2,0,0,1,80.45,0,Placed,10.65
STU1054,77.21,76.96,78.89,72.85,8.62,93.67,80.93,2,1,0,0,86.51,0,Placed,9.40
STU1055,94.11,76.51,85.22,80.47,9.70,89.97,93.31,1,2,0,2,82.15,0,Placed,10.80
STU1056,67.32,72.44,66.34,55.00,7.30,68.05,51.43,1,1,0,0,76.11,0,Placed,5.75
STU1057,57.66,52.52,66.74,50.41,5.91,56.08,50.85,0,0,0,0,61.18,1,Not Placed,0
STU1058,74.64,89.14,70.75,73.53,8.71,91.27,91.15,3,1,0,1,84.94,0,Placed,9.19
STU1059,75.79,83.93,84.78,72.00,9.34,91.97,74.48,3,3,0,0,80.90,0,Placed,11.19
STU1060,57.00,55.50,69.36,48.02,7.28,64.46,64.16,1,1,0,0,64.32,2,Not Placed,0
STU1061,58.34,64.26,67.47,48.06,6.42,62.89,50.94,0,0,0,0,73.43,0,Not Placed,0
STU1062,59.00,52.78,63.86,54.12,6.73,53.14,59.38,0,0,0,0,75.77,0,Not Placed,0
STU1063,51.54,67.12,62.59,62.13,7.76,65.77,54.28,0,0,0,0,63.59,0,Not Placed,0
STU1064,61.76,57.65,58.00,65.25,7.57,50.49,63.15,1,1,0,0,70.35,0,Not Placed,0
STU1065,90.92,77.63,71.19,89.64,9.78,91.01,70.02,0,4,0,0,97.94,0,Placed,9.96
STU1066,87.04,92.97,92.80,84.90,8.23,85.69,81.39,3,1,0,0,88.06,0,Placed,9.06
STU1067,57.06,71.47,52.80,61.17,6.21,66.19,61.16,0,0,0,0,65.46,0,Not Placed,0
STU1068,73.03,67.70,57.90,60.65,5.62,63.87,66.80,0,0,0,0,60.60,1,Not Placed,0
STU1069,86.39,93.94,86.40,87.61,9.85,92.74,76.58,1,3,0,1,88.22,0,Placed,11.02
STU1070,50.28,69.92,73.02,44.88,6.17,65.56,64.90,0,0,0,0,77.87,0,Not Placed,0
STU1071,51.77,67.61,60.20,65.47,6.92,61.11,74.45,0,0,0,0,64.27,0,Not Placed,0
STU1072,68.98,63.75,52.62,56.80,6.90,63.86,59.67,0,0,0,0,72.16,1,Not Placed,0
STU1073,74.01,85.41,92.38,67.43,7.81,76.34,88.13,3,4,0,2,81.25,0,Placed,8.48
STU1074,73.55,75.07,93.16,71.55,8.28,86.69,80.09,1,2,9,2,97.74,0,Placed,8.52
STU1075,70.49,54.69,61.78,49.16,7.47,64.71,74.30,1,1,0,0,77.37,2,Not Placed,0
STU1076,58.31,55.99,71.16,66.11,5.58,65.11,64.45,1,1,0,0,68.02,2,Not Placed,0
STU1077,56.30,68.32,50.15,44.23,6.43,67.11,71.33,0,0,0,0,61.52,0,Not Placed,0
STU1078,90.90,81.05,70.95,74.86,9.51,85.64,87.18,0,3,0,0,93.25,0,Placed,8.41
STU1079,65.51,56.91,67.86,55.28,7.48,63.68,59.04,0,0,0,0,76.15,0,Not Placed,0
STU1080,74.06,70.13,66.68,61.31,6.31,56.81,66.46,1,0,0,0,69.14,1,Not Placed,0
STU1081,89.69,76.33,79.85,69.47,8.41,78.96,79.01,0,3,11,1,96.36,0,Placed,6.96
STU1082,87.39,91.86,76.56,73.62,8.84,79.87,85.23,1,2,0,2,96.35,0,Placed,8.68
STU1083,84.17,77.50,76.18,84.42,7.59,86.71,78.78,3,4,7,1,88.79,0,Placed,7.43
STU1084,83.97,76.65,75.07,87.37,9.83,91.85,73.37,1,0,0,0,90.72,0,Placed,10.96
STU1085,56.45,69.43,58.83,48.23,5.68,65.11,60.06,0,1,0,0,64.10,0,Not Placed,0
STU1086,61.12,70.11,53.54,56.93,7.72,67.23,52.58,0,1,0,0,73.84,1,Not Placed,0
STU1087,56.68,59.75,58.71,47.32,7.50,61.10,70.68,1,0,0,0,72.39,2,Not Placed,0
STU1088,94.97,91.48,76.85,93.09,9.09,82.39,84.07,0,1,0,2,87.85,0,Placed,7.82
STU1089,70.05,93.48,70.70,74.38,7.59,85.24,70.90,2,3,3,2,86.93,0,Placed,6.55
STU1090,80.67,85.25,85.64,83.49,8.60,87.58,94.94,1,0,0,0,89.99,0,Placed,8.39
STU1091,91.97,84.18,92.62,69.02,7.78,81.67,80.39,1,3,0,2,90.04,0,Placed,7.67
STU1092,79.85,71.75,89.54,65.60,8.83,92.79,89.46,0,0,0,0,84.72,0,Placed,7.81
STU1093,68.85,64.26,74.06,51.82,5.57,63.51,59.30,1,1,0,0,76.39,0,Not Placed,0
STU1094,86.31,93.41,94.53,89.27,7.74,94.19,80.51,3,3,0,2,88.81,0,Placed,8.71
STU1095,74.38,51.07,54.49,61.20,6.18,67.01,58.90,0,1,0,0,65.47,1,Not Placed,0
STU1096,67.39,56.98,73.00,61.70,7.62,63.29,50.99,1,1,0,0,71.43,1,Not Placed,0
STU1097,94.58,78.81,76.61,81.29,7.91,77.74,92.25,1,1,0,0,91.86,0,Placed,7.68
STU1098,81.29,71.52,78.91,74.91,8.66,88.50,87.20,1,4,0,2,98.63,0,Placed,7.63
STU1099,93.19,73.85,74.98,89.26,8.82,83.71,75.33,0,3,10,1,93.83,0,Placed,8.19
STU1100,83.24,86.37,94.61,75.54,7.79,88.09,84.95,0,4,0,1,93.58,0,Placed,5.71
STU1101,83.51,94.84,84.87,81.99,8.08,88.81,76.82,2,3,11,0,89.84,0,Placed,7.53
STU1102,58.09,64.31,60.94,46.18,7.08,59.88,74.24,0,0,0,0,62.10,2,Not Placed,0
STU1103,64.56,57.36,58.49,53.01,6.68,60.77,65.86,1,0,0,0,66.93,0,Not Placed,0
STU1104,70.77,66.49,56.52,46.27,6.96,58.11,55.83,1,0,0,0,76.75,1,Not Placed,0
STU1105,55.53,68.58,72.67,60.29,6.72,66.51,59.42,1,1,0,0,60.18,2,Not Placed,0
STU1106,90.83,80.87,71.27,89.41,8.20,79.28,80.02,0,1,9,1,96.92,0,Placed,6.94
STU1107,60.95,73.64,53.08,44.34,5.70,69.78,62.56,1,0,0,0,69.83,0,Not Placed,0
STU1108,74.17,92.32,72.98,91.31,8.53,81.37,82.45,3,4,0,2,83.49,0,Placed,9.98
STU1109,75.58,76.06,81.62,71.85,9.01,77.96,80.22,2,0,0,0,83.40,0,Placed,10.17
STU1110,93.86,75.44,85.59,66.37,7.80,85.28,76.90,0,4,3,0,96.54,0,Placed,7.01
STU1111,88.21,90.15,70.38,65.63,8.94,90.19,86.41,0,0,0,0,91.52,0,Placed,8.63
STU1112,77.51,81.99,91.99,65.63,9.49,91.11,74.69,1,4,0,0,82.15,0,Placed,10.38
STU1113,84.72,76.35,85.68,81.41,8.72,85.64,72.15,0,3,0,2,85.39,0,Placed,8.56
STU1114,89.94,76.18,70.18,86.33,7.82,88.94,79.71,3,3,0,0,87.38,0,Placed,8.90
STU1115,81.03,78.95,72.50,80.39,8.95,78.30,79.13,3,1,0,1,85.14,0,Placed,10.91
STU1116,77.69,90.01,82.18,82.00,8.92,86.32,94.54,0,1,0,1,88.34,0,Placed,8.94
STU1117,68.07,55.02,52.65,40.08,6.61,64.34,57.94,1,0,0,0,64.78,2,Not Placed,0
STU1118,81.48,84.65,86.31,68.19,9.02,79.00,83.87,2,1,0,2,83.40,0,Placed,8.64
STU1119,71.91,66.34,64.33,67.98,7.81,67.06,56.43,0,0,0,0,77.39,2,Not Placed,0
STU1120,90.41,89.35,78.78,81.59,9.54,88.13,83.20,3,1,0,0,96.50,0,Placed,11.16
STU1121,80.63,70.60,82.96,84.93,7.85,80.40,90.72,2,0,0,0,88.83,0,Placed,8.42
STU1122,71.59,72.44,56.08,59.19,7.89,66.31,63.93,1,1,0,0,76.37,1,Not Placed,0
STU1123,77.21,71.85,84.33,68.08,8.86,85.61,93.58,2,0,0,2,87.15,0,Placed,9.93
STU1124,72.60,90.58,86.23,93.42,9.75,87.97,70.72,1,4,0,2,92.34,0,Placed,9.36
STU1125,82.63,87.84,74.66,80.40,7.90,84.82,86.91,2,3,2,1,94.16,0,Placed,6.97
STU1126,82.54,73.57,73.15,69.22,9.40,86.71,85.74,2,0,0,1,81.50,0,Placed,10.37
STU1127,74.13,62.40,74.43,44.77,5.70,58.77,50.58,1,1,0,0,70.40,0,Not Placed,0
STU1128,86.53,82.15,87.53,67.05,8.59,78.31,94.20,1,4,0,1,97.36,0,Placed,8.25
STU1129,60.79,50.50,57.83,42.65,7.87,58.17,65.47,1,1,0,0,74.07,0,Placed,7.23
STU1130,65.54,54.65,73.39,45.12,5.92,51.66,71.05,1,0,0,0,74.01,1,Not Placed,0
STU1131,81.46,82.57,89.16,93.64,8.36,82.42,71.06,2,2,0,2,98.24,0,Placed,8.76
STU1132,82.85,82.48,75.20,73.08,8.84,79.35,76.89,0,3,1,0,95.96,0,Placed,8.32
STU1133,71.25,89.27,78.56,89.14,8.88,88.68,85.13,1,4,0,0,87.99,0,Placed,9.66
STU1134,53.54,50.14,66.72,42.00,5.83,68.55,50.97,0,1,0,0,73.18,0,Not Placed,0
STU1135,71.83,67.93,69.90,51.31,6.88,58.29,61.95,0,0,0,0,69.41,1,Not Placed,0
STU1136,50.17,54.22,56.88,63.66,7.76,58.79,71.25,0,1,0,0,65.02,1,Not Placed,0
STU1137,62.11,66.19,52.72,64.00,7.83,51.92,62.09,0,1,0,0,67.76,0,Not Placed,0
STU1138,62.38,64.43,57.28,57.05,5.76,65.03,61.25,0,1,0,0,62.43,0,Not Placed,0
STU1139,87.82,84.16,80.16,65.38,9.86,89.13,70.62,2,4,0,1,81.32,0,Placed,10.77
STU1140,81.70,92.21,88.51,71.79,8.48,84.30,74.00,1,2,8,0,88.93,0,Placed,7.78
STU1141,55.70,72.52,68.06,51.74,5.92,54.59,69.42,1,0,0,0,76.48,1,Not Placed,0
STU1142,73.54,75.50,89.58,71.99,7.73,75.66,74.32,1,2,0,0,82.41,0,Placed,6.65
STU1143,71.25,68.42,72.02,46.17,6.60,59.28,69.55,1,0,0,0,78.89,2,Not Placed,0
STU1144,61.25,72.60,59.35,63.30,6.29,59.89,67.45,0,0,0,0,73.71,2,Not Placed,0
STU1145,86.69,93.59,81.55,93.56,9.70,88.92,90.55,3,1,0,1,94.27,0,Placed,11.43
STU1146,91.78,89.86,88.94,76.15,9.60,89.27,80.50,2,0,0,1,80.10,0,Placed,10.72
STU1147,61.04,71.96,68.51,45.70,6.77,50.90,70.33,0,0,0,0,60.69,2,Not Placed,0
STU1148,82.15,81.56,88.61,80.11,7.60,80.94,72.40,2,1,6,1,98.03,0,Placed,7.81
STU1149,82.39,91.31,86.12,74.44,9.88,82.63,92.75,1,2,0,1,87.28,0,Placed,9.66
STU1150,93.91,88.58,79.08,78.30,8.87,84.32,72.77,1,1,0,1,91.44,0,Placed,9.36
STU1151,74.04,53.79,66.30,66.68,7.55,63.26,62.98,0,1,0,0,68.56,0,Not Placed,0
STU1152,73.93,50.28,61.52,47.85,7.41,59.29,59.23,1,0,0,0,70.76,2,Not Placed,0
STU1153,72.83,88.38,79.18,66.39,9.89,80.89,93.43,1,4,0,1,83.63,0,Placed,9.71
STU1154,73.77,71.20,83.86,88.57,8.38,79.26,75.81,1,1,0,0,97.47,0,Placed,8.62
STU1155,92.47,76.04,73.56,87.55,7.99,85.08,87.23,2,1,0,2,82.00,0,Placed,8.27
STU1156,82.98,74.58,71.72,86.58,8.40,82.06,77.45,2,4,0,0,94.93,0,Placed,8.91
STU1157,80.55,79.63,85.72,70.76,8.87,82.13,87.19,3,1,0,2,91.25,0,Placed,8.83
STU1158,71.60,74.45,89.82,83.91,9.32,94.14,74.83,2,3,2,0,97.92,0,Placed,9.88
STU1159,55.19,59.49,67.29,50.78,5.77,56.79,62.46,1,1,0,0,77.59,0,Not Placed,0
STU1160,80.46,71.06,91.48,94.76,9.17,79.28,78.15,2,2,5,2,87.87,0,Placed,10.27
STU1161,71.30,85.20,73.82,67.51,8.52,88.55,70.23,2,3,0,0,92.67,0,Placed,8.13
STU1162,87.14,72.60,82.21,79.12,8.17,85.49,70.20,0,4,0,0,88.12,0,Placed,7.26
STU1163,62.30,54.40,59.88,53.69,7.74,68.07,73.98,1,0,0,0,77.30,0,Placed,6.19
STU1164,52.99,67.71,53.98,50.30,7.54,66.24,54.68,1,1,0,0,67.43,0,Placed,6.22
STU1165,65.21,63.15,62.63,49.80,6.18,52.44,58.60,1,1,0,0,61.64,0,Not Placed,0
STU1166,72.00,80.26,85.06,75.12,9.57,81.57,79.00,2,2,0,2,89.09,0,Placed,10.63
STU1167,73.21,53.44,73.65,52.02,6.31,62.23,54.11,1,1,0,0,73.30,1,Not Placed,0
STU1168,53.14,57.50,70.94,64.09,6.99,60.21,57.90,1,1,0,0,71.50,1,Not Placed,0
STU1169,80.45,85.29,86.52,71.38,7.61,88.12,79.72,0,2,0,1,82.26,0,Placed,7.04
STU1170,60.06,51.97,74.70,60.16,7.14,59.17,62.27,1,0,0,0,67.76,0,Not Placed,0
STU1171,88.67,94.92,79.37,83.27,9.51,91.59,74.44,0,2,2,2,81.37,0,Placed,9.29
STU1172,73.34,54.07,53.94,52.34,7.72,62.98,59.12,1,0,0,0,62.32,1,Not Placed,0
STU1173,70.36,57.19,73.73,47.91,5.65,69.35,56.33,0,1,0,0,75.11,0,Not Placed,0
STU1174,57.64,74.81,64.53,58.63,7.40,67.72,57.74,1,0,0,0,72.32,2,Not Placed,0
STU1175,54.75,56.83,57.23,56.43,7.18,60.49,58.16,1,1,0,0,69.44,0,Not Placed,0
STU1176,76.97,71.67,82.48,71.44,7.84,91.13,76.36,1,0,0,2,84.77,0,Placed,8.14
STU1177,53.79,61.92,65.11,43.89,6.75,56.06,67.79,0,0,0,0,77.41,1,Not Placed,0
STU1178,63.97,62.71,53.97,66.97,7.87,69.10,65.72,1,0,0,0,60.94,1,Not Placed,0
STU1179,93.29,94.06,94.45,68.65,8.35,89.99,82.49,3,1,0,2,98.24,0,Placed,8.57
STU1180,75.50,87.40,80.51,82.90,9.56,89.97,79.26,3,1,0,1,83.72,0,Placed,11.47
STU1181,87.58,84.42,74.51,67.47,8.30,82.66,77.68,0,2,0,2,91.20,0,Placed,7.86
STU1182,70.16,54.09,54.80,48.00,5.90,50.59,61.73,1,0,0,0,62.65,1,Not Placed,0
STU1183,50.97,65.55,50.88,55.63,5.74,57.94,58.37,0,0,0,0,75.12,1,Not Placed,0
STU1184,81.35,86.61,73.72,70.42,8.78,77.51,79.63,3,0,0,1,86.19,0,Placed,10.04
STU1185,72.21,67.43,55.31,40.66,6.62,66.88,58.20,1,0,0,0,60.56,2,Not Placed,0
STU1186,55.04,58.78,72.69,46.05,5.82,63.96,50.96,1,0,0,0,65.17,0,Not Placed,0
STU1187,57.03,62.07,62.03,50.47,5.96,69.46,70.25,1,1,0,0,73.69,1,Not Placed,0
STU1188,62.92,55.00,66.52,60.18,6.81,57.15,65.45,0,1,0,0,67.34,1,Not Placed,0
STU1189,82.12,87.61,94.98,73.90,8.97,76.56,73.89,2,3,0,1,90.92,0,Placed,8.78
STU1190,72.29,92.53,84.38,88.06,8.57,82.52,90.56,1,0,0,1,93.49,0,Placed,8.71
STU1191,76.02,82.62,87.65,65.68,8.27,84.84,82.26,1,3,0,2,97.04,0,Placed,8.34
STU1192,73.02,50.93,53.19,65.54,6.58,67.31,62.36,0,1,0,0,70.01,0,Not Placed,0
STU1193,69.49,71.03,52.32,65.24,5.87,64.98,74.92,0,0,0,0,72.33,0,Not Placed,0
STU1194,79.63,73.01,91.52,73.76,9.71,89.47,87.67,2,2,0,0,88.57,0,Placed,10.96
STU1195,93.88,83.01,77.83,85.08,8.91,91.98,80.06,1,4,2,1,92.11,0,Placed,9.07
STU1196,84.32,76.71,79.26,81.96,8.41,91.08,78.09,0,4,0,0,81.63,0,Placed,7.71
STU1197,61.14,60.87,62.70,46.29,5.55,58.57,61.77,1,1,0,0,78.84,1,Not Placed,0
STU1198,54.09,61.15,71.97,41.66,7.32,55.18,66.50,1,1,0,0,69.51,1,Not Placed,0
STU1199,59.22,63.58,60.45,69.84,5.80,66.33,58.25,1,1,0,0,65.85,1,Not Placed,0
STU1200,89.59,73.98,70.36,86.12,8.63,81.63,88.43,3,3,0,1,85.11,0,Placed,10.07
STU1201,87.56,77.47,84.96,76.64,8.24,89.22,71.40,2,3,11,2,86.87,0,Placed,7.53
STU1202,90.78,89.68,73.34,81.56,9.12,76.19,92.69,3,0,0,1,90.23,0,Placed,9.85
STU1203,91.22,87.34,90.60,75.56,8.85,84.94,94.85,2,2,0,1,88.44,0,Placed,10.10
STU1204,62.26,52.13,57.75,57.74,5.66,66.52,74.55,0,1,0,0,63.43,1,Not Placed,0
STU1205,70.27,79.17,85.48,94.43,8.16,76.24,80.63,3,4,3,0,87.26,0,Placed,8.41
STU1206,69.53,60.26,59.64,68.08,5.97,62.74,58.52,1,1,0,0,66.46,1,Not Placed,0
STU1207,88.25,84.59,86.09,78.87,8.33,91.78,72.82,2,0,0,1,93.26,0,Placed,9.08
STU1208,56.47,62.40,59.17,65.78,6.56,69.62,64.32,1,0,0,0,78.58,2,Not Placed,0
STU1209,62.94,62.24,71.16,66.99,6.08,63.30,64.81,1,1,0,0,67.76,1,Not Placed,0
STU1210,57.36,64.54,60.59,63.19,6.17,69.40,57.39,1,1,0,0,62.20,1,Not Placed,0
STU1211,74.99,74.06,81.79,78.23,7.54,90.07,90.94,3,1,0,2,97.27,0,Placed,7.60
STU1212,70.88,88.09,94.58,66.44,9.07,80.71,74.02,0,1,0,2,92.76,0,Placed,8.20
STU1213,89.38,77.92,80.54,68.97,7.80,84.98,94.39,1,4,0,2,95.57,0,Placed,8.06
STU1214,57.15,55.07,53.34,51.33,7.38,68.04,72.24,0,1,0,0,65.59,2,Not Placed,0
STU1215,64.05,71.16,66.53,46.69,5.62,63.35,52.41,1,1,0,0,67.44,2,Not Placed,0
STU1216,87.35,86.45,84.30,70.80,8.00,82.53,90.41,1,0,0,2,82.79,0,Placed,8.00
STU1217,62.10,52.69,63.29,45.59,5.86,61.43,71.62,1,0,0,0,76.74,0,Not Placed,0
STU1218,78.62,85.51,84.85,79.99,9.90,94.58,89.43,0,0,0,2,83.03,0,Placed,8.98
STU1219,53.17,72.89,52.12,66.79,7.39,56.48,74.29,1,0,0,0,63.54,2,Not Placed,0
STU1220,57.31,69.24,58.40,42.39,6.76,56.31,55.19,1,0,0,0,63.80,2,Not Placed,0
STU1221,61.33,73.21,60.39,41.66,7.51,62.35,72.39,0,1,0,0,71.28,1,Not Placed,0
STU1222,78.01,81.93,79.72,87.73,8.97,79.83,91.99,2,3,11,1,80.51,0,Placed,9.31
STU1223,87.28,72.04,83.70,76.43,7.98,88.93,85.24,2,1,0,0,88.89,0,Placed,8.56
STU1224,71.93,76.73,82.01,79.46,9.83,87.82,77.06,1,4,0,1,83.24,0,Placed,10.61
STU1225,83.33,78.60,93.28,81.02,8.40,93.18,72.51,0,4,0,0,92.70,0,Placed,8.03
STU1226,76.17,89.90,94.64,70.16,8.09,82.93,73.97,3,3,3,2,94.24,0,Placed,7.65
STU1227,89.58,80.77,76.16,72.45,7.67,78.68,89.93,2,3,0,0,87.34,0,Placed,6.68
STU1228,70.17,77.19,75.48,74.27,8.94,87.82,86.32,2,1,0,2,84.97,0,Placed,9.85
STU1229,57.90,58.32,71.39,60.95,5.82,58.46,59.26,0,0,0,0,76.74,2,Not Placed,0
STU1230,90.19,85.74,70.73,89.09,8.99,83.64,73.85,3,4,0,2,93.25,0,Placed,9.62
STU1231,91.95,75.57,75.91,79.02,9.36,83.08,77.61,3,0,11,1,94.09,0,Placed,10.13
STU1232,92.77,88.23,78.80,73.46,8.10,84.46,76.07,3,2,0,2,87.69,0,Placed,7.92
STU1233,81.60,83.60,90.79,83.22,9.21,80.24,86.55,3,1,0,1,84.27,0,Placed,10.64
STU1234,71.59,86.67,78.06,69.63,8.10,87.80,80.32,0,2,0,1,94.88,0,Placed,6.98
STU1235,55.22,72.59,53.35,43.96,7.41,66.88,52.38,0,0,0,0,61.38,0,Not Placed,0
STU1236,92.34,89.67,92.66,73.28,7.54,82.25,75.15,2,3,1,2,95.92,0,Placed,8.05
STU1237,80.34,94.94,74.30,73.35,8.08,80.79,94.93,0,0,0,1,93.73,0,Placed,6.42
STU1238,78.06,94.26,86.77,75.69,8.78,80.31,76.31,3,4,0,0,93.40,0,Placed,9.24
STU1239,71.93,94.34,89.08,83.97,7.53,88.86,77.86,1,4,10,0,94.49,0,Placed,7.05
STU1240,73.72,91.29,94.10,86.79,9.52,81.19,85.93,3,0,0,0,80.75,0,Placed,9.85
STU1241,73.84,92.53,79.56,81.41,8.00,80.00,85.65,2,1,0,2,89.92,0,Placed,8.48
STU1242,89.16,75.68,77.32,84.46,9.18,91.92,75.10,0,0,0,1,91.08,0,Placed,8.44
STU1243,61.54,72.31,67.56,60.46,5.80,59.82,63.48,0,0,0,0,60.53,0,Not Placed,0
STU1244,60.28,71.27,72.20,59.11,7.79,60.21,71.45,1,1,0,0,72.29,0,Placed,6.81
STU1245,72.30,76.67,93.67,91.09,8.51,91.64,77.97,2,4,0,2,97.48,0,Placed,8.04
STU1246,50.48,53.48,56.88,56.17,6.73,69.40,56.85,1,1,0,0,64.30,2,Not Placed,0
STU1247,57.92,54.12,55.78,43.36,6.34,59.90,71.14,0,0,0,0,61.28,0,Not Placed,0
STU1248,84.22,72.88,84.33,91.27,9.70,91.72,79.49,0,0,11,0,92.05,0,Placed,10.37
STU1249,89.22,73.55,92.71,91.21,7.70,76.68,94.64,1,1,3,0,98.04,0,Placed,7.25
STU1250,73.65,92.37,74.23,77.73,7.76,79.35,92.21,2,1,0,1,86.32,0,Placed,6.65
STU1251,90.24,90.78,93.93,92.37,9.25,90.37,72.81,1,4,4,2,86.19,0,Placed,9.00
STU1252,73.56,86.54,81.02,94.16,8.21,75.69,71.78,0,4,0,0,96.72,0,Placed,6.66
STU1253,74.72,51.71,61.15,62.05,5.90,53.86,65.29,0,1,0,0,68.96,0,Not Placed,0
STU1254,94.09,81.89,88.77,91.09,8.91,86.27,94.47,3,2,0,0,91.79,0,Placed,9.28
STU1255,72.53,64.75,64.68,48.43,6.23,58.18,69.65,0,0,0,0,63.10,0,Not Placed,0
STU1256,73.93,62.15,51.61,63.04,7.82,54.07,74.21,1,1,0,0,69.23,0,Not Placed,0
STU1257,89.08,76.06,80.84,65.63,8.55,88.13,91.82,1,1,0,1,86.81,0,Placed,8.17
STU1258,57.23,70.53,54.76,57.41,6.30,52.61,58.12,1,0,0,0,78.20,2,Not Placed,0
STU1259,61.64,74.69,64.95,47.49,6.15,56.98,65.12,1,1,0,0,70.12,2,Not Placed,0
STU1260,84.67,84.81,73.46,77.17,8.92,82.93,71.42,3,3,0,0,83.73,0,Placed,9.97
STU1261,68.16,56.38,66.05,49.18,6.91,65.84,72.17,1,1,0,0,77.33,1,Not Placed,0
STU1262,82.36,85.70,70.62,76.04,8.00,85.92,77.36,3,4,0,0,84.97,0,Placed,9.19
STU1263,74.90,56.97,58.38,51.05,7.46,63.53,69.57,1,1,0,0,74.07,0,Placed,6.98
STU1264,63.47,73.55,64.44,61.52,6.94,69.56,70.13,1,0,0,0,66.50,1,Not Placed,0
STU1265,82.69,86.25,94.02,78.32,8.52,89.62,93.26,3,1,0,0,93.80,0,Placed,8.78
STU1266,77.12,73.91,74.49,91.12,8.64,89.01,81.06,3,0,0,1,95.75,0,Placed,8.82
STU1267,92.10,91.74,94.59,72.01,8.51,77.12,74.67,3,4,0,2,83.14,0,Placed,9.14
STU1268,70.37,72.56,92.77,75.06,8.99,93.32,77.04,2,0,0,0,85.75,0,Placed,9.81
STU1269,87.77,89.37,83.10,87.13,7.58,90.48,70.03,0,3,0,2,89.47,0,Placed,5.82
STU1270,71.47,55.21,61.41,56.54,6.09,66.91,58.18,1,0,0,0,71.43,2,Not Placed,0
STU1271,56.85,61.55,72.54,58.72,6.98,67.85,55.82,1,0,0,0,75.85,1,Not Placed,0
STU1272,62.34,59.88,74.35,49.12,7.09,63.07,68.08,1,1,0,0,70.00,0,Not Placed,0
STU1273,79.72,93.90,79.69,93.02,8.86,81.70,80.82,2,0,0,2,85.99,0,Placed,8.99
STU1274,86.13,91.49,87.19,91.30,8.50,93.83,86.89,2,3,0,2,84.92,0,Placed,9.58
STU1275,92.77,83.02,75.21,72.63,9.27,77.88,88.58,2,0,0,1,91.08,0,Placed,10.13
STU1276,56.73,72.25,57.11,66.18,5.92,56.12,56.51,0,1,0,0,63.68,1,Not Placed,0
STU1277,82.78,78.42,72.46,87.25,7.88,78.59,86.99,2,2,0,0,93.45,0,Placed,7.35
STU1278,69.22,63.39,50.65,44.06,6.17,58.84,60.34,0,1,0,0,68.63,2,Not Placed,0
STU1279,71.99,51.82,57.09,50.42,5.61,62.54,62.23,0,1,0,0,68.62,2,Not Placed,0
STU1280,83.10,70.41,87.04,90.26,7.56,87.14,73.30,3,3,0,1,95.87,0,Placed,8.26
STU1281,87.21,70.96,83.87,69.72,8.78,90.22,74.45,3,4,0,2,83.96,0,Placed,10.11
STU1282,71.75,74.93,70.83,76.43,9.87,78.76,74.72,3,3,0,2,90.36,0,Placed,11.76
STU1283,90.18,82.33,70.37,85.34,7.64,76.34,78.78,1,2,0,1,98.62,0,Placed,7.27
STU1284,86.73,81.66,84.43,85.04,8.54,89.91,94.69,2,4,2,0,85.34,0,Placed,9.31
STU1285,72.12,56.17,74.17,47.61,7.35,63.69,71.04,0,1,0,0,62.38,0,Not Placed,0
STU1286,86.97,89.59,89.71,71.46,7.99,83.36,74.29,1,1,0,1,81.38,0,Placed,7.46
STU1287,85.25,87.16,91.20,84.12,8.53,83.52,76.35,0,2,0,0,95.55,0,Placed,7.30
STU1288,59.74,51.77,55.80,51.13,5.56,60.79,69.71,1,0,0,0,70.02,2,Not Placed,0
STU1289,88.34,91.28,93.73,90.04,8.76,85.38,90.69,0,3,0,1,81.77,0,Placed,7.95
STU1290,55.43,66.54,50.82,62.07,5.75,54.03,66.61,0,1,0,0,75.73,0,Not Placed,0
STU1291,73.46,68.62,66.25,57.49,6.10,54.02,54.27,0,1,0,0,66.64,2,Not Placed,0
STU1292,51.39,60.73,72.55,55.87,7.19,58.80,65.95,1,0,0,0,63.23,0,Not Placed,0
STU1293,79.90,79.20,73.59,78.42,9.20,91.25,89.35,0,2,0,0,94.61,0,Placed,8.98
STU1294,88.73,79.53,72.07,66.32,9.67,91.36,87.15,3,2,5,0,86.55,0,Placed,10.54
STU1295,65.28,59.80,51.70,66.07,7.88,55.03,74.88,1,1,0,0,71.63,0,Placed,7.68
STU1296,78.09,87.77,90.80,86.22,9.71,85.46,79.88,2,3,0,1,80.38,0,Placed,9.96
STU1297,95.00,93.50,72.26,67.96,9.32,85.29,82.65,1,1,6,1,81.95,0,Placed,9.94
STU1298,78.17,90.95,76.75,68.36,9.85,78.99,85.57,3,0,0,0,87.30,0,Placed,11.58
STU1299,64.39,52.30,65.25,53.18,6.54,68.53,54.40,1,0,0,0,60.06,2,Not Placed,0
STU1300,75.53,77.47,91.89,84.75,8.71,81.93,89.64,3,2,0,2,80.27,0,Placed,9.94
STU1301,75.62,82.36,90.29,72.65,8.25,82.60,93.82,3,3,0,1,92.84,0,Placed,9.64
STU1302,73.85,78.09,92.85,94.17,7.75,89.67,93.12,0,0,0,2,94.13,0,Placed,5.70
STU1303,89.39,70.50,92.70,86.70,9.62,84.79,80.76,3,3,0,1,83.05,0,Placed,10.02
STU1304,58.33,71.52,65.95,52.32,5.55,61.07,58.87,1,0,0,0,70.90,1,Not Placed,0
STU1305,66.58,68.79,65.90,59.48,5.90,64.32,55.40,0,1,0,0,64.11,1,Not Placed,0
STU1306,52.98,60.13,53.24,60.05,6.63,54.94,62.75,1,0,0,0,68.48,2,Not Placed,0
STU1307,89.40,90.73,71.43,65.30,7.68,88.53,74.85,1,1,0,0,89.41,0,Placed,6.05
STU1308,77.27,83.55,70.11,70.24,7.57,79.01,84.13,2,0,0,2,92.66,0,Placed,6.96
STU1309,85.21,75.43,92.31,74.95,9.18,91.67,77.84,2,4,0,0,87.44,0,Placed,9.77
STU1310,74.64,89.94,75.81,92.13,9.81,77.58,83.93,1,3,0,0,93.50,0,Placed,9.83
STU1311,70.46,77.70,85.43,87.68,9.00,75.06,87.36,3,4,0,0,84.56,0,Placed,10.53
STU1312,86.47,87.72,76.96,93.77,7.52,89.88,90.16,0,0,0,2,88.28,0,Placed,5.90
STU1313,72.43,51.80,60.38,53.45,5.96,56.73,73.02,1,1,0,0,60.33,0,Not Placed,0
STU1314,75.93,71.63,74.18,82.26,9.46,86.65,79.83,2,4,0,1,90.48,0,Placed,9.63
STU1315,66.66,71.66,65.93,63.70,7.13,65.37,71.47,0,1,0,0,61.86,0,Not Placed,0
STU1316,74.49,74.28,82.15,88.90,7.85,83.59,92.15,3,0,6,2,97.77,0,Placed,9.13
STU1317,74.94,76.73,89.14,81.83,7.64,77.38,72.79,3,0,0,2,82.67,0,Placed,8.90
STU1318,90.79,93.92,83.44,82.14,7.64,81.34,86.80,3,4,7,0,82.73,0,Placed,7.22
STU1319,75.75,89.77,84.12,85.04,8.15,94.65,71.96,0,2,0,1,94.14,0,Placed,7.81
STU1320,69.75,58.00,63.27,55.23,7.57,52.28,59.20,1,0,0,0,67.33,1,Not Placed,0
STU1321,53.53,53.11,64.43,66.59,6.21,69.17,60.78,1,0,0,0,75.49,2,Not Placed,0
STU1322,84.49,75.36,79.03,80.41,8.38,84.02,74.73,0,3,9,1,98.01,0,Placed,8.40
STU1323,86.19,87.73,93.69,93.15,8.49,92.29,87.52,3,3,0,0,93.01,0,Placed,8.95
STU1324,58.64,52.00,69.26,61.72,6.35,60.09,71.36,0,0,0,0,75.67,1,Not Placed,0
STU1325,55.37,70.94,57.29,68.06,5.84,58.59,70.41,0,0,0,0,78.57,0,Not Placed,0
STU1326,77.49,79.11,82.51,65.65,8.01,85.52,90.22,1,2,0,1,83.01,0,Placed,7.16
STU1327,74.98,66.70,64.49,59.01,6.18,52.26,67.50,1,1,0,0,74.50,2,Not Placed,0
STU1328,83.11,74.35,77.79,86.89,7.57,77.76,85.47,0,1,0,1,82.96,0,Placed,7.32
STU1329,56.14,64.26,54.92,55.00,6.44,60.80,52.70,0,1,0,0,70.97,0,Not Placed,0
STU1330,79.75,85.52,73.82,91.19,7.68,83.81,78.95,1,0,0,2,97.53,0,Placed,7.71
STU1331,93.21,73.27,92.98,71.15,8.28,75.82,93.77,3,0,0,2,93.16,0,Placed,9.30
STU1332,72.74,75.47,79.60,66.61,7.57,91.29,89.17,2,4,7,2,98.66,0,Placed,8.30
STU1333,68.10,60.99,70.07,41.96,6.58,62.14,59.66,1,1,0,0,75.37,0,Not Placed,0
STU1334,62.20,50.82,68.58,57.34,6.11,57.85,70.48,0,1,0,0,69.57,1,Not Placed,0
STU1335,54.20,70.53,71.63,60.94,6.75,53.57,70.00,1,0,0,0,63.07,0,Not Placed,0
STU1336,81.22,87.56,72.75,83.78,8.39,91.09,71.68,3,3,0,0,83.90,0,Placed,9.58
STU1337,92.22,78.96,82.80,81.79,9.29,76.97,71.85,0,1,7,1,97.93,0,Placed,8.83
STU1338,69.13,57.55,68.12,40.61,5.53,63.83,57.15,1,1,0,0,70.89,0,Not Placed,0
STU1339,52.75,66.31,70.22,47.23,6.31,59.22,54.79,1,1,0,0,71.51,2,Not Placed,0
STU1340,56.41,60.45,74.02,64.56,7.53,61.28,50.65,1,0,0,0,69.43,2,Not Placed,0
STU1341,79.82,77.74,93.99,80.24,8.26,90.63,93.39,1,4,0,1,80.18,0,Placed,8.61
STU1342,72.00,90.48,82.07,92.25,7.64,82.77,79.83,2,3,0,2,93.86,0,Placed,7.13
STU1343,77.58,92.00,76.09,90.09,8.87,90.00,92.95,0,2,0,1,91.48,0,Placed,8.34
STU1344,63.20,62.05,54.51,52.27,7.15,62.25,61.77,0,1,0,0,78.35,2,Not Placed,0
STU1345,74.14,86.34,74.76,90.00,9.26,83.52,72.27,2,0,0,0,86.52,0,Placed,8.99
STU1346,70.67,86.21,83.36,73.09,8.09,90.90,77.88,2,2,0,2,89.06,0,Placed,7.78
STU1347,73.66,69.88,71.64,48.43,6.35,52.77,66.54,1,0,0,0,62.22,2,Not Placed,0
STU1348,88.35,90.49,77.41,92.41,8.71,78.31,83.42,3,2,0,0,94.22,0,Placed,8.97
STU1349,90.30,76.23,78.75,68.07,8.20,93.65,88.36,3,1,0,2,89.07,0,Placed,8.56
STU1350,83.71,90.83,84.27,85.65,9.55,93.86,78.04,0,2,0,2,92.56,0,Placed,9.85
STU1351,83.46,90.78,79.57,92.13,9.21,91.76,71.44,3,3,0,1,89.27,0,Placed,10.75
STU1352,66.38,71.56,64.49,69.57,6.52,61.68,57.69,1,0,0,0,73.02,2,Not Placed,0
STU1353,79.99,90.49,84.71,88.15,9.67,80.55,94.50,0,2,0,0,91.02,0,Placed,8.90
STU1354,56.50,60.97,72.46,56.34,6.07,68.70,66.40,0,1,0,0,66.13,2,Not Placed,0
STU1355,77.03,85.06,86.97,79.37,8.56,76.82,75.07,3,3,2,2,95.54,0,Placed,9.94
STU1356,72.68,74.36,91.53,71.45,7.58,89.08,84.65,2,3,0,1,92.59,0,Placed,8.14
STU1357,70.46,59.81,69.00,61.55,6.85,58.55,55.93,0,0,0,0,61.00,2,Not Placed,0
STU1358,85.26,93.46,74.51,74.83,9.45,87.27,70.28,3,2,0,2,96.60,0,Placed,11.32
STU1359,57.97,70.48,67.38,54.53,6.28,64.77,68.87,1,1,0,0,69.59,0,Not Placed,0
STU1360,89.34,84.99,72.80,89.55,9.70,77.80,71.74,3,2,0,2,80.08,0,Placed,11.84
STU1361,51.13,59.38,66.17,61.69,6.91,65.90,66.39,1,0,0,0,66.30,0,Not Placed,0
STU1362,71.81,50.39,52.88,41.40,6.62,50.65,74.80,0,1,0,0,73.06,1,Not Placed,0
STU1363,71.96,68.47,72.48,47.62,5.63,53.59,71.15,1,1,0,0,77.92,1,Not Placed,0
STU1364,72.63,51.05,73.15,66.87,6.30,52.29,74.39,0,1,0,0,62.01,2,Not Placed,0
STU1365,79.46,91.90,87.45,93.64,8.53,93.97,87.70,3,2,8,0,96.16,0,Placed,9.04
STU1366,51.26,69.74,65.00,48.13,5.58,52.56,53.56,0,1,0,0,67.91,0,Not Placed,0
STU1367,83.17,81.35,73.56,86.31,8.89,94.33,93.26,2,3,0,0,97.06,0,Placed,10.31
STU1368,51.22,51.19,59.88,55.53,5.65,61.31,69.51,1,1,0,0,72.63,2,Not Placed,0
STU1369,88.55,94.26,74.49,67.40,8.59,92.88,85.50,1,3,0,2,80.42,0,Placed,9.24
STU1370,75.83,87.26,93.59,92.41,9.83,93.40,87.62,2,1,0,0,82.76,0,Placed,10.47
STU1371,74.36,84.71,87.66,82.61,9.44,88.77,81.16,3,0,0,2,91.89,0,Placed,10.08
STU1372,90.88,86.15,88.71,89.85,8.02,88.83,85.05,2,2,0,2,82.41,0,Placed,7.39
STU1373,57.45,59.71,67.16,40.63,5.73,65.80,72.59,0,1,0,0,75.65,2,Not Placed,0
STU1374,79.68,77.16,70.65,75.59,9.11,93.17,86.14,0,1,0,1,93.00,0,Placed,9.10
STU1375,72.83,61.65,73.50,53.60,6.29,65.51,72.61,1,1,0,0,75.50,1,Not Placed,0
STU1376,86.56,87.69,89.39,86.00,9.24,90.25,92.75,0,1,0,0,86.35,0,Placed,8.24
STU1377,79.71,77.20,73.59,77.04,9.12,75.08,76.96,2,1,0,2,85.04,0,Placed,9.43
STU1378,59.37,61.86,51.74,53.25,7.47,65.54,52.23,0,1,0,0,70.78,1,Not Placed,0
STU1379,55.90,60.19,58.76,45.16,6.98,57.99,72.47,1,1,0,0,76.63,0,Not Placed,0
STU1380,56.02,54.75,69.31,66.26,7.25,61.00,70.25,0,1,0,0,74.84,2,Not Placed,0
STU1381,69.83,57.48,63.84,69.53,7.81,53.12,67.63,0,1,0,0,70.26,1,Not Placed,0
STU1382,51.48,54.32,58.54,68.80,5.68,54.05,73.14,1,0,0,0,61.48,2,Not Placed,0
STU1383,86.05,92.01,70.11,86.98,9.09,92.65,78.86,1,3,0,0,95.48,0,Placed,8.84
STU1384,88.45,86.69,85.62,79.18,9.24,78.26,84.89,3,2,0,2,86.10,0,Placed,10.97
STU1385,66.04,68.90,74.69,41.55,5.79,67.24,71.66,0,0,0,0,63.46,2,Not Placed,0
STU1386,78.01,75.69,84.95,91.94,9.26,77.66,85.20,0,1,0,2,85.33,0,Placed,8.51
STU1387,87.43,94.77,94.12,65.33,9.30,84.95,90.66,1,4,10,1,90.36,0,Placed,9.19
STU1388,73.81,77.15,74.01,65.74,8.50,87.58,92.40,0,3,7,0,86.13,0,Placed,6.92
STU1389,61.48,61.37,56.62,55.78,5.99,50.44,68.73,0,0,0,0,66.73,0,Not Placed,0
STU1390,88.61,79.18,78.60,75.90,8.90,85.40,86.62,0,0,0,0,88.46,0,Placed,8.13
STU1391,71.31,83.07,81.99,71.87,8.97,93.70,72.12,0,0,9,0,81.51,0,Placed,9.19
STU1392,79.60,82.92,89.17,70.60,7.54,76.78,84.44,3,1,0,0,97.15,0,Placed,8.15
STU1393,83.16,76.81,84.97,72.95,7.72,94.00,82.68,2,1,2,1,88.56,0,Placed,6.89
STU1394,71.19,70.91,86.74,85.71,8.70,92.80,71.60,3,4,0,1,83.02,0,Placed,10.45
STU1395,69.63,64.14,73.44,44.28,5.82,64.28,74.94,0,0,0,0,76.89,1,Not Placed,0
STU1396,82.91,72.06,87.88,67.53,8.69,81.78,92.37,0,3,0,0,83.51,0,Placed,7.33
STU1397,66.67,57.49,52.26,59.40,7.87,66.71,72.06,0,1,0,0,67.53,1,Not Placed,0
STU1398,72.08,71.12,70.26,69.95,5.74,61.02,60.20,1,0,0,0,71.52,1,Not Placed,0
STU1399,72.79,69.03,51.48,52.92,6.02,58.72,55.14,0,0,0,0,78.44,2,Not Placed,0
STU1400,69.33,61.73,63.37,49.00,6.71,53.03,52.03,1,0,0,0,70.94,1,Not Placed,0
STU1401,61.37,69.99,67.32,45.75,6.19,55.91,59.40,0,1,0,0,62.67,2,Not Placed,0
STU1402,76.74,83.10,87.16,85.64,9.33,76.57,77.88,3,0,0,1,89.20,0,Placed,11.09
STU1403,68.26,66.48,71.01,69.69,7.67,52.65,53.06,1,1,0,0,62.36,0,Not Placed,0
STU1404,72.79,70.37,71.12,53.60,7.16,56.56,56.13,1,1,0,0,76.65,0,Not Placed,0
STU1405,74.44,62.66,65.15,53.52,7.58,54.82,72.13,0,1,0,0,72.05,1,Not Placed,0
STU1406,92.25,70.63,84.27,69.82,9.42,75.44,72.95,3,3,8,0,82.51,0,Placed,10.32
STU1407,88.22,79.73,73.01,76.55,9.77,93.61,93.33,1,3,4,1,94.58,0,Placed,10.63
STU1408,93.01,92.44,77.91,68.38,7.79,76.33,77.43,3,3,0,1,96.08,0,Placed,8.11
STU1409,83.85,84.56,71.92,78.27,9.26,94.62,90.63,1,1,0,0,83.46,0,Placed,10.01
STU1410,78.46,88.03,84.60,71.48,8.03,91.27,79.73,3,3,0,1,82.83,0,Placed,7.67
STU1411,88.79,74.15,71.85,89.59,8.59,83.61,90.94,2,0,0,2,86.49,0,Placed,8.56
STU1412,63.05,68.79,74.77,66.19,7.04,66.15,56.04,1,0,0,0,78.79,2,Not Placed,0
STU1413,80.11,90.88,84.37,79.74,9.08,80.08,76.76,3,4,0,0,90.64,0,Placed,10.38
STU1414,83.62,73.84,88.06,82.50,9.05,92.85,77.99,3,0,0,0,91.93,0,Placed,9.93
STU1415,84.46,92.87,77.37,68.23,9.72,90.85,73.45,2,2,0,1,96.70,0,Placed,9.85
STU1416,51.66,63.49,56.52,67.11,6.83,66.93,58.27,0,0,0,0,66.54,2,Not Placed,0
STU1417,70.00,82.27,88.96,74.90,8.59,86.51,91.55,1,1,0,2,95.26,0,Placed,7.71
STU1418,54.23,60.43,73.22,48.89,5.95,60.48,73.15,0,0,0,0,73.77,0,Not Placed,0
STU1419,78.62,71.92,88.72,83.98,8.94,91.77,89.94,3,0,0,2,92.86,0,Placed,9.38
STU1420,69.87,53.61,67.86,67.62,5.91,52.11,61.52,0,0,0,0,64.33,1,Not Placed,0
STU1421,86.98,81.04,72.99,80.29,7.89,82.08,75.38,0,0,0,1,85.92,0,Placed,7.40
STU1422,74.41,75.85,93.29,79.25,9.15,82.24,85.25,1,1,0,1,91.14,0,Placed,9.13
STU1423,54.78,58.64,53.12,51.12,6.33,58.65,61.55,0,0,0,0,60.05,1,Not Placed,0
STU1424,81.65,90.50,91.76,94.04,7.61,81.97,82.73,0,1,0,1,92.63,0,Placed,7.34
STU1425,80.00,75.79,71.04,69.26,9.69,80.77,86.90,2,2,0,1,90.60,0,Placed,10.37
STU1426,53.72,67.55,59.99,41.14,6.48,67.13,57.25,1,1,0,0,70.03,0,Not Placed,0
STU1427,61.28,71.69,67.52,56.02,6.89,62.58,58.09,0,0,0,0,60.65,2,Not Placed,0
STU1428,83.99,74.36,87.83,70.24,9.42,78.81,90.91,3,1,0,1,92.66,0,Placed,10.56
STU1429,79.74,91.14,94.95,84.56,9.19,78.62,85.12,2,4,0,2,80.36,0,Placed,9.88
STU1430,89.91,73.37,90.15,72.35,9.83,89.85,85.19,2,4,0,1,94.24,0,Placed,10.61
STU1431,80.39,85.93,74.94,80.51,8.54,88.42,92.19,1,1,11,0,80.05,0,Placed,8.00
STU1432,92.57,82.45,79.24,82.89,7.77,83.32,70.80,1,0,0,1,84.36,0,Placed,7.82
STU1433,90.46,79.14,77.91,83.24,8.22,83.40,87.97,3,2,0,2,80.48,0,Placed,8.58
STU1434,73.02,74.18,91.37,68.61,9.26,88.04,82.42,1,3,0,0,96.81,0,Placed,9.35
STU1435,70.29,74.34,72.78,53.21,6.63,52.32,55.06,0,1,0,0,77.68,2,Not Placed,0
STU1436,50.15,62.63,53.51,68.67,5.85,68.26,61.46,1,0,0,0,61.62,0,Not Placed,0
STU1437,75.90,93.92,88.57,91.76,9.36,89.26,87.13,1,2,6,0,94.83,0,Placed,9.84
STU1438,57.36,73.52,50.98,40.74,6.95,68.85,64.53,0,0,0,0,76.98,2,Not Placed,0
STU1439,57.08,64.84,59.35,48.98,7.69,68.39,68.57,1,0,0,0,60.97,1,Not Placed,0
STU1440,70.93,87.26,74.79,93.16,8.40,92.72,87.16,0,0,0,0,90.05,0,Placed,7.38
STU1441,91.51,79.16,94.48,83.37,9.64,81.50,91.74,3,2,0,0,97.85,0,Placed,10.49
STU1442,91.11,70.12,83.90,66.98,8.87,79.23,71.14,2,4,0,1,87.61,0,Placed,9.51
STU1443,50.53,69.71,73.78,46.23,7.72,68.25,57.55,0,1,0,0,61.70,1,Not Placed,0
STU1444,52.82,57.06,59.78,57.15,6.16,53.33,72.32,1,0,0,0,69.75,2,Not Placed,0
STU1445,86.73,73.31,92.00,74.31,9.39,82.87,80.76,2,0,0,2,82.37,0,Placed,10.09
STU1446,55.38,59.03,68.08,41.87,5.71,64.74,66.88,1,0,0,0,70.04,1,Not Placed,0
STU1447,70.73,81.24,78.73,73.96,8.45,86.82,87.56,2,4,0,2,85.35,0,Placed,8.31
STU1448,51.13,60.76,52.86,40.50,5.55,65.92,60.64,0,0,0,0,64.69,2,Not Placed,0
STU1449,78.66,74.42,85.09,85.11,7.74,76.27,75.51,2,2,0,0,98.38,0,Placed,8.24
STU1450,92.12,77.42,81.49,80.81,8.39,80.41,90.95,1,0,0,0,83.38,0,Placed,7.58
STU1451,74.85,70.19,73.39,41.39,6.70,53.37,69.59,1,1,0,0,71.37,2,Not Placed,0
STU1452,94.55,92.87,78.38,86.48,8.35,93.07,79.20,3,1,0,0,92.24,0,Placed,8.17
STU1453,90.79,84.64,85.42,65.25,9.35,83.70,89.15,0,3,0,0,89.11,0,Placed,9.84
STU1454,57.34,74.95,52.72,40.57,5.81,65.31,55.48,0,1,0,0,70.33,0,Not Placed,0
STU1455,66.33,56.02,63.46,64.20,6.95,60.62,63.30,0,0,0,0,78.63,2,Not Placed,0
STU1456,78.21,85.44,79.08,92.21,9.18,76.08,77.01,0,1,0,1,94.55,0,Placed,9.73
STU1457,76.74,75.06,84.89,86.57,9.03,78.80,79.19,3,4,0,2,83.59,0,Placed,10.17
STU1458,78.26,72.97,91.34,77.93,8.12,79.55,71.73,1,1,0,2,87.13,0,Placed,7.33
STU1459,92.02,90.64,90.59,94.46,9.72,82.35,70.94,2,4,0,1,87.28,0,Placed,11.28
STU1460,82.65,90.01,78.15,91.12,9.61,78.70,89.95,1,2,0,1,82.66,0,Placed,10.90
STU1461,70.41,74.92,92.44,82.07,9.85,92.91,71.44,2,0,0,2,93.42,0,Placed,10.11
STU1462,68.34,65.41,65.70,43.76,6.76,68.68,70.85,0,0,0,0,72.59,1,Not Placed,0
STU1463,91.90,78.14,91.73,94.93,9.28,91.26,73.90,2,0,0,2,81.31,0,Placed,10.65
STU1464,72.56,86.86,92.20,74.60,7.60,94.59,84.52,1,3,4,1,83.96,0,Placed,7.52
STU1465,91.22,70.40,70.86,87.00,9.38,81.92,76.56,2,0,0,0,88.55,0,Placed,9.38
STU1466,54.39,72.15,60.51,50.39,5.53,55.84,65.41,0,0,0,0,76.06,0,Not Placed,0
STU1467,71.90,83.07,78.75,83.78,9.89,77.20,92.38,2,0,0,2,91.00,0,Placed,10.53
STU1468,53.25,70.32,51.35,50.12,7.50,57.83,54.32,1,0,0,0,67.27,1,Not Placed,0
STU1469,82.91,71.37,77.00,86.86,8.86,89.00,73.71,3,4,0,0,80.74,0,Placed,9.55
STU1470,57.12,71.60,61.34,53.72,6.10,59.31,58.98,1,1,0,0,77.73,1,Not Placed,0
STU1471,76.29,89.86,79.83,79.94,7.82,82.30,89.43,1,4,0,0,93.97,0,Placed,7.99
STU1472,86.06,74.46,91.94,77.20,7.87,87.94,73.11,2,2,0,2,84.36,0,Placed,7.58
STU1473,76.57,82.94,75.53,68.37,8.50,88.42,81.98,0,3,0,0,95.35,0,Placed,7.16
STU1474,83.35,85.03,73.05,75.81,8.67,79.30,76.93,3,0,0,2,82.47,0,Placed,10.27
STU1475,87.36,71.17,87.60,74.44,8.58,86.27,79.08,2,0,0,1,85.61,0,Placed,8.32
STU1476,87.78,86.56,86.67,92.10,9.21,75.81,83.75,2,1,0,0,94.64,0,Placed,9.25
STU1477,78.30,81.93,93.29,81.92,9.63,86.08,86.87,1,2,0,1,90.29,0,Placed,10.61
STU1478,76.78,80.05,86.90,87.44,8.12,94.06,85.79,0,4,9,1,86.51,0,Placed,6.22
STU1479,80.33,87.21,94.08,87.75,8.56,81.66,88.63,0,4,0,2,96.73,0,Placed,7.31
STU1480,90.15,81.71,87.65,84.49,9.40,93.75,70.71,2,0,0,2,97.84,0,Placed,9.15
STU1481,93.79,80.24,88.14,71.28,7.86,79.42,80.24,1,0,0,0,95.60,0,Placed,7.96
STU1482,67.09,65.00,59.64,65.48,7.38,67.32,61.40,1,0,0,0,78.39,2,Not Placed,0
STU1483,70.72,80.17,72.42,90.33,7.97,93.35,71.47,0,3,8,2,85.45,0,Placed,6.87
STU1484,87.40,88.14,76.61,85.62,9.25,79.44,73.49,2,4,0,2,80.48,0,Placed,10.22
STU1485,73.03,63.10,62.96,47.07,7.44,52.99,61.94,0,1,0,0,60.71,1,Not Placed,0
STU1486,56.30,63.61,61.33,53.78,6.59,66.08,64.01,0,0,0,0,68.03,0,Not Placed,0
STU1487,79.20,83.02,82.14,94.39,8.53,93.01,80.80,2,0,0,2,90.72,0,Placed,8.81
STU1488,79.69,86.78,81.58,92.70,8.77,80.91,79.30,1,0,0,2,85.65,0,Placed,8.74
STU1489,59.85,59.26,67.81,53.71,6.91,66.58,55.25,1,1,0,0,62.08,2,Not Placed,0
STU1490,90.47,82.10,91.28,73.26,7.98,79.26,86.96,1,0,0,0,81.57,0,Placed,7.93
STU1491,91.69,93.92,73.28,74.41,9.78,89.78,73.94,2,3,0,0,97.64,0,Placed,10.66
STU1492,65.26,73.65,55.59,48.45,6.91,56.33,71.17,0,0,0,0,65.05,1,Not Placed,0
STU1493,58.97,52.72,53.37,47.16,6.88,62.03,62.03,0,1,0,0,66.18,0,Not Placed,0
STU1494,84.15,72.45,84.79,91.19,7.96,75.75,85.19,3,4,0,1,86.71,0,Placed,7.69
STU1495,56.88,72.87,59.92,57.46,6.56,65.22,71.91,1,1,0,0,68.78,0,Not Placed,0
STU1496,80.62,93.23,82.01,72.11,8.86,81.27,84.08,0,0,0,0,97.44,0,Placed,8.09
STU1497,54.50,74.30,59.37,52.67,6.95,69.97,65.12,1,0,0,0,62.65,2,Not Placed,0
STU1498,59.19,66.72,52.25,66.29,5.88,57.93,58.51,1,0,0,0,78.16,2,Not Placed,0
STU1499,55.52,63.77,51.34,45.65,7.81,55.95,71.63,0,0,0,0,65.06,0,Not Placed,0
STU1500,81.91,91.71,90.60,92.69,9.80,87.57,89.37,0,4,0,0,87.95,0,Placed,10.53
STU1501,84.91,72.27,74.76,74.83,8.34,88.66,83.49,1,1,0,0,81.88,0,Placed,7.47
STU1502,66.88,52.47,61.40,51.02,6.28,68.93,68.73,1,0,0,0,74.14,2,Not Placed,0
STU1503,87.58,71.42,82.38,83.74,9.81,77.71,83.42,1,2,0,1,86.30,0,Placed,11.08
STU1504,89.67,72.39,73.63,68.82,8.52,93.31,89.14,2,4,3,0,94.71,0,Placed,9.75
STU1505,70.82,54.27,72.69,64.92,7.30,57.99,63.92,1,1,0,0,77.17,1,Not Placed,0
STU1506,91.46,75.27,87.15,89.41,9.56,78.53,72.80,3,2,0,1,82.94,0,Placed,11.58
STU1507,67.35,70.20,73.30,49.68,5.64,68.89,71.95,1,0,0,0,69.18,1,Not Placed,0
STU1508,55.78,68.09,53.22,43.39,5.71,58.46,72.98,1,0,0,0,66.84,0,Not Placed,0
STU1509,71.21,85.01,71.82,71.51,8.21,93.74,91.77,2,1,0,1,89.44,0,Placed,8.02
STU1510,81.45,71.40,79.88,88.88,9.12,75.58,88.28,0,2,0,2,83.35,0,Placed,8.52
STU1511,87.33,71.06,76.96,91.30,7.96,90.15,73.73,1,3,0,1,98.10,0,Placed,7.30
STU1512,78.27,81.60,76.86,81.28,8.85,82.01,85.31,2,2,0,1,90.98,0,Placed,10.23
STU1513,92.34,90.75,72.05,69.32,9.35,83.41,84.30,2,0,0,2,87.67,0,Placed,9.18
STU1514,72.04,74.59,73.83,80.03,7.91,93.78,94.30,0,0,0,1,86.11,0,Placed,7.32
STU1515,50.78,69.21,52.38,57.37,5.77,50.81,60.01,0,0,0,0,64.66,2,Not Placed,0
STU1516,68.81,61.35,60.79,56.13,6.98,65.04,62.05,0,0,0,0,73.62,1,Not Placed,0
STU1517,56.30,64.34,58.23,47.48,7.49,51.95,58.60,1,0,0,0,73.05,0,Not Placed,0
STU1518,73.29,73.29,67.19,65.57,7.22,50.50,72.59,0,1,0,0,69.04,0,Not Placed,0
STU1519,56.66,74.75,55.19,48.04,6.94,63.23,61.03,0,1,0,0,72.40,1,Not Placed,0
STU1520,70.04,62.87,69.13,44.89,7.80,51.48,73.78,0,0,0,0,63.38,0,Not Placed,0
STU1521,70.86,72.06,89.03,92.99,9.75,93.84,94.59,3,4,3,2,83.46,0,Placed,11.69
STU1522,71.53,78.70,81.19,72.09,8.30,78.37,81.80,2,0,0,0,85.76,0,Placed,8.14
STU1523,79.30,71.28,81.51,66.80,9.80,81.20,72.78,0,2,0,0,83.70,0,Placed,10.38
STU1524,86.73,77.92,76.82,70.25,9.74,89.74,79.56,2,1,0,2,84.81,0,Placed,11.43
STU1525,69.23,66.14,56.82,61.31,5.75,63.93,66.58,0,0,0,0,74.15,0,Not Placed,0
STU1526,55.35,73.21,74.85,54.93,6.12,64.62,64.53,1,1,0,0,65.17,2,Not Placed,0
STU1527,94.83,73.82,91.60,94.59,8.80,78.18,86.04,0,3,0,2,85.35,0,Placed,7.40
STU1528,73.19,80.32,89.93,73.64,7.89,82.51,79.51,3,3,0,2,87.14,0,Placed,9.18
STU1529,75.28,70.10,94.83,74.45,8.36,75.93,85.94,2,0,0,0,87.40,0,Placed,8.75
STU1530,79.19,75.44,75.15,83.72,9.08,79.24,83.88,3,2,4,1,98.92,0,Placed,10.45
STU1531,52.82,65.53,68.79,62.59,5.63,64.70,70.09,0,1,0,0,70.71,0,Not Placed,0
STU1532,82.19,79.15,83.37,83.06,8.46,93.79,83.16,0,0,0,0,93.05,0,Placed,7.27
STU1533,78.66,76.73,87.65,78.16,7.56,88.05,84.98,0,4,0,0,88.31,0,Placed,5.88
STU1534,62.73,54.94,65.56,45.73,6.35,60.94,52.73,0,1,0,0,78.32,1,Not Placed,0
STU1535,94.18,80.30,90.34,91.47,8.31,85.34,91.59,3,4,0,0,87.37,0,Placed,9.45
STU1536,89.89,87.06,89.46,73.08,9.13,76.80,76.32,2,2,0,1,95.09,0,Placed,9.67
STU1537,74.59,88.88,92.89,93.56,8.69,81.91,83.41,2,4,0,1,94.60,0,Placed,9.74
STU1538,85.26,89.72,76.59,74.85,7.61,94.61,78.29,1,3,0,1,96.45,0,Placed,7.80
STU1539,92.40,90.10,77.82,67.54,8.01,88.32,84.72,3,1,0,1,98.92,0,Placed,8.46
STU1540,92.81,79.66,79.10,91.21,9.62,81.57,79.38,2,3,0,2,85.20,0,Placed,10.42
STU1541,81.93,93.04,78.71,76.89,7.70,89.65,90.80,3,4,7,2,83.01,0,Placed,7.59
STU1542,72.06,52.95,59.97,58.27,5.76,66.79,68.43,1,0,0,0,60.80,1,Not Placed,0
STU1543,70.26,68.67,57.97,41.95,6.10,56.61,69.29,0,0,0,0,65.97,2,Not Placed,0
STU1544,52.52,70.98,67.27,45.42,6.62,64.86,54.14,1,0,0,0,68.67,0,Not Placed,0
STU1545,72.18,89.41,84.76,72.27,9.65,77.18,84.54,2,1,0,0,86.51,0,Placed,9.91
STU1546,91.49,87.97,78.35,78.64,9.26,89.58,72.14,2,3,0,2,82.74,0,Placed,8.90
STU1547,80.95,94.76,92.85,80.95,9.63,94.05,88.58,0,2,11,2,91.83,0,Placed,10.38
STU1548,89.45,85.35,71.85,93.74,9.10,81.78,75.03,0,3,0,1,85.31,0,Placed,8.55
STU1549,77.66,85.83,70.64,73.62,9.46,78.92,72.00,2,4,0,2,97.60,0,Placed,10.29
STU1550,62.55,73.42,55.56,56.57,7.23,69.30,59.92,0,0,0,0,70.74,0,Not Placed,0
STU1551,83.84,74.38,72.88,82.91,8.70,90.74,76.68,2,3,0,1,94.81,0,Placed,8.51
STU1552,74.57,70.94,66.80,48.02,6.63,55.89,53.08,1,1,0,0,77.13,2,Not Placed,0
STU1553,77.12,79.98,88.34,72.24,7.85,75.73,84.11,1,0,0,1,95.08,0,Placed,6.60
STU1554,55.45,57.47,57.23,44.35,5.74,66.81,74.06,0,1,0,0,69.48,1,Not Placed,0
STU1555,57.44,55.01,57.48,60.29,6.44,69.82,72.82,0,0,0,0,63.35,1,Not Placed,0
STU1556,50.28,57.45,67.92,54.79,5.96,66.93,54.23,1,1,0,0,66.03,0,Not Placed,0
STU1557,60.43,54.86,68.12,52.12,7.54,67.18,63.33,0,1,0,0,62.31,0,Not Placed,0
STU1558,71.64,72.50,94.48,80.16,7.89,90.20,87.38,1,1,0,1,96.48,0,Placed,6.52
STU1559,65.64,53.83,62.69,63.09,5.85,54.45,56.65,1,1,0,0,74.03,2,Not Placed,0
STU1560,74.87,79.65,70.02,82.47,9.77,79.35,81.96,3,3,4,2,92.31,0,Placed,11.20
STU1561,72.51,50.74,53.44,66.16,7.57,62.69,68.11,1,1,0,0,72.31,2,Not Placed,0
STU1562,72.27,85.65,84.85,93.00,9.60,90.19,89.19,2,1,0,2,87.48,0,Placed,10.56
STU1563,93.21,83.08,89.81,74.15,9.22,77.93,90.17,2,3,0,0,85.10,0,Placed,10.11
STU1564,94.76,70.52,90.89,76.30,7.56,83.99,85.89,0,1,0,2,81.65,0,Placed,7.07
STU1565,74.25,50.26,74.39,42.62,7.43,60.13,69.21,1,1,0,0,69.92,1,Not Placed,0
STU1566,55.25,73.76,59.75,68.33,7.64,52.64,55.96,0,0,0,0,62.04,2,Not Placed,0
STU1567,73.97,70.73,70.94,49.94,5.79,62.24,72.65,1,1,0,0,69.82,1,Not Placed,0
STU1568,88.51,72.93,76.63,88.83,9.28,85.82,85.03,2,1,0,2,84.60,0,Placed,9.80
STU1569,92.83,81.97,71.50,68.70,7.51,88.40,89.28,0,1,0,2,90.96,0,Placed,5.75
STU1570,85.15,84.51,93.01,68.15,8.24,77.99,72.57,0,4,0,1,86.87,0,Placed,8.26
STU1571,90.42,92.34,70.84,88.66,7.75,75.41,72.55,3,0,0,0,96.47,0,Placed,8.36
STU1572,50.04,57.01,55.41,41.08,6.26,54.42,61.21,1,1,0,0,60.30,0,Not Placed,0
STU1573,64.74,64.89,64.41,46.50,5.60,65.50,64.12,1,1,0,0,77.47,1,Not Placed,0
STU1574,54.54,50.69,61.06,42.20,7.46,69.15,50.25,0,0,0,0,61.22,1,Not Placed,0
STU1575,91.82,76.09,80.64,84.54,9.40,92.08,92.13,1,4,0,0,86.87,0,Placed,9.68
STU1576,86.39,74.98,87.34,91.21,8.83,75.81,88.96,0,3,0,1,96.16,0,Placed,8.40
STU1577,92.45,85.05,87.30,85.93,8.92,93.22,94.78,1,3,11,1,97.28,0,Placed,9.21
STU1578,83.96,88.95,94.09,84.84,8.16,75.77,77.65,2,0,0,0,83.14,0,Placed,9.21
STU1579,94.00,94.76,74.15,90.81,8.38,93.60,83.56,0,2,0,0,87.04,0,Placed,8.23
STU1580,65.28,50.53,64.76,67.54,5.95,61.94,57.84,0,1,0,0,63.88,2,Not Placed,0
STU1581,90.33,87.20,92.28,94.44,8.70,88.43,70.47,3,4,0,2,91.42,0,Placed,8.65
STU1582,87.97,92.27,89.53,92.26,9.28,76.17,93.44,0,4,0,0,94.88,0,Placed,9.80
STU1583,86.89,94.35,92.58,86.23,7.81,86.81,93.28,1,0,0,0,89.02,0,Placed,7.17
STU1584,91.15,72.84,81.09,80.36,8.06,75.72,72.14,0,4,11,1,94.20,0,Placed,6.73
STU1585,81.60,81.78,80.31,80.53,8.84,79.74,87.34,1,3,2,1,91.35,0,Placed,8.84
STU1586,72.31,93.18,77.78,92.84,8.44,79.37,82.72,1,0,0,2,91.52,0,Placed,8.88
STU1587,86.27,74.08,85.22,78.63,9.47,84.95,72.57,3,4,0,0,92.25,0,Placed,11.63
STU1588,82.15,90.87,84.89,67.09,9.89,79.33,76.87,0,1,8,2,81.42,0,Placed,10.39
STU1589,78.40,72.58,74.62,66.73,8.66,79.85,84.73,1,3,0,1,89.80,0,Placed,8.82
STU1590,86.82,87.17,84.18,94.89,7.96,94.26,70.90,2,4,0,1,82.54,0,Placed,7.94
STU1591,88.39,85.68,86.28,72.90,8.51,79.03,87.41,0,0,0,2,85.60,0,Placed,8.53
STU1592,51.66,59.48,53.46,46.67,7.31,51.09,64.09,0,1,0,0,78.80,0,Not Placed,0
STU1593,66.53,54.37,50.88,64.40,5.88,62.01,70.10,1,1,0,0,70.12,2,Not Placed,0
STU1594,77.10,81.67,90.96,81.48,9.57,87.72,88.14,3,0,0,2,89.43,0,Placed,11.62
STU1595,58.06,52.65,72.46,49.02,6.23,55.69,67.80,0,0,0,0,71.54,0,Not Placed,0
STU1596,83.76,85.17,86.41,68.59,9.71,77.13,89.75,0,4,0,2,84.35,0,Placed,10.16
STU1597,68.30,70.83,68.13,44.69,5.63,64.96,70.96,0,1,0,0,70.99,2,Not Placed,0
STU1598,70.69,53.64,60.70,63.60,6.89,62.78,65.31,1,0,0,0,72.51,2,Not Placed,0
STU1599,87.38,82.82,82.87,92.88,9.76,78.46,70.05,3,4,0,2,98.78,0,Placed,11.19
STU1600,80.92,88.29,93.82,71.51,9.86,81.58,73.20,0,0,0,0,88.32,0,Placed,9.44
STU1601,84.50,70.17,75.11,84.93,8.92,90.79,86.32,0,3,0,0,88.59,0,Placed,8.91
STU1602,61.69,72.90,57.20,64.80,7.73,57.72,54.18,1,1,0,0,70.96,2,Not Placed,0
STU1603,69.68,57.20,59.50,55.65,7.46,56.23,53.93,1,1,0,0,63.89,1,Not Placed,0
STU1604,73.66,58.49,73.27,42.68,5.67,57.68,51.64,0,1,0,0,69.51,1,Not Placed,0
STU1605,76.07,83.03,91.81,79.75,8.63,76.60,82.05,0,3,0,1,85.34,0,Placed,8.39
STU1606,94.55,93.16,72.91,83.44,8.07,82.37,76.76,1,1,0,0,92.42,0,Placed,7.25
STU1607,87.21,85.77,80.22,93.59,8.27,81.76,75.89,2,0,0,0,91.75,0,Placed,8.30
STU1608,85.55,91.38,92.40,75.99,9.48,81.21,89.98,1,3,0,1,82.96,0,Placed,9.02
STU1609,88.27,73.06,78.40,66.72,9.34,93.06,78.18,3,4,0,2,93.89,0,Placed,10.33
STU1610,92.06,77.10,77.90,80.17,8.11,95.00,94.80,2,1,0,0,81.83,0,Placed,7.31
STU1611,71.58,70.26,91.54,75.99,9.48,90.31,70.27,0,0,0,2,97.81,0,Placed,9.39
STU1612,83.22,70.73,92.07,91.88,9.58,91.48,89.03,3,4,0,1,84.06,0,Placed,11.19
STU1613,52.83,68.99,72.10,46.00,6.46,55.90,56.92,0,0,0,0,62.16,2,Not Placed,0
STU1614,61.77,70.93,73.87,69.25,7.90,62.45,72.64,0,1,0,0,75.25,2,Not Placed,0
STU1615,83.95,73.01,89.98,92.79,9.60,80.03,73.44,1,4,0,2,89.70,0,Placed,9.24
STU1616,62.33,66.75,71.92,45.68,6.27,61.42,50.56,1,1,0,0,73.17,0,Not Placed,0
STU1617,70.80,59.93,69.21,41.91,7.36,54.36,57.76,1,1,0,0,78.01,2,Not Placed,0
STU1618,61.54,71.97,52.14,41.03,6.03,60.66,61.07,1,0,0,0,66.82,1,Not Placed,0
STU1619,64.70,52.59,67.60,52.63,6.24,60.03,67.59,0,1,0,0,74.72,1,Not Placed,0
STU1620,73.63,77.92,91.15,94.71,9.15,80.30,88.11,3,4,10,2,84.20,0,Placed,10.73
STU1621,71.66,71.25,70.32,61.48,6.82,63.83,66.70,0,0,0,0,69.34,1,Not Placed,0
STU1622,67.36,50.57,64.71,55.73,6.88,61.16,73.43,1,0,0,0,69.75,1,Not Placed,0
STU1623,85.96,86.44,83.23,92.42,9.65,89.04,91.18,0,0,5,2,97.38,0,Placed,9.96
STU1624,85.99,73.42,70.83,66.41,9.60,83.13,74.34,3,0,0,2,95.80,0,Placed,10.86
STU1625,83.00,92.31,90.16,78.18,8.11,91.45,78.85,2,1,0,0,86.96,0,Placed,8.75
STU1626,66.36,65.58,61.84,48.35,6.58,59.99,65.64,1,1,0,0,76.74,0,Not Placed,0
STU1627,56.47,66.30,71.09,65.00,6.65,67.89,52.81,0,0,0,0,78.98,0,Not Placed,0
STU1628,85.40,74.05,80.93,75.58,7.65,76.86,81.81,3,0,0,2,80.16,0,Placed,7.08
STU1629,77.35,82.82,88.11,78.61,9.19,89.82,77.80,0,0,0,0,87.12,0,Placed,9.31
STU1630,79.68,71.95,75.21,90.38,9.17,86.59,85.30,2,3,0,2,95.11,0,Placed,10.65
STU1631,75.02,72.82,83.26,89.19,8.62,82.88,74.28,3,0,0,0,92.44,0,Placed,9.08
STU1632,89.69,88.49,85.67,67.01,9.73,78.37,94.33,1,0,0,2,89.92,0,Placed,10.21
STU1633,74.18,86.69,82.89,87.27,9.42,75.48,72.90,0,2,0,0,85.06,0,Placed,8.15
STU1634,86.24,92.70,79.76,90.98,8.57,83.82,87.50,0,1,0,0,96.09,0,Placed,8.71
STU1635,84.07,89.81,78.88,87.83,9.45,91.55,76.60,2,2,0,1,80.75,0,Placed,10.88
STU1636,61.06,52.96,65.61,55.15,7.38,51.30,52.10,0,0,0,0,76.20,1,Not Placed,0
STU1637,85.57,92.47,87.90,86.77,9.21,92.88,84.09,0,0,0,1,83.58,0,Placed,8.42
STU1638,81.58,74.41,87.18,76.69,9.75,88.00,93.60,2,4,2,0,84.49,0,Placed,10.75
STU1639,50.18,62.15,68.92,43.97,5.85,64.63,59.38,1,0,0,0,67.86,0,Not Placed,0
STU1640,78.10,81.17,78.07,69.59,7.74,82.22,73.26,0,0,0,2,91.88,0,Placed,6.60
STU1641,75.85,79.11,90.34,73.99,8.38,84.73,72.65,2,4,7,1,94.97,0,Placed,9.06
STU1642,84.92,91.58,73.64,80.82,8.71,79.48,87.69,2,2,0,2,92.12,0,Placed,8.84
STU1643,76.84,81.05,84.51,69.67,8.59,88.31,76.30,1,1,0,1,90.97,0,Placed,8.09
STU1644,66.50,66.08,65.46,69.68,6.09,61.85,55.77,0,1,0,0,60.44,1,Not Placed,0
STU1645,86.38,90.18,76.77,85.44,8.90,89.80,93.50,3,4,0,1,87.03,0,Placed,8.93
STU1646,61.63,57.24,56.91,42.23,5.97,64.34,53.73,0,0,0,0,72.33,1,Not Placed,0
STU1647,72.12,69.19,74.83,57.62,7.29,69.43,74.76,1,0,0,0,73.90,0,Placed,6.48
STU1648,62.12,59.26,56.40,65.14,6.64,59.19,64.21,0,0,0,0,68.64,1,Not Placed,0
STU1649,83.81,94.92,78.48,77.48,9.51,83.51,83.34,2,2,0,0,81.35,0,Placed,9.73
STU1650,63.76,66.12,56.49,44.77,5.82,57.84,66.91,1,1,0,0,63.67,0,Not Placed,0
STU1651,77.94,81.98,91.11,76.37,8.34,85.47,79.35,0,0,0,0,92.46,0,Placed,7.70
STU1652,87.16,92.80,91.20,70.78,8.32,86.49,85.35,0,4,0,1,82.15,0,Placed,6.83
STU1653,74.63,52.64,54.18,68.82,7.56,55.43,59.51,0,1,0,0,64.88,2,Not Placed,0
STU1654,81.18,92.37,82.11,75.40,8.39,78.33,82.67,3,0,0,2,93.06,0,Placed,8.42
STU1655,67.53,61.35,64.01,42.23,5.96,51.90,51.61,0,1,0,0,66.80,1,Not Placed,0
STU1656,50.00,59.28,73.08,55.76,6.37,56.85,56.37,0,1,0,0,74.63,0,Not Placed,0
STU1657,56.05,64.21,53.13,62.14,5.95,50.57,54.84,0,1,0,0,65.39,0,Not Placed,0
STU1658,85.54,88.56,71.02,90.67,8.92,89.50,93.03,0,3,0,0,82.50,0,Placed,8.99
STU1659,92.68,86.46,81.77,78.32,9.07,92.97,85.17,3,0,0,2,92.18,0,Placed,10.14
STU1660,55.12,68.03,66.94,57.15,7.31,65.29,72.46,1,0,0,0,67.19,1,Not Placed,0
STU1661,81.46,71.75,93.26,70.92,8.98,91.44,71.90,0,0,0,0,80.71,0,Placed,7.55
STU1662,67.69,60.09,55.54,57.09,7.81,69.34,52.65,0,0,0,0,66.33,2,Not Placed,0
STU1663,74.52,85.23,91.77,83.55,9.68,84.47,88.67,0,2,0,0,96.60,0,Placed,10.05
STU1664,67.72,64.76,61.66,66.11,6.56,69.27,72.20,0,1,0,0,60.05,0,Not Placed,0
STU1665,88.96,78.27,89.03,80.21,9.17,87.07,77.78,0,3,0,2,89.23,0,Placed,8.02
STU1666,76.49,84.49,78.56,70.02,9.09,77.89,90.47,0,2,9,0,91.47,0,Placed,8.03
STU1667,64.69,51.36,51.38,68.09,6.40,59.48,66.33,1,1,0,0,63.00,0,Not Placed,0
STU1668,63.35,51.28,72.41,43.66,7.87,67.25,72.61,1,1,0,0,77.13,0,Placed,6.91
STU1669,93.40,87.90,70.41,92.06,9.57,81.93,84.34,2,4,0,2,82.73,0,Placed,10.10
STU1670,92.28,88.41,87.73,82.76,9.49,75.18,76.48,2,0,1,1,85.98,0,Placed,11.14
STU1671,64.06,67.95,65.64,52.81,6.61,52.29,66.12,1,1,0,0,68.66,2,Not Placed,0
STU1672,83.82,87.51,83.04,85.77,8.46,75.28,87.55,2,1,0,1,96.32,0,Placed,8.02
STU1673,74.18,79.77,86.65,74.25,8.76,79.28,80.29,3,4,0,0,94.83,0,Placed,10.17
STU1674,75.60,75.71,79.81,75.75,8.92,82.38,79.27,1,2,0,0,80.71,0,Placed,9.34
STU1675,50.67,62.35,68.49,60.76,7.82,69.21,62.61,1,1,0,0,66.02,0,Placed,7.44
STU1676,73.65,85.52,89.48,93.19,8.39,78.55,89.25,0,4,0,1,87.41,0,Placed,8.12
STU1677,87.48,80.01,71.17,77.43,9.84,75.39,80.81,1,2,0,1,87.25,0,Placed,10.24
STU1678,74.95,91.53,84.31,90.64,8.49,90.48,89.84,3,2,0,0,94.10,0,Placed,8.60
STU1679,88.20,71.31,75.50,70.98,8.15,82.97,77.40,2,4,0,2,91.17,0,Placed,7.50
STU1680,90.20,93.44,79.19,82.97,8.44,94.96,91.08,0,3,0,0,92.73,0,Placed,7.94
STU1681,72.97,52.28,71.36,62.95,6.40,64.03,72.23,1,1,0,0,74.11,0,Not Placed,0
STU1682,58.99,57.56,74.20,46.45,5.57,50.11,66.12,0,1,0,0,67.95,1,Not Placed,0
STU1683,89.66,91.72,89.57,88.03,9.47,79.51,89.07,3,0,0,0,86.77,0,Placed,11.06
STU1684,84.14,75.25,71.04,76.36,8.67,75.80,93.11,1,2,0,1,82.69,0,Placed,8.56
STU1685,75.84,77.39,79.97,75.80,8.53,78.55,93.83,2,2,0,2,95.43,0,Placed,7.93
STU1686,80.17,70.30,73.19,80.80,9.90,78.21,90.29,1,1,5,0,82.43,0,Placed,9.75
STU1687,70.98,72.34,74.29,61.57,5.58,50.85,63.49,0,1,0,0,76.12,1,Not Placed,0
STU1688,64.66,63.22,67.06,69.33,5.82,60.37,53.76,1,1,0,0,63.26,1,Not Placed,0
STU1689,78.47,94.27,87.04,74.65,8.68,90.81,78.47,0,0,3,1,95.50,0,Placed,8.62
STU1690,87.82,86.11,76.92,94.59,7.81,83.78,88.66,3,3,0,1,98.16,0,Placed,9.20
STU1691,74.59,51.39,63.88,69.19,7.57,61.10,58.79,1,0,0,0,74.22,2,Not Placed,0
STU1692,54.50,50.24,50.05,56.78,7.56,57.24,72.59,0,1,0,0,67.05,0,Not Placed,0
STU1693,79.49,86.04,70.94,80.44,9.74,91.71,93.03,3,1,10,0,83.84,0,Placed,10.71
STU1694,60.96,52.40,51.96,68.72,6.44,50.74,68.56,1,0,0,0,76.64,1,Not Placed,0
STU1695,89.78,81.67,84.97,89.51,8.53,93.64,93.62,2,4,0,1,93.34,0,Placed,8.30
STU1696,71.53,57.70,74.22,48.54,7.78,56.75,64.70,0,1,0,0,61.36,0,Not Placed,0
STU1697,70.89,91.36,72.91,75.47,7.67,86.35,94.27,1,1,0,0,84.31,0,Placed,6.48
STU1698,91.62,72.59,73.82,77.32,8.90,85.10,73.29,0,1,0,2,98.65,0,Placed,7.68
STU1699,89.41,80.80,94.01,79.19,9.08,93.38,84.64,1,0,0,1,81.81,0,Placed,8.87
STU1700,94.41,82.92,80.76,66.30,8.82,76.99,77.39,3,1,6,2,81.91,0,Placed,8.79
STU1701,66.80,53.68,58.75,48.29,7.16,51.84,59.10,1,1,0,0,76.46,2,Not Placed,0
STU1702,84.86,82.60,81.62,91.24,8.85,93.24,87.80,0,1,0,2,90.98,0,Placed,9.00
STU1703,91.42,76.13,91.76,83.40,9.48,89.69,84.34,1,3,0,0,97.74,0,Placed,9.37
STU1704,52.96,63.67,58.20,40.04,7.54,67.83,51.09,0,1,0,0,69.17,0,Not Placed,0
STU1705,92.68,80.94,77.94,89.13,9.86,82.74,83.64,1,4,0,2,80.16,0,Placed,10.71
STU1706,73.56,69.22,65.23,60.08,6.04,65.26,57.91,1,0,0,0,61.45,2,Not Placed,0
STU1707,94.75,94.28,93.35,85.94,9.21,89.61,83.66,2,1,6,1,85.46,0,Placed,9.77
STU1708,88.13,74.49,90.05,92.91,9.37,85.59,74.72,2,4,1,1,96.17,0,Placed,10.31
STU1709,87.39,83.93,92.22,80.66,9.46,81.06,90.66,3,0,11,2,81.76,0,Placed,10.18
STU1710,84.59,73.51,82.66,69.45,7.52,89.56,87.69,3,4,0,0,84.34,0,Placed,8.12
STU1711,91.22,90.28,74.99,76.59,9.43,87.04,77.93,0,0,0,0,83.12,0,Placed,8.94
STU1712,85.74,81.89,74.06,89.78,8.57,76.44,77.02,2,1,0,0,94.51,0,Placed,8.70
STU1713,71.11,81.96,81.00,72.01,9.21,81.33,73.60,1,1,0,0,84.59,0,Placed,9.06
STU1714,79.53,74.34,90.41,65.12,9.79,81.58,80.28,0,4,1,1,97.47,0,Placed,9.34
STU1715,52.65,69.92,72.45,42.24,6.59,61.28,73.85,0,0,0,0,73.87,2,Not Placed,0
STU1716,68.28,50.09,60.79,64.27,6.67,65.88,65.22,1,0,0,0,73.73,2,Not Placed,0
STU1717,56.17,73.88,65.50,48.33,6.06,52.99,69.62,1,0,0,0,68.40,1,Not Placed,0
STU1718,86.93,73.22,80.73,75.59,8.38,76.95,77.84,2,3,0,1,82.95,0,Placed,8.92
STU1719,89.24,94.52,71.46,82.92,7.78,93.83,85.90,1,1,0,1,92.53,0,Placed,6.53
STU1720,72.06,64.33,51.91,50.44,7.24,56.41,62.22,0,0,0,0,77.22,0,Not Placed,0
STU1721,73.44,75.71,77.37,70.88,9.16,88.79,78.17,3,4,0,0,85.54,0,Placed,10.06
STU1722,72.95,75.65,75.91,86.49,9.52,80.39,72.09,0,1,0,1,97.68,0,Placed,8.39
STU1723,81.93,70.52,75.55,81.72,8.25,75.84,82.69,3,0,0,2,81.76,0,Placed,9.35
STU1724,77.53,87.10,92.39,85.25,9.54,81.00,74.35,3,3,0,1,90.16,0,Placed,10.41
STU1725,80.03,75.61,78.19,91.56,9.26,79.21,92.10,1,3,0,0,86.98,0,Placed,9.43
STU1726,93.25,73.12,83.77,88.30,9.86,75.94,70.21,3,3,0,0,89.80,0,Placed,11.16
STU1727,79.76,85.01,79.11,84.75,7.76,75.43,84.21,3,0,0,0,85.29,0,Placed,8.39
STU1728,80.02,75.30,72.47,78.92,8.56,79.98,91.28,1,4,0,0,84.14,0,Placed,8.25
STU1729,61.73,55.40,59.53,50.47,6.23,55.40,62.60,1,1,0,0,73.99,0,Not Placed,0
STU1730,54.21,59.72,55.38,68.80,5.84,53.82,64.06,0,0,0,0,63.83,1,Not Placed,0
STU1731,56.76,68.81,53.43,51.98,7.61,62.94,52.01,1,0,0,0,68.12,0,Placed,7.17
STU1732,94.56,83.11,72.69,92.58,7.85,80.49,92.60,2,1,0,0,97.43,0,Placed,8.06
STU1733,91.47,82.73,79.12,94.14,7.74,86.29,70.29,1,4,9,0,89.96,0,Placed,6.32
STU1734,82.75,92.17,94.31,87.29,8.53,82.27,85.24,0,3,0,1,81.41,0,Placed,8.62
STU1735,74.06,59.70,60.77,66.18,6.84,61.15,56.86,1,0,0,0,77.90,2,Not Placed,0
STU1736,88.66,71.13,83.09,91.81,8.22,87.53,88.21,3,1,10,2,80.38,0,Placed,8.39
STU1737,89.33,81.61,72.00,76.85,9.65,75.61,72.16,0,2,0,0,91.14,0,Placed,9.94
STU1738,88.03,71.55,82.53,86.18,8.45,80.37,89.66,0,1,0,2,81.91,0,Placed,7.62
STU1739,88.45,81.65,81.87,82.23,7.82,87.65,76.66,1,0,0,2,91.34,0,Placed,7.47
STU1740,75.67,79.74,75.89,78.94,9.50,86.29,84.14,0,2,2,0,86.05,0,Placed,9.47
STU1741,80.52,72.32,72.76,70.89,9.76,83.91,89.80,0,3,0,0,85.18,0,Placed,9.95
STU1742,88.06,83.40,74.74,90.23,8.20,75.58,90.94,0,2,0,0,82.15,0,Placed,7.62
STU1743,65.10,52.72,58.22,67.49,7.54,54.52,72.60,1,0,0,0,74.08,1,Not Placed,0
STU1744,71.06,72.54,72.84,83.38,7.59,76.08,71.95,3,2,0,2,89.03,0,Placed,7.47
STU1745,82.59,87.63,82.66,78.06,8.93,78.33,77.82,1,2,5,0,81.12,0,Placed,8.86
STU1746,94.71,93.45,91.89,86.45,7.92,88.63,91.09,0,1,0,0,87.89,0,Placed,6.19
STU1747,77.66,93.94,74.08,68.66,8.04,82.24,93.17,2,1,0,2,85.76,0,Placed,8.44
STU1748,75.88,92.52,73.42,74.94,7.90,79.78,71.22,1,2,0,0,97.54,0,Placed,6.57
STU1749,83.49,77.49,89.73,66.23,8.42,82.10,72.85,1,3,0,2,97.33,0,Placed,8.88
STU1750,86.56,88.58,72.36,81.06,9.07,86.31,87.24,3,3,0,0,93.22,0,Placed,9.33
STU1751,70.47,60.98,67.91,47.25,6.68,67.22,63.61,0,0,0,0,70.58,0,Not Placed,0
STU1752,72.12,72.36,70.56,82.63,7.66,87.15,71.46,2,0,5,2,84.18,0,Placed,6.91
STU1753,77.86,73.32,84.29,68.75,7.83,91.14,90.41,0,0,0,2,83.09,0,Placed,7.19
STU1754,79.64,72.84,78.28,86.59,8.94,80.11,71.94,2,4,0,0,98.07,0,Placed,8.44
STU1755,74.81,74.49,55.53,63.25,7.79,56.41,58.18,1,1,0,0,62.01,1,Not Placed,0
STU1756,76.64,89.54,83.95,82.40,8.02,79.25,89.25,2,0,0,1,90.92,0,Placed,7.67
STU1757,59.72,66.61,52.85,51.31,6.36,63.79,52.15,0,1,0,0,78.64,1,Not Placed,0
STU1758,60.42,57.79,56.34,57.22,7.34,61.93,61.49,1,1,0,0,76.45,1,Not Placed,0
STU1759,77.28,75.27,82.18,85.84,7.74,93.01,86.43,3,2,0,2,98.05,0,Placed,7.73
STU1760,72.00,75.29,89.41,77.10,8.67,81.32,90.21,1,0,0,0,83.09,0,Placed,7.92
STU1761,85.78,88.54,87.19,66.47,9.16,79.77,78.25,3,1,0,2,83.76,0,Placed,11.05
STU1762,71.97,73.31,74.34,73.80,9.78,82.91,83.00,0,0,0,2,94.78,0,Placed,9.83
STU1763,66.91,67.33,56.12,43.82,7.68,59.62,54.31,1,1,0,0,70.72,0,Placed,7.41
STU1764,51.08,51.40,73.99,53.87,5.97,58.34,51.32,1,1,0,0,69.21,1,Not Placed,0
STU1765,74.92,91.60,93.78,93.75,8.36,91.24,92.83,0,3,0,0,93.00,0,Placed,6.57
STU1766,81.73,85.37,77.80,91.02,7.78,92.33,70.74,2,0,7,1,81.91,0,Placed,7.27
STU1767,56.08,62.71,50.09,50.81,5.89,68.64,63.62,1,1,0,0,61.83,0,Not Placed,0
STU1768,74.59,87.59,90.88,91.92,8.62,75.17,93.76,2,4,0,2,89.12,0,Placed,9.17
STU1769,78.83,70.59,71.58,87.70,9.11,88.90,93.31,0,1,0,1,93.52,0,Placed,9.20
STU1770,84.47,80.98,70.20,90.99,8.56,77.40,94.42,0,1,0,1,95.65,0,Placed,8.36
STU1771,86.13,93.28,70.43,70.76,9.39,78.27,83.46,3,4,6,2,80.30,0,Placed,9.96
STU1772,87.27,74.52,87.23,76.66,7.81,94.15,89.47,3,4,0,2,92.14,0,Placed,7.52
STU1773,88.54,78.08,89.28,79.39,9.72,75.14,74.64,2,1,0,2,81.79,0,Placed,11.48
STU1774,92.37,80.09,79.17,68.50,8.59,76.05,89.98,1,2,0,2,91.25,0,Placed,9.32
STU1775,62.92,58.01,62.98,50.36,6.45,60.45,65.50,1,1,0,0,68.30,1,Not Placed,0
STU1776,50.84,59.93,58.11,55.25,5.86,66.63,55.16,1,0,0,0,69.72,1,Not Placed,0
STU1777,77.52,76.86,80.90,69.11,8.27,76.31,74.10,0,3,10,2,89.13,0,Placed,7.12
STU1778,73.99,57.24,70.28,41.73,6.18,53.07,59.26,1,0,0,0,73.94,0,Not Placed,0
STU1779,84.16,90.07,80.72,86.62,9.26,89.44,74.10,0,3,2,1,84.94,0,Placed,8.69
STU1780,91.82,79.44,90.43,80.77,8.52,91.06,93.22,1,0,4,2,89.12,0,Placed,8.75
STU1781,63.93,58.21,61.11,50.96,7.30,52.46,54.06,1,1,0,0,67.12,2,Not Placed,0
STU1782,92.30,89.20,81.11,77.93,8.00,88.33,77.50,3,3,0,1,94.78,0,Placed,8.94
STU1783,76.96,92.25,90.36,80.47,9.26,89.58,74.91,3,1,0,2,83.72,0,Placed,11.04
STU1784,83.32,84.55,94.22,89.10,8.14,91.75,88.19,1,1,0,0,84.90,0,Placed,8.69
STU1785,94.47,82.31,81.03,89.60,9.08,87.77,87.59,3,0,0,2,87.33,0,Placed,10.59
STU1786,50.31,73.53,51.16,41.29,6.08,53.73,55.64,1,1,0,0,66.92,2,Not Placed,0
STU1787,61.99,58.63,54.63,69.29,5.69,58.35,60.90,0,1,0,0,67.01,1,Not Placed,0
STU1788,79.32,81.25,89.65,88.91,7.91,76.65,80.32,1,3,0,2,86.75,0,Placed,6.63
STU1789,78.90,77.51,76.66,85.82,8.82,91.98,70.85,1,3,0,2,97.60,0,Placed,9.57
STU1790,60.24,50.68,65.61,52.68,6.57,66.13,60.73,1,1,0,0,72.10,2,Not Placed,0
STU1791,72.35,57.01,61.86,42.83,5.79,66.67,66.30,1,0,0,0,70.98,1,Not Placed,0
STU1792,91.58,91.74,93.19,75.78,9.77,78.19,91.98,0,2,0,2,85.17,0,Placed,9.63
STU1793,90.12,74.06,80.14,73.83,8.17,81.07,87.03,3,1,7,1,85.63,0,Placed,7.89
STU1794,58.16,61.64,69.91,46.01,6.28,58.11,54.75,0,1,0,0,71.92,0,Not Placed,0
STU1795,72.16,94.81,72.94,65.82,8.85,94.36,93.48,1,2,0,2,87.63,0,Placed,8.01
STU1796,72.82,90.19,76.97,77.15,8.81,89.35,89.82,1,2,0,1,89.75,0,Placed,7.71
STU1797,73.71,61.82,54.59,48.39,6.42,61.84,56.02,1,1,0,0,69.67,1,Not Placed,0
STU1798,91.50,92.60,70.76,84.74,8.27,87.28,88.86,2,3,0,0,90.61,0,Placed,8.19
STU1799,63.18,55.83,61.19,57.56,5.92,50.27,65.68,1,0,0,0,74.60,0,Not Placed,0
STU1800,70.93,70.75,94.14,68.86,9.38,90.43,88.24,0,3,0,2,81.73,0,Placed,8.95
STU1801,83.20,72.26,81.99,77.20,8.54,84.84,73.79,0,2,0,2,98.18,0,Placed,8.30
STU1802,79.37,88.64,76.64,79.56,7.65,83.62,86.80,2,2,0,2,92.68,0,Placed,7.55
STU1803,70.28,53.02,58.44,63.38,7.64,50.91,69.90,0,1,0,0,68.09,1,Not Placed,0
STU1804,69.40,51.89,73.49,44.51,6.97,56.97,68.44,1,0,0,0,78.60,2,Not Placed,0
STU1805,80.06,86.33,85.26,67.32,9.49,89.54,79.85,0,1,0,2,90.41,0,Placed,8.24
STU1806,68.70,73.87,59.44,61.61,6.34,55.28,57.52,1,1,0,0,70.48,1,Not Placed,0
STU1807,51.77,69.65,51.65,42.78,5.77,53.95,72.32,1,1,0,0,74.20,2,Not Placed,0
STU1808,82.86,78.81,83.02,76.38,9.01,85.45,85.81,3,3,0,2,91.36,0,Placed,9.58
STU1809,83.38,86.85,75.02,76.21,7.68,87.82,81.59,1,1,0,0,98.97,0,Placed,7.25
STU1810,53.89,51.77,55.09,67.56,6.16,68.61,56.31,1,1,0,0,64.20,1,Not Placed,0
STU1811,83.80,74.35,80.05,69.99,7.96,93.51,89.72,0,4,0,2,93.46,0,Placed,6.53
STU1812,85.96,90.77,86.19,74.37,7.81,94.45,85.25,0,3,0,0,87.25,0,Placed,6.11
STU1813,77.47,88.45,74.06,75.83,9.54,89.98,90.97,2,1,0,2,90.81,0,Placed,9.77
STU1814,78.10,86.91,82.10,69.33,7.86,87.98,76.67,0,3,6,1,82.12,0,Placed,6.87
STU1815,60.28,66.32,66.86,53.04,6.34,65.99,50.99,0,0,0,0,60.03,2,Not Placed,0
STU1816,80.60,78.50,81.61,74.19,8.52,83.53,74.36,1,2,6,1,87.05,0,Placed,8.21
STU1817,67.06,58.69,60.82,57.60,5.76,69.08,54.57,0,0,0,0,76.76,2,Not Placed,0
STU1818,74.62,89.79,74.73,90.91,8.39,85.47,74.88,3,0,0,0,87.27,0,Placed,9.31
STU1819,75.90,85.95,79.26,89.13,7.92,79.60,74.23,3,2,0,2,97.70,0,Placed,8.53
STU1820,93.67,75.09,73.64,75.59,8.09,75.64,80.33,1,4,0,0,87.58,0,Placed,7.93
STU1821,86.14,72.26,84.80,77.40,8.76,83.04,81.95,2,4,0,2,86.96,0,Placed,9.42
STU1822,57.92,74.13,66.73,68.81,7.75,63.16,62.43,0,1,0,0,72.80,2,Not Placed,0
STU1823,54.84,50.87,60.53,62.51,7.78,55.41,72.43,1,1,0,0,63.42,0,Not Placed,0
STU1824,52.97,65.44,72.95,50.86,5.66,69.14,55.21,1,0,0,0,72.48,2,Not Placed,0
STU1825,56.31,50.21,60.37,41.36,6.31,61.48,65.44,1,0,0,0,60.24,2,Not Placed,0
STU1826,60.87,56.65,52.58,64.44,7.61,64.17,64.69,1,1,0,0,75.23,1,Not Placed,0
STU1827,53.86,69.83,74.66,55.48,5.65,64.21,56.49,1,0,0,0,66.25,0,Not Placed,0
STU1828,63.08,55.66,74.56,52.06,7.21,66.41,74.56,1,1,0,0,72.89,1,Not Placed,0
STU1829,59.22,72.01,56.57,57.29,7.81,64.52,68.69,0,1,0,0,75.08,1,Not Placed,0
STU1830,76.29,89.29,94.56,81.40,9.19,81.58,74.54,3,2,0,2,89.13,0,Placed,10.24
STU1831,93.81,94.79,82.08,89.67,9.74,77.48,75.02,1,1,0,2,90.76,0,Placed,9.72
STU1832,82.83,75.91,72.03,69.97,9.57,88.96,77.22,1,1,0,2,87.12,0,Placed,10.07
STU1833,77.47,87.35,78.46,83.74,8.70,80.94,75.88,0,4,6,1,90.22,0,Placed,7.62
STU1834,77.25,73.32,90.66,76.93,9.20,84.51,91.39,1,4,0,0,86.19,0,Placed,9.99
STU1835,74.21,93.57,73.04,85.53,9.06,86.32,71.38,2,3,0,2,87.00,0,Placed,9.04
STU1836,77.80,84.42,76.64,84.60,7.85,93.33,76.98,2,0,5,1,81.91,0,Placed,7.20
STU1837,94.99,93.70,70.62,93.99,8.77,92.21,82.13,3,0,0,2,82.18,0,Placed,10.10
STU1838,75.22,74.59,74.34,74.10,7.83,81.40,88.92,1,4,0,1,87.83,0,Placed,7.04
STU1839,76.13,79.78,74.81,83.81,7.55,79.87,90.78,0,4,6,1,93.09,0,Placed,6.59
STU1840,80.90,74.82,77.89,81.48,9.84,93.22,94.55,1,0,0,2,87.79,0,Placed,10.26
STU1841,64.36,58.22,56.48,56.27,7.26,60.13,51.17,0,0,0,0,60.70,0,Not Placed,0
STU1842,86.11,94.06,77.43,66.00,7.88,93.73,79.19,3,4,0,2,92.54,0,Placed,8.67
STU1843,78.07,72.47,70.67,65.71,9.12,77.15,80.68,3,0,2,2,96.85,0,Placed,10.34
STU1844,73.97,93.39,81.55,65.94,7.66,86.66,72.52,3,4,0,2,95.77,0,Placed,7.44
STU1845,68.95,70.86,54.27,46.94,6.69,59.10,69.03,0,0,0,0,63.61,1,Not Placed,0
STU1846,59.48,65.46,68.79,56.61,7.62,60.90,66.25,1,1,0,0,76.38,0,Placed,7.10
STU1847,94.05,74.77,77.19,77.56,7.71,94.14,82.15,2,2,0,0,98.00,0,Placed,6.76
STU1848,71.80,58.03,63.64,55.29,6.27,60.54,66.04,1,1,0,0,65.34,0,Not Placed,0
STU1849,88.84,84.50,84.79,79.04,7.76,79.63,86.85,1,4,0,0,89.04,0,Placed,6.80
STU1850,89.67,94.74,89.27,77.08,8.88,88.24,83.45,0,1,0,1,98.54,0,Placed,9.15
STU1851,82.70,82.29,86.28,69.76,9.70,80.85,90.77,2,1,0,1,81.62,0,Placed,10.72
STU1852,74.49,63.76,74.72,58.53,7.60,51.82,72.58,0,0,0,0,68.97,1,Not Placed,0
STU1853,68.05,54.79,64.13,52.75,5.83,64.53,73.08,0,0,0,0,64.60,1,Not Placed,0
STU1854,61.86,71.06,59.93,42.25,5.76,55.51,64.92,1,0,0,0,69.14,2,Not Placed,0
STU1855,73.36,74.74,67.47,47.75,6.10,63.28,55.08,0,1,0,0,68.20,0,Not Placed,0
STU1856,91.83,70.76,75.06,91.01,8.70,94.40,81.45,2,1,1,1,92.51,0,Placed,9.33
STU1857,71.20,94.84,76.17,71.36,8.76,81.12,89.51,0,0,0,1,95.69,0,Placed,8.24
STU1858,74.44,72.16,58.80,67.32,6.41,52.89,61.71,1,1,0,0,74.48,2,Not Placed,0
STU1859,76.13,78.81,91.27,88.80,9.29,80.91,83.26,3,3,0,0,86.83,0,Placed,11.37
STU1860,65.95,64.09,72.00,43.38,7.66,64.26,71.20,1,0,0,0,70.42,2,Not Placed,0
STU1861,88.59,94.60,82.75,69.85,7.88,84.60,93.67,1,2,5,2,97.79,0,Placed,8.19
STU1862,78.12,93.13,74.42,79.45,9.53,84.44,80.65,3,0,11,2,82.85,0,Placed,11.74
STU1863,61.10,60.50,73.53,68.54,6.33,59.69,61.52,0,1,0,0,64.47,2,Not Placed,0
STU1864,91.74,87.46,86.53,72.14,7.95,87.62,75.49,1,4,8,1,94.39,0,Placed,6.99
STU1865,59.01,63.29,62.55,67.68,7.29,65.11,71.24,0,0,0,0,74.95,1,Not Placed,0
STU1866,84.74,87.98,86.47,89.87,9.85,89.54,74.46,2,3,2,1,87.79,0,Placed,10.21
STU1867,89.68,80.14,77.28,65.61,8.50,82.29,87.64,2,3,0,0,89.99,0,Placed,8.53
STU1868,84.65,80.08,75.77,70.37,8.99,78.78,71.85,1,3,0,1,90.36,0,Placed,9.30
STU1869,75.85,93.51,76.59,83.79,8.36,95.00,70.37,1,0,0,2,88.82,0,Placed,8.51
STU1870,72.82,94.12,78.22,79.32,8.49,90.56,91.79,0,2,0,2,98.74,0,Placed,7.55
STU1871,65.70,50.28,52.08,41.06,6.84,63.41,59.85,0,1,0,0,77.67,1,Not Placed,0
STU1872,57.98,67.56,74.93,49.71,5.74,57.80,65.61,0,0,0,0,73.64,1,Not Placed,0
STU1873,89.58,80.94,91.88,90.25,8.89,92.52,91.21,2,0,0,1,94.00,0,Placed,10.06
STU1874,93.61,94.60,70.50,90.36,7.81,88.45,90.60,0,3,8,2,93.81,0,Placed,6.17
STU1875,93.35,88.92,75.42,82.20,9.88,77.08,91.06,1,4,0,0,80.79,0,Placed,10.76
STU1876,74.05,70.94,82.79,82.44,8.14,79.37,81.51,0,1,0,2,89.78,0,Placed,7.69
STU1877,80.07,76.55,76.14,68.58,8.99,78.23,89.88,3,0,0,2,80.75,0,Placed,9.87
STU1878,91.69,73.47,81.25,91.42,7.93,79.87,94.00,3,0,3,1,93.00,0,Placed,8.84
STU1879,79.95,93.47,78.62,87.39,7.61,86.87,85.76,3,1,6,0,96.87,0,Placed,7.72
STU1880,92.75,81.81,77.06,76.10,7.83,82.95,82.33,2,0,0,1,96.80,0,Placed,7.83
STU1881,88.87,79.39,85.99,76.04,7.95,90.08,83.35,0,2,0,2,95.53,0,Placed,6.64
STU1882,50.87,55.11,55.85,68.07,5.90,58.44,65.58,1,0,0,0,78.17,0,Not Placed,0
STU1883,64.73,60.47,59.33,68.74,7.05,62.00,54.74,1,0,0,0,62.16,1,Not Placed,0
STU1884,74.20,86.91,75.13,67.46,8.75,86.65,75.93,3,3,2,2,87.08,0,Placed,9.34
STU1885,75.23,93.81,85.21,77.51,8.10,92.30,86.64,0,2,0,2,86.02,0,Placed,6.33
STU1886,86.61,89.02,89.50,91.50,8.41,92.26,94.95,3,4,0,2,84.68,0,Placed,8.77
STU1887,82.19,88.15,74.08,66.71,8.61,78.18,83.43,3,1,0,0,80.80,0,Placed,9.34
STU1888,74.72,86.56,75.42,93.04,8.59,83.63,74.66,2,3,0,0,97.27,0,Placed,8.97
STU1889,75.05,79.74,78.60,76.23,9.87,77.60,82.86,0,3,0,2,84.47,0,Placed,9.59
STU1890,71.93,79.10,75.04,82.92,8.50,94.76,90.25,1,4,2,0,85.88,0,Placed,7.33
STU1891,80.55,94.37,74.56,84.12,8.82,87.91,92.53,2,2,0,1,96.89,0,Placed,9.80
STU1892,77.22,74.30,87.51,93.08,9.37,80.00,89.28,3,0,0,0,86.15,0,Placed,9.63
STU1893,83.01,74.53,94.89,94.64,9.83,80.07,75.28,1,3,10,0,81.10,0,Placed,10.86
STU1894,66.81,59.59,62.91,58.39,6.04,55.63,73.84,0,1,0,0,66.66,1,Not Placed,0
STU1895,57.24,55.73,73.92,58.49,7.86,59.76,60.97,1,1,0,0,76.41,0,Placed,8.26
STU1896,87.86,71.27,82.70,87.55,8.22,77.69,73.36,1,3,0,0,88.71,0,Placed,7.10
STU1897,70.15,92.78,79.66,70.62,8.49,80.95,71.38,2,3,0,2,95.88,0,Placed,9.00
STU1898,67.13,56.22,50.30,42.39,6.89,52.76,59.87,0,1,0,0,64.08,2,Not Placed,0
STU1899,66.29,60.11,62.31,42.07,6.74,64.02,61.00,0,0,0,0,75.42,2,Not Placed,0
STU1900,70.53,92.78,73.59,94.76,9.59,88.23,85.21,0,1,0,0,86.07,0,Placed,10.16
STU1901,50.25,68.94,52.97,43.07,6.46,59.94,72.94,1,0,0,0,78.40,2,Not Placed,0
STU1902,76.42,84.51,80.96,89.80,7.59,85.13,88.02,0,4,5,1,83.32,0,Placed,6.06
STU1903,86.01,90.10,88.83,82.71,8.15,76.12,83.62,3,4,0,2,82.01,0,Placed,8.82
STU1904,62.10,68.57,74.97,54.47,6.22,55.87,59.17,1,1,0,0,74.57,1,Not Placed,0
STU1905,92.04,79.13,78.92,89.95,9.32,78.33,94.44,1,4,9,0,91.43,0,Placed,8.65
STU1906,59.09,67.38,55.18,51.86,6.28,50.15,50.39,0,1,0,0,60.75,1,Not Placed,0
STU1907,63.44,52.31,55.37,69.06,6.99,56.61,61.57,1,1,0,0,64.42,0,Not Placed,0
STU1908,76.90,84.77,77.60,76.52,8.34,86.92,74.33,3,1,0,0,82.62,0,Placed,9.53
STU1909,79.88,83.95,70.49,72.90,8.60,89.34,70.50,1,4,0,2,82.94,0,Placed,8.48
STU1910,83.35,82.88,78.63,85.58,7.69,90.32,74.97,0,3,0,0,85.01,0,Placed,5.72
STU1911,93.12,89.35,90.79,85.99,9.78,86.19,70.95,2,4,0,0,86.99,0,Placed,10.86
STU1912,74.60,82.43,71.87,76.90,7.54,81.73,92.68,0,2,0,0,89.47,0,Placed,5.84
STU1913,65.07,72.25,50.28,44.61,7.66,66.37,68.01,0,0,0,0,68.01,2,Not Placed,0
STU1914,80.48,71.24,94.93,69.25,9.87,75.46,84.33,3,1,0,1,83.77,0,Placed,12.24
STU1915,59.55,69.06,71.37,60.30,7.06,59.18,72.61,1,0,0,0,69.60,1,Not Placed,0
STU1916,71.06,68.01,60.42,42.47,7.08,61.04,74.23,1,1,0,0,74.42,0,Not Placed,0
STU1917,66.90,69.71,73.86,52.09,5.96,61.53,68.47,1,0,0,0,65.56,2,Not Placed,0
STU1918,69.01,68.64,63.20,62.44,7.43,59.55,71.13,1,1,0,0,77.27,0,Not Placed,0
STU1919,66.09,54.05,58.92,53.31,7.07,66.29,69.18,1,0,0,0,63.09,2,Not Placed,0
STU1920,85.85,88.98,76.93,86.07,8.24,94.40,70.63,1,1,0,0,82.73,0,Placed,7.80
STU1921,63.22,74.11,66.38,50.44,7.31,67.96,61.09,0,0,0,0,72.64,0,Not Placed,0
STU1922,81.06,93.36,76.96,82.01,8.16,91.35,88.69,3,0,0,0,95.04,0,Placed,7.88
STU1923,52.55,56.55,54.73,68.90,6.27,63.21,66.61,1,1,0,0,65.39,0,Not Placed,0
STU1924,74.75,53.77,59.30,44.10,7.37,62.52,53.73,1,0,0,0,78.14,0,Not Placed,0
STU1925,94.95,84.16,85.21,94.06,7.54,94.87,91.90,2,4,0,0,96.63,0,Placed,7.48
STU1926,54.95,57.91,72.24,53.79,5.79,68.51,56.29,0,1,0,0,73.19,2,Not Placed,0
STU1927,68.43,66.72,68.67,45.12,5.78,60.06,52.38,1,1,0,0,73.02,0,Not Placed,0
STU1928,77.36,76.89,75.11,83.84,8.17,88.50,82.32,1,4,0,2,87.68,0,Placed,7.23
STU1929,72.99,72.73,86.53,82.18,7.57,78.99,75.00,3,3,0,2,89.17,0,Placed,7.45
STU1930,65.78,53.59,71.62,63.96,6.94,59.49,66.44,1,1,0,0,77.39,0,Not Placed,0
STU1931,82.00,72.52,90.11,90.52,9.05,80.29,79.70,3,2,0,1,95.93,0,Placed,9.11
STU1932,74.17,93.40,94.68,65.32,7.91,87.96,80.27,0,3,0,1,95.63,0,Placed,7.18
STU1933,72.82,53.43,51.51,68.16,6.18,60.27,68.58,1,1,0,0,77.42,1,Not Placed,0
STU1934,60.74,64.77,67.99,41.07,5.53,61.69,70.03,0,1,0,0,71.85,2,Not Placed,0
STU1935,84.35,73.33,72.90,90.59,9.88,83.68,85.73,0,0,0,2,84.26,0,Placed,8.98
STU1936,74.54,85.58,82.01,81.23,7.98,88.86,78.16,1,2,0,1,86.25,0,Placed,7.57
STU1937,81.66,73.99,78.87,89.98,9.66,78.56,84.63,2,2,0,1,91.14,0,Placed,10.04
STU1938,63.38,62.75,74.71,61.14,6.10,69.44,53.09,1,1,0,0,74.67,2,Not Placed,0
STU1939,82.74,77.43,72.10,81.02,9.33,83.93,78.84,1,4,0,2,86.57,0,Placed,9.74
STU1940,91.38,70.51,91.12,78.44,8.96,78.72,73.22,0,1,0,2,97.55,0,Placed,8.56
STU1941,72.99,68.47,74.08,44.05,6.89,64.67,60.35,0,1,0,0,72.83,1,Not Placed,0
STU1942,81.37,78.40,85.12,80.32,9.48,94.37,74.63,2,3,0,1,83.46,0,Placed,10.22
STU1943,91.52,88.84,85.95,72.27,8.24,75.78,92.94,2,4,0,0,91.08,0,Placed,8.21
STU1944,55.02,50.44,61.43,54.02,6.48,56.57,59.45,1,1,0,0,70.01,0,Not Placed,0
STU1945,78.47,85.36,86.03,72.36,9.19,94.50,92.08,3,0,2,2,86.27,0,Placed,11.17
STU1946,54.44,64.45,62.51,61.12,5.90,50.90,72.02,0,1,0,0,68.49,1,Not Placed,0
STU1947,52.20,58.74,52.82,60.30,5.86,62.73,55.79,0,1,0,0,76.74,0,Not Placed,0
STU1948,84.46,86.46,75.22,72.06,9.00,75.05,74.72,1,3,0,1,91.12,0,Placed,8.50
STU1949,94.67,91.71,72.38,81.27,8.98,90.38,76.37,0,4,5,0,89.28,0,Placed,8.00
STU1950,61.23,72.66,58.85,58.34,5.91,51.44,65.74,1,1,0,0,65.93,2,Not Placed,0
STU1951,89.01,73.22,76.57,92.64,8.58,81.02,86.16,0,3,0,0,82.06,0,Placed,8.52
STU1952,75.65,78.50,94.65,81.52,7.88,94.44,71.55,2,2,0,0,82.84,0,Placed,7.94
STU1953,72.49,74.28,92.93,89.36,7.94,84.08,75.79,3,4,8,1,91.77,0,Placed,8.58
STU1954,70.49,90.15,83.08,91.42,9.71,82.55,87.21,1,3,0,2,89.94,0,Placed,9.41
STU1955,74.46,69.13,66.94,63.05,6.40,52.29,73.72,0,0,0,0,77.58,0,Not Placed,0
STU1956,74.74,74.00,61.44,47.18,7.11,56.63,52.87,0,0,0,0,60.62,1,Not Placed,0
STU1957,85.45,72.27,90.32,77.60,8.63,80.25,72.11,0,0,0,0,83.87,0,Placed,7.81
STU1958,78.77,79.52,80.88,93.58,9.39,75.93,81.83,2,3,7,0,87.81,0,Placed,10.58
STU1959,72.17,69.02,54.24,51.46,7.75,51.85,64.47,1,1,0,0,67.21,0,Not Placed,0
STU1960,86.82,71.48,85.49,65.75,7.75,93.87,94.67,2,0,0,2,81.04,0,Placed,8.11
STU1961,91.84,83.47,89.97,88.60,8.23,81.14,82.18,0,1,0,2,85.90,0,Placed,6.78
STU1962,70.00,54.14,68.55,47.30,6.66,56.38,69.31,0,0,0,0,76.76,2,Not Placed,0
STU1963,93.49,74.59,86.18,72.89,7.69,93.16,71.39,3,1,7,2,93.28,0,Placed,8.54
STU1964,80.62,80.16,71.84,65.82,8.06,92.34,89.68,3,2,9,0,88.60,0,Placed,8.36
STU1965,56.43,59.49,73.59,65.62,7.12,58.60,51.01,0,1,0,0,60.33,1,Not Placed,0
STU1966,81.10,81.47,84.92,93.76,8.86,83.45,93.47,1,4,0,2,94.78,0,Placed,8.82
STU1967,92.21,75.87,89.17,86.52,7.99,90.97,70.50,0,4,0,2,87.14,0,Placed,7.75
STU1968,74.79,73.44,89.01,91.10,7.63,92.90,71.40,0,2,7,2,85.41,0,Placed,6.91
STU1969,73.49,86.44,72.18,87.66,9.20,81.98,74.25,0,3,0,0,84.55,0,Placed,9.70
STU1970,84.60,79.36,77.12,65.60,7.96,93.27,85.13,0,4,9,2,90.80,0,Placed,6.22
STU1971,73.49,74.75,73.80,75.83,8.72,82.17,92.76,1,1,0,2,92.42,0,Placed,8.23
STU1972,76.89,74.29,83.26,91.01,9.02,75.14,77.33,1,3,0,0,80.08,0,Placed,9.04
STU1973,65.63,70.74,62.30,61.96,6.99,56.97,56.42,0,0,0,0,68.20,0,Not Placed,0
STU1974,56.80,61.00,71.42,48.20,6.35,52.86,57.56,0,0,0,0,77.74,1,Not Placed,0
STU1975,52.27,70.57,73.78,57.61,6.61,61.89,69.24,0,0,0,0,69.29,0,Not Placed,0
STU1976,71.29,84.32,93.57,68.72,8.05,77.78,84.14,3,2,0,1,82.99,0,Placed,7.85
STU1977,90.80,87.02,87.21,71.79,8.95,86.53,89.41,0,3,0,2,83.22,0,Placed,8.51
STU1978,88.30,74.26,78.31,81.08,8.42,94.98,72.22,3,4,0,2,96.13,0,Placed,8.94
STU1979,61.32,54.26,58.01,62.33,6.49,53.53,68.02,0,0,0,0,75.59,2,Not Placed,0
STU1980,76.96,89.07,94.96,81.92,7.69,92.42,93.61,3,2,5,2,80.98,0,Placed,7.19
STU1981,68.11,74.44,73.87,68.99,5.55,55.11,56.67,0,0,0,0,75.24,0,Not Placed,0
STU1982,74.36,90.85,92.60,69.99,9.16,75.15,80.72,3,1,0,0,82.24,0,Placed,11.17
STU1983,88.36,90.27,94.18,90.58,9.34,84.04,92.93,3,4,0,0,90.51,0,Placed,9.51
STU1984,72.98,75.91,94.97,78.55,7.63,90.85,82.20,1,4,7,2,88.35,0,Placed,7.49
STU1985,71.20,59.18,61.50,68.35,6.51,65.22,73.46,0,0,0,0,66.07,1,Not Placed,0
STU1986,76.03,85.50,79.42,72.83,7.78,78.84,79.86,0,3,9,1,82.26,0,Placed,7.57
STU1987,60.25,56.50,61.79,46.12,7.88,50.96,64.76,0,0,0,0,70.20,2,Not Placed,0
STU1988,82.04,88.15,70.01,65.57,9.14,85.34,77.42,1,0,8,1,84.22,0,Placed,9.61
STU1989,73.99,92.57,86.02,83.68,8.73,87.35,70.44,3,1,0,2,80.79,0,Placed,8.87
STU1990,94.15,72.89,84.83,73.77,7.65,75.33,80.62,1,1,0,2,87.02,0,Placed,6.03
STU1991,87.17,89.10,83.04,74.00,8.42,81.71,85.57,2,0,5,2,83.13,0,Placed,7.84
STU1992,83.34,93.70,82.96,89.02,7.53,80.68,81.47,2,4,10,0,94.52,0,Placed,6.62
STU1993,70.03,61.78,50.48,44.63,7.21,60.84,72.46,1,1,0,0,67.17,2,Not Placed,0
STU1994,67.27,69.81,59.27,40.75,7.20,55.47,59.04,0,0,0,0,76.52,1,Not Placed,0
STU1995,72.99,89.69,84.63,94.25,8.97,92.11,82.93,0,2,0,1,91.94,0,Placed,8.49
STU1996,68.85,69.85,63.15,53.60,6.59,66.12,54.72,1,1,0,0,64.72,0,Not Placed,0
STU1997,91.38,76.18,92.60,92.34,9.48,83.66,89.68,1,1,0,1,98.26,0,Placed,9.52
STU1998,51.29,58.13,66.36,56.41,7.72,55.75,54.65,1,0,0,0,74.81,2,Not Placed,0
STU1999,76.87,90.41,80.90,68.16,9.08,90.41,76.52,2,0,0,1,92.06,0,Placed,9.78
STU2000,50.91,54.17,60.63,48.56,6.45,69.20,52.88,1,1,0,0,78.18,2,Not Placed,0
STU2001,51.08,56.63,57.84,41.62,5.94,60.32,55.05,0,0,0,0,69.15,2,Not Placed,0
STU2002,92.54,86.66,87.71,73.32,7.97,90.65,89.33,1,1,0,1,86.45,0,Placed,7.63
STU2003,50.64,72.71,59.72,57.79,7.19,68.31,72.35,0,0,0,0,77.21,0,Not Placed,0
STU2004,80.91,78.86,86.13,84.97,8.83,94.05,89.82,3,2,2,0,94.21,0,Placed,9.60
STU2005,80.18,81.97,90.19,71.32,8.50,79.11,80.94,1,2,9,2,92.96,0,Placed,7.70
STU2006,84.06,79.73,94.82,74.86,7.98,85.45,90.81,2,4,0,0,94.09,0,Placed,8.59
STU2007,91.34,74.97,88.35,92.35,8.64,79.95,84.39,2,1,0,0,82.17,0,Placed,9.83
STU2008,70.85,54.76,56.62,68.92,7.66,61.65,56.79,0,1,0,0,76.38,1,Not Placed,0
STU2009,72.67,58.85,68.75,64.42,5.96,66.80,74.59,1,0,0,0,64.00,2,Not Placed,0
STU2010,64.65,56.56,72.74,69.28,6.51,53.73,60.56,0,0,0,0,68.90,1,Not Placed,0
STU2011,93.73,76.28,71.69,72.69,8.20,83.07,84.06,3,1,0,2,86.97,0,Placed,8.22
STU2012,81.76,73.24,85.63,79.16,9.71,89.10,92.31,1,0,0,0,88.68,0,Placed,9.69
STU2013,76.94,93.61,76.23,68.12,9.13,88.72,94.50,2,1,0,1,88.53,0,Placed,10.18
STU2014,65.86,72.78,61.38,43.45,6.75,54.73,56.71,1,0,0,0,78.50,0,Not Placed,0
STU2015,70.74,58.16,62.30,46.70,5.64,50.38,63.00,0,1,0,0,63.55,2,Not Placed,0
STU2016,78.57,87.18,92.50,92.86,9.18,94.78,73.52,1,4,0,0,98.40,0,Placed,9.92
STU2017,93.92,86.79,88.00,65.83,8.86,91.57,70.32,1,3,11,1,82.89,0,Placed,8.89
STU2018,52.16,56.23,64.93,51.35,6.79,68.48,52.57,1,0,0,0,67.97,1,Not Placed,0
STU2019,70.86,85.91,88.87,89.62,8.79,87.27,84.72,0,1,0,0,90.62,0,Placed,7.69
STU2020,90.54,72.51,83.99,84.97,7.59,75.66,88.67,0,3,7,2,85.23,0,Placed,6.18
STU2021,90.43,79.54,87.40,74.16,8.13,92.27,83.29,1,0,0,0,86.63,0,Placed,7.85
STU2022,62.30,68.39,63.93,67.87,7.88,55.08,72.40,1,1,0,0,78.06,2,Not Placed,0
STU2023,77.43,92.33,89.57,79.43,8.71,82.39,92.92,1,3,1,0,94.13,0,Placed,8.06
STU2024,81.58,78.52,72.14,78.33,7.82,79.18,74.19,3,1,0,0,91.36,0,Placed,7.46
STU2025,94.14,91.64,72.13,93.25,8.22,88.65,74.32,2,0,0,0,80.18,0,Placed,7.69
STU2026,63.76,71.92,64.27,68.02,6.60,69.56,73.70,0,1,0,0,61.00,2,Not Placed,0
STU2027,86.99,77.34,74.28,79.77,7.65,85.40,90.82,2,3,0,0,92.48,0,Placed,7.50
STU2028,70.12,77.94,86.75,69.85,9.65,94.86,92.05,1,4,0,1,80.41,0,Placed,10.65
STU2029,81.16,84.65,86.79,76.61,9.01,81.48,77.79,2,4,5,1,97.01,0,Placed,9.88
STU2030,61.27,59.60,71.02,50.19,7.42,69.37,58.66,1,0,0,0,63.78,0,Placed,7.04
STU2031,76.22,93.39,72.31,76.62,9.79,85.32,80.25,2,4,0,2,97.63,0,Placed,10.42
STU2032,63.96,55.24,61.16,53.63,7.42,68.54,53.51,1,0,0,0,77.14,1,Not Placed,0
STU2033,94.89,79.67,81.92,71.96,7.61,81.86,89.44,3,4,0,2,97.07,0,Placed,8.11
STU2034,66.40,62.35,73.02,69.37,6.15,58.01,60.14,1,0,0,0,69.84,0,Not Placed,0
STU2035,56.82,59.83,67.30,44.26,7.33,69.82,69.56,0,1,0,0,67.32,2,Not Placed,0
STU2036,70.64,71.47,61.47,43.56,5.74,67.13,55.47,0,1,0,0,71.68,2,Not Placed,0
STU2037,69.49,55.06,56.60,65.13,6.01,61.37,59.65,1,0,0,0,67.83,1,Not Placed,0
STU2038,70.50,54.10,62.40,60.33,5.94,58.02,61.28,0,1,0,0,75.53,2,Not Placed,0
STU2039,64.60,51.06,61.11,43.29,5.67,57.89,72.67,1,1,0,0,72.01,0,Not Placed,0
STU2040,68.49,72.95,54.21,63.60,6.30,57.97,53.81,0,0,0,0,65.17,2,Not Placed,0
STU2041,77.03,90.36,94.38,92.59,8.69,80.37,72.85,2,0,0,2,96.37,0,Placed,9.35
STU2042,55.44,55.65,50.74,53.58,6.05,55.15,66.38,0,1,0,0,70.88,2,Not Placed,0
STU2043,59.02,73.71,64.08,45.33,7.58,65.34,61.54,1,0,0,0,60.23,0,Placed,6.10
STU2044,89.79,77.73,74.13,71.83,8.13,82.08,73.32,3,0,0,1,81.97,0,Placed,9.15
STU2045,87.50,78.02,71.96,76.41,9.69,88.23,74.06,1,2,0,2,86.30,0,Placed,10.56
STU2046,53.83,60.15,64.40,54.94,7.48,51.96,62.59,0,0,0,0,78.68,1,Not Placed,0
STU2047,63.47,51.76,61.46,55.43,5.79,59.51,72.10,0,1,0,0,74.19,2,Not Placed,0
STU2048,86.26,85.98,78.07,79.36,9.14,89.82,87.00,1,3,8,1,83.52,0,Placed,8.73
STU2049,77.07,90.40,71.94,91.82,8.65,76.57,81.27,3,1,0,2,84.39,0,Placed,9.00
STU2050,57.70,50.02,66.27,45.23,6.80,56.50,61.48,0,0,0,0,76.28,2,Not Placed,0
STU2051,89.17,93.69,84.68,75.24,9.78,79.02,93.50,2,1,0,1,86.37,0,Placed,11.37
STU2052,87.54,89.16,87.74,92.76,8.69,92.64,70.95,2,2,9,2,93.82,0,Placed,9.50
STU2053,89.61,80.48,81.93,69.10,8.26,89.49,74.83,1,1,0,0,93.79,0,Placed,7.96
STU2054,53.58,58.28,59.64,47.32,7.45,57.22,65.87,0,0,0,0,72.43,1,Not Placed,0
STU2055,63.83,67.93,70.17,60.56,6.40,65.57,68.43,1,0,0,0,70.90,0,Not Placed,0
STU2056,72.16,83.22,82.14,76.02,9.29,76.15,94.16,3,1,0,0,93.68,0,Placed,9.82
STU2057,73.44,88.78,92.96,71.52,7.66,92.54,80.78,1,3,2,1,82.49,0,Placed,6.73
STU2058,74.27,81.56,77.30,71.21,9.05,93.56,85.76,3,4,0,1,93.63,0,Placed,10.54
STU2059,73.10,83.96,89.57,90.02,9.79,83.90,72.11,0,3,9,2,87.30,0,Placed,9.98
STU2060,83.06,94.24,85.55,75.28,9.16,88.12,72.76,2,3,0,1,93.28,0,Placed,9.53
STU2061,68.52,55.34,68.64,68.28,6.44,60.93,69.52,1,1,0,0,66.49,1,Not Placed,0
STU2062,77.56,77.79,91.50,91.06,9.56,76.93,93.19,0,0,0,0,90.77,0,Placed,8.74
STU2063,83.76,79.89,71.32,67.66,8.10,77.04,77.59,3,1,0,2,95.70,0,Placed,7.81
STU2064,73.83,78.62,70.84,70.09,8.28,82.59,74.91,3,0,0,1,94.03,0,Placed,8.01
STU2065,94.13,82.02,78.85,76.78,8.21,91.61,84.91,1,2,0,2,96.62,0,Placed,6.96
STU2066,77.58,81.19,76.56,67.22,9.21,85.60,86.58,2,4,0,0,93.26,0,Placed,10.32
STU2067,67.54,68.52,64.38,54.30,7.31,62.15,64.80,0,1,0,0,71.50,2,Not Placed,0
STU2068,73.71,70.88,87.71,87.32,8.16,88.82,79.14,1,3,0,1,98.60,0,Placed,6.95
STU2069,90.26,84.29,78.74,66.12,9.06,76.34,90.76,1,3,1,1,88.80,0,Placed,9.13
STU2070,93.81,92.01,93.73,81.41,8.30,82.22,87.09,3,4,0,1,82.58,0,Placed,9.91
STU2071,59.01,72.13,52.26,44.56,5.57,62.68,57.39,1,0,0,0,77.14,1,Not Placed,0
STU2072,94.36,88.55,75.16,83.50,8.62,92.28,77.07,2,0,0,1,88.22,0,Placed,9.51
STU2073,67.18,54.19,62.24,62.60,7.28,69.84,68.70,0,0,0,0,68.08,0,Not Placed,0
STU2074,76.70,80.27,76.51,88.53,9.16,78.52,83.15,0,2,8,0,92.48,0,Placed,8.37
STU2075,66.31,60.50,71.04,59.12,7.15,63.08,52.38,0,0,0,0,64.59,1,Not Placed,0
STU2076,67.83,54.38,57.49,51.36,6.69,54.44,51.18,1,0,0,0,67.65,1,Not Placed,0
STU2077,71.23,67.98,52.51,40.94,5.82,56.06,61.10,0,1,0,0,68.23,1,Not Placed,0
STU2078,87.42,88.30,84.47,77.28,9.71,88.40,76.63,2,0,0,1,83.44,0,Placed,10.56
STU2079,81.92,90.95,84.45,80.67,7.55,81.95,75.66,0,3,0,2,83.81,0,Placed,5.76
STU2080,88.81,81.79,74.61,66.26,8.11,80.03,76.26,1,4,0,1,97.28,0,Placed,7.57
STU2081,63.33,65.83,66.07,45.52,7.30,53.32,68.80,0,1,0,0,72.26,0,Not Placed,0
STU2082,69.67,63.36,73.11,43.17,7.06,67.01,61.66,1,1,0,0,74.90,1,Not Placed,0
STU2083,70.37,92.77,85.45,92.71,8.17,93.15,72.48,3,4,0,2,87.18,0,Placed,9.45
STU2084,73.15,75.89,73.30,67.57,9.27,80.83,73.49,3,4,0,2,91.95,0,Placed,10.74
STU2085,74.33,58.91,67.04,43.51,7.22,65.70,73.98,1,0,0,0,75.18,1,Not Placed,0
STU2086,70.56,55.03,62.02,68.65,5.88,69.72,71.51,1,0,0,0,66.84,0,Not Placed,0
STU2087,63.04,52.83,53.05,58.65,5.80,57.42,58.46,1,0,0,0,73.25,0,Not Placed,0
STU2088,76.71,76.27,81.74,69.59,7.71,77.77,74.22,2,0,6,0,83.68,0,Placed,8.21
STU2089,75.90,86.83,73.96,88.35,9.84,77.33,72.78,2,3,0,0,95.10,0,Placed,10.65
STU2090,84.98,73.74,93.42,80.87,8.50,82.25,91.25,3,2,0,2,96.69,0,Placed,10.01
STU2091,74.58,55.10,52.59,64.81,6.84,52.86,53.57,0,0,0,0,65.97,2,Not Placed,0
STU2092,88.13,93.11,93.88,80.65,9.73,82.35,75.55,3,1,0,1,87.43,0,Placed,11.93
STU2093,69.68,55.15,70.20,40.03,6.41,60.54,53.95,1,1,0,0,66.02,2,Not Placed,0
STU2094,70.59,57.09,67.16,56.65,7.71,56.76,51.86,1,1,0,0,62.61,1,Not Placed,0
STU2095,66.21,73.95,57.20,42.80,7.30,50.41,50.51,1,1,0,0,64.16,2,Not Placed,0
STU2096,65.95,69.77,72.33,66.38,5.79,61.67,66.63,1,1,0,0,60.73,2,Not Placed,0
STU2097,87.00,75.51,77.50,68.56,9.24,93.00,83.80,2,0,0,0,88.64,0,Placed,9.47
STU2098,69.41,56.44,74.81,52.76,6.61,65.00,69.88,1,1,0,0,60.55,1,Not Placed,0
STU2099,88.20,87.23,79.30,91.32,7.95,75.52,85.54,3,0,0,1,86.13,0,Placed,8.23
STU2100,70.95,94.45,83.43,94.86,8.42,84.38,73.77,1,1,0,0,84.48,0,Placed,7.82
STU2101,91.29,70.41,92.69,74.50,8.86,76.78,81.06,3,4,0,2,93.53,0,Placed,9.24
STU2102,81.99,84.20,83.97,78.93,9.11,91.19,82.49,2,2,0,2,88.17,0,Placed,9.83
STU2103,71.08,74.21,54.47,43.27,7.64,63.49,55.12,1,1,0,0,73.27,0,Placed,6.69
STU2104,61.10,71.21,55.22,49.43,7.62,57.60,60.68,0,1,0,0,78.14,1,Not Placed,0
STU2105,54.16,50.02,53.55,60.89,6.75,56.62,72.01,1,0,0,0,62.82,0,Not Placed,0
STU2106,90.30,82.77,83.70,73.78,8.34,82.67,84.51,0,1,0,1,86.36,0,Placed,6.54
STU2107,89.03,94.89,72.17,67.35,8.76,79.71,76.42,2,1,3,1,85.40,0,Placed,10.11
STU2108,65.21,51.35,53.42,53.65,6.96,66.57,69.51,0,0,0,0,73.55,1,Not Placed,0
STU2109,72.78,71.30,58.90,44.14,6.52,68.51,73.25,0,1,0,0,62.40,1,Not Placed,0
STU2110,80.11,79.98,90.61,69.34,9.59,87.63,90.57,3,3,5,2,85.41,0,Placed,11.21
STU2111,73.56,58.04,65.89,60.54,5.75,62.24,66.96,1,0,0,0,68.27,1,Not Placed,0
STU2112,85.02,89.01,82.22,76.36,7.98,82.21,87.74,3,2,5,2,87.77,0,Placed,8.87
STU2113,59.53,70.56,74.37,50.44,5.74,68.75,72.95,1,0,0,0,62.28,1,Not Placed,0
STU2114,75.80,85.97,78.59,82.63,7.53,85.08,72.99,2,2,0,0,95.45,0,Placed,7.50
STU2115,65.23,63.41,60.57,67.43,7.35,52.80,68.69,1,1,0,0,68.81,1,Not Placed,0
STU2116,84.14,71.09,86.49,82.38,9.78,94.87,75.52,3,3,0,2,83.15,0,Placed,10.78
STU2117,80.73,71.82,92.21,83.44,9.57,77.31,88.52,0,3,0,2,87.81,0,Placed,9.66
STU2118,71.61,72.57,90.23,94.06,9.89,78.53,85.99,2,2,5,1,83.89,0,Placed,10.37
STU2119,73.27,62.41,55.78,40.44,6.16,57.68,73.86,1,0,0,0,71.22,2,Not Placed,0
STU2120,72.21,66.45,55.47,53.86,7.06,64.27,63.97,0,0,0,0,76.94,0,Not Placed,0
STU2121,77.27,73.66,75.47,90.23,7.95,87.69,84.22,2,1,0,2,91.06,0,Placed,8.89
STU2122,56.35,52.41,64.43,50.73,6.31,62.81,60.23,0,0,0,0,65.51,0,Not Placed,0
STU2123,60.48,63.50,59.05,51.73,7.67,50.78,62.63,0,0,0,0,61.55,2,Not Placed,0
STU2124,70.20,86.04,90.91,77.35,9.06,77.09,74.69,2,3,0,2,88.06,0,Placed,9.30
STU2125,83.20,84.53,87.43,65.41,7.78,92.52,82.14,3,0,0,0,88.26,0,Placed,8.65
STU2126,89.18,82.15,80.81,73.03,8.10,89.00,73.07,3,1,0,2,81.46,0,Placed,9.04
STU2127,59.85,51.13,67.02,44.86,5.70,62.37,72.53,0,1,0,0,77.09,0,Not Placed,0
STU2128,86.05,70.30,83.92,68.38,9.74,94.47,85.73,2,2,3,0,95.30,0,Placed,10.63
STU2129,89.64,85.71,86.24,69.88,9.51,90.10,77.37,3,3,0,1,90.03,0,Placed,11.57
STU2130,59.64,60.42,53.10,49.58,7.06,60.86,69.32,0,0,0,0,64.38,0,Not Placed,0
STU2131,69.04,72.16,53.03,60.33,6.69,69.07,56.72,1,1,0,0,61.57,0,Not Placed,0
STU2132,71.83,50.27,52.21,42.14,6.11,68.97,50.72,1,1,0,0,75.87,2,Not Placed,0
STU2133,71.55,94.79,88.16,82.93,8.06,87.47,86.80,2,1,0,1,91.23,0,Placed,8.53
STU2134,73.51,76.37,90.79,70.10,8.13,80.75,70.53,3,2,0,2,97.35,0,Placed,8.04
STU2135,74.05,56.73,59.21,64.44,5.95,65.40,69.12,1,0,0,0,72.68,2,Not Placed,0
STU2136,74.10,54.22,67.30,50.62,6.49,58.09,67.45,1,0,0,0,61.71,1,Not Placed,0
STU2137,55.26,58.31,62.14,41.95,7.77,54.95,60.88,1,1,0,0,68.78,2,Not Placed,0
STU2138,57.81,70.04,55.89,55.73,7.68,54.02,67.26,1,1,0,0,74.24,1,Not Placed,0
STU2139,61.28,66.13,56.17,68.02,7.70,69.62,57.29,1,0,0,0,67.87,2,Not Placed,0
STU2140,59.93,73.56,50.80,67.43,6.36,68.17,63.34,1,0,0,0,74.79,1,Not Placed,0
STU2141,58.42,70.14,67.06,52.05,7.63,69.98,71.88,0,0,0,0,71.63,0,Not Placed,0
STU2142,81.02,91.26,90.47,87.44,9.05,88.44,72.63,2,0,0,0,97.67,0,Placed,8.85
STU2143,94.60,88.21,91.76,65.18,9.72,84.23,87.49,1,2,9,1,84.29,0,Placed,10.03
STU2144,59.98,73.99,54.41,50.49,7.23,69.05,74.92,1,0,0,0,76.73,2,Not Placed,0
STU2145,86.51,82.83,77.91,78.35,8.13,84.85,92.31,3,1,0,1,95.42,0,Placed,7.88
STU2146,85.90,78.92,79.14,94.98,8.08,92.02,71.07,3,3,0,2,82.36,0,Placed,7.88
STU2147,74.71,85.66,79.58,66.59,8.01,82.54,93.28,0,0,0,2,83.49,0,Placed,7.63
STU2148,52.99,56.91,61.85,52.90,6.94,60.87,59.09,1,0,0,0,73.46,0,Not Placed,0
STU2149,73.35,70.85,86.75,89.72,9.17,77.50,85.92,1,0,7,0,85.53,0,Placed,8.67
STU2150,50.43,70.04,68.57,57.58,7.31,63.26,50.98,1,1,0,0,77.96,0,Not Placed,0
STU2151,94.46,87.73,88.65,83.67,9.84,86.80,75.30,1,3,0,2,89.25,0,Placed,9.74
STU2152,82.80,85.02,92.24,80.32,8.22,90.37,71.92,0,2,7,2,90.93,0,Placed,7.15
STU2153,55.88,58.79,61.93,43.77,7.44,69.51,68.03,0,0,0,0,72.00,0,Not Placed,0
STU2154,93.06,73.43,71.46,67.87,9.46,84.23,75.33,3,1,7,0,97.29,0,Placed,9.97
STU2155,80.16,75.33,71.17,93.06,9.43,90.93,77.88,0,3,4,0,97.44,0,Placed,9.10
STU2156,56.69,64.75,60.52,40.93,5.94,53.86,57.01,1,1,0,0,64.99,1,Not Placed,0
STU2157,60.61,57.24,59.66,46.97,7.70,55.62,73.77,1,1,0,0,75.78,2,Not Placed,0
STU2158,91.29,75.01,87.36,78.14,8.70,88.33,81.22,2,4,0,0,83.98,0,Placed,8.34
STU2159,50.41,56.34,70.51,49.18,7.75,65.53,57.25,0,1,0,0,69.61,2,Not Placed,0
STU2160,85.81,87.38,91.55,69.81,7.80,84.16,90.32,0,4,0,0,80.76,0,Placed,7.02
STU2161,53.77,71.39,68.82,58.77,5.86,59.60,71.07,0,1,0,0,73.22,1,Not Placed,0
STU2162,78.80,85.86,89.10,84.82,9.54,92.57,91.38,3,4,8,0,88.83,0,Placed,9.81
STU2163,91.49,78.74,80.38,86.62,8.26,80.92,93.34,0,3,0,1,85.08,0,Placed,6.99
STU2164,90.45,83.99,81.23,68.47,8.94,82.10,86.06,1,3,0,1,95.26,0,Placed,9.92
STU2165,67.44,56.53,63.65,42.34,6.57,66.26,70.47,0,0,0,0,76.56,1,Not Placed,0
STU2166,72.67,61.63,52.69,57.80,5.55,69.18,72.94,1,0,0,0,76.64,2,Not Placed,0
STU2167,92.13,90.66,89.55,79.86,9.48,77.05,89.41,2,0,0,1,88.78,0,Placed,9.80
STU2168,70.14,73.47,76.99,84.07,8.97,81.58,73.98,3,3,7,0,84.96,0,Placed,9.43
STU2169,66.26,73.25,61.81,59.35,6.79,54.58,71.55,0,1,0,0,68.86,0,Not Placed,0
STU2170,72.35,79.09,71.91,71.02,8.40,82.15,92.27,2,2,0,0,90.42,0,Placed,9.03
STU2171,53.92,60.49,60.54,68.86,6.72,60.60,73.08,1,1,0,0,73.50,2,Not Placed,0
STU2172,63.01,72.03,52.04,42.28,7.49,55.69,61.21,1,0,0,0,70.93,2,Not Placed,0
STU2173,57.89,69.73,57.79,49.22,5.91,64.81,64.25,1,0,0,0,72.27,2,Not Placed,0
STU2174,90.62,91.05,77.98,66.01,8.63,90.64,78.23,2,3,0,2,97.68,0,Placed,9.10
STU2175,81.38,92.72,70.67,94.36,9.04,80.98,85.92,1,2,0,0,87.35,0,Placed,8.93
STU2176,84.12,76.77,72.21,65.70,9.47,79.24,91.84,3,4,0,0,83.14,0,Placed,10.30
STU2177,78.28,74.56,90.87,94.54,8.05,84.98,83.64,3,4,0,1,89.62,0,Placed,9.00
STU2178,92.01,70.15,75.49,93.03,8.37,76.38,93.94,3,2,10,1,94.21,0,Placed,9.06
STU2179,58.08,50.96,52.05,50.72,6.47,54.66,74.95,1,0,0,0,62.49,2,Not Placed,0
STU2180,56.82,60.00,64.54,56.28,6.51,65.63,74.75,0,1,0,0,66.67,2,Not Placed,0
STU2181,76.30,76.19,75.64,92.88,7.87,76.43,78.56,2,4,0,1,82.57,0,Placed,7.75
STU2182,71.40,71.03,67.10,46.33,5.83,58.55,50.72,0,0,0,0,68.66,0,Not Placed,0
STU2183,81.11,89.16,87.89,87.72,8.25,90.08,93.75,2,2,11,1,91.84,0,Placed,9.27
STU2184,53.98,54.08,62.66,54.37,7.28,52.71,61.85,1,1,0,0,61.56,1,Not Placed,0
STU2185,53.80,60.18,74.49,64.36,7.67,60.12,72.01,0,0,0,0,68.81,0,Not Placed,0
STU2186,79.70,84.68,82.76,78.74,9.78,82.47,90.17,2,0,0,0,93.68,0,Placed,11.21
STU2187,72.65,69.60,73.28,41.45,6.85,65.47,60.65,0,1,0,0,61.07,0,Not Placed,0
STU2188,73.21,52.32,70.47,48.82,7.31,59.08,74.88,1,0,0,0,77.72,2,Not Placed,0
STU2189,82.43,79.11,78.88,77.76,9.83,89.08,77.81,2,4,0,0,97.86,0,Placed,11.73
STU2190,91.64,78.18,75.73,67.59,9.00,84.92,82.27,2,3,0,0,84.80,0,Placed,9.38
STU2191,92.52,94.73,75.72,70.02,8.83,79.66,77.21,1,2,0,2,83.90,0,Placed,9.28
STU2192,84.21,87.11,88.20,85.21,9.23,83.17,94.08,0,3,0,0,83.03,0,Placed,8.54
STU2193,77.12,86.25,91.02,90.03,8.92,82.66,79.57,1,1,4,2,95.09,0,Placed,9.63
STU2194,83.10,83.70,73.07,76.89,8.36,89.65,74.21,3,0,0,2,82.51,0,Placed,9.86
STU2195,94.10,84.58,86.52,74.19,8.11,75.53,71.00,2,2,0,0,91.86,0,Placed,9.11
STU2196,68.68,52.46,70.97,41.89,6.71,68.89,56.52,1,1,0,0,60.89,0,Not Placed,0
STU2197,89.65,79.31,71.21,65.41,9.11,87.18,80.12,1,4,0,2,90.73,0,Placed,9.66
STU2198,55.97,68.21,74.21,62.23,7.36,57.15,66.51,0,0,0,0,67.03,2,Not Placed,0
STU2199,77.65,87.98,87.92,93.73,7.88,82.36,80.51,0,4,10,0,85.58,0,Placed,6.06
STU2200,71.94,60.87,67.88,42.24,6.01,60.68,64.99,1,1,0,0,64.50,2,Not Placed,0
STU2201,60.46,71.34,52.42,68.47,6.80,55.40,54.91,1,0,0,0,78.36,0,Not Placed,0
STU2202,93.89,72.30,94.93,81.90,8.22,80.99,87.76,0,4,0,0,98.42,0,Placed,7.44
STU2203,71.90,67.64,66.29,48.09,7.25,61.83,74.62,1,1,0,0,63.73,1,Not Placed,0
STU2204,73.58,92.22,88.23,80.81,8.48,75.00,94.62,3,4,7,0,92.65,0,Placed,9.50
STU2205,73.21,71.98,89.81,86.20,9.06,81.64,76.81,2,3,10,1,87.82,0,Placed,8.70
STU2206,61.12,60.54,62.04,40.42,7.79,65.38,55.74,0,1,0,0,69.50,0,Not Placed,0
STU2207,72.96,90.14,87.18,80.58,8.36,90.13,93.41,1,0,0,2,81.51,0,Placed,8.05
STU2208,72.87,94.65,73.34,69.82,9.54,93.50,70.67,1,4,0,0,89.42,0,Placed,8.89
STU2209,72.62,80.50,93.08,68.92,7.59,88.22,74.86,2,1,0,1,83.13,0,Placed,6.79
STU2210,78.30,80.29,88.49,78.20,7.58,94.94,82.83,1,3,0,0,85.15,0,Placed,6.30
STU2211,52.69,65.19,54.01,60.36,5.81,67.13,59.76,1,1,0,0,61.03,1,Not Placed,0
STU2212,61.24,72.99,57.98,53.71,7.68,59.27,61.23,0,0,0,0,69.43,0,Not Placed,0
STU2213,94.00,84.54,89.38,82.65,9.03,82.23,81.54,0,4,0,1,98.39,0,Placed,8.85
STU2214,91.93,71.84,76.85,94.67,8.89,86.21,72.48,3,0,0,0,97.25,0,Placed,9.29
STU2215,88.77,70.74,85.47,90.74,9.14,75.13,91.71,2,1,1,1,90.99,0,Placed,8.74
STU2216,71.61,55.36,53.14,57.59,7.28,52.23,69.98,1,0,0,0,63.36,2,Not Placed,0
STU2217,86.06,93.04,93.50,86.48,9.26,84.70,79.04,0,3,0,0,97.61,0,Placed,8.73
STU2218,73.68,51.43,50.70,63.28,6.22,67.21,65.07,0,1,0,0,65.58,1,Not Placed,0
STU2219,73.03,50.93,64.88,62.23,5.54,69.24,68.48,0,0,0,0,60.87,1,Not Placed,0
STU2220,84.12,86.83,89.36,78.17,7.99,82.14,92.01,1,1,0,0,84.55,0,Placed,7.56
STU2221,72.46,72.37,81.20,91.09,7.69,94.32,74.01,1,0,10,1,81.04,0,Placed,7.71
STU2222,75.78,82.23,81.02,78.72,8.11,83.97,75.97,3,3,0,0,80.74,0,Placed,8.54
STU2223,84.77,92.63,76.48,91.02,8.87,87.76,76.91,0,4,7,2,84.02,0,Placed,8.44
STU2224,73.33,93.25,83.57,81.73,8.46,83.31,86.02,3,2,0,1,87.67,0,Placed,9.49
STU2225,91.81,70.86,77.37,94.32,7.73,82.82,84.12,0,4,0,1,93.69,0,Placed,5.80
STU2226,55.44,63.01,70.10,54.20,7.71,59.99,68.50,1,1,0,0,74.77,1,Not Placed,0
STU2227,55.58,64.41,65.13,58.21,5.69,58.46,67.06,1,1,0,0,62.05,0,Not Placed,0
STU2228,81.04,81.36,78.95,93.17,8.66,91.89,81.28,2,2,0,2,89.09,0,Placed,8.47
STU2229,65.49,55.72,69.05,56.89,6.33,65.98,73.91,0,1,0,0,78.92,0,Not Placed,0
STU2230,79.42,80.70,76.79,91.46,9.56,94.32,84.36,0,1,0,1,94.69,0,Placed,9.09
STU2231,92.36,85.99,87.89,84.38,9.06,87.43,79.77,3,4,0,2,97.37,0,Placed,10.17
STU2232,66.73,51.62,64.12,68.51,6.10,64.45,58.10,1,0,0,0,70.03,0,Not Placed,0
STU2233,88.87,86.98,89.99,81.30,8.41,77.57,75.65,0,2,9,0,82.52,0,Placed,8.17
STU2234,51.44,57.20,63.34,58.71,5.77,62.56,69.53,1,1,0,0,73.47,1,Not Placed,0
STU2235,87.58,71.64,87.45,90.36,8.48,93.22,71.80,3,1,10,2,80.91,0,Placed,8.50
STU2236,80.62,82.61,87.20,72.86,9.30,92.68,74.83,1,0,0,0,84.81,0,Placed,9.11
STU2237,67.09,71.71,54.59,63.17,7.01,60.68,57.91,1,0,0,0,78.37,1,Not Placed,0
STU2238,74.77,72.26,84.33,74.59,7.66,79.79,74.39,3,3,0,1,86.43,0,Placed,8.49
STU2239,79.78,93.75,91.22,77.64,8.68,83.05,84.43,3,4,0,0,80.12,0,Placed,9.50
STU2240,53.24,68.22,74.21,43.60,7.01,54.45,66.90,1,0,0,0,65.42,2,Not Placed,0
STU2241,77.36,81.07,92.85,82.55,8.01,78.54,86.55,3,0,0,1,93.12,0,Placed,7.57
STU2242,70.83,59.90,57.72,51.63,7.86,55.70,53.15,0,0,0,0,68.49,2,Not Placed,0
STU2243,70.77,73.17,93.88,75.98,9.05,78.28,84.21,3,4,0,2,94.67,0,Placed,10.08
STU2244,53.27,50.57,57.08,53.07,7.88,67.84,67.44,0,1,0,0,70.27,1,Not Placed,0
STU2245,84.72,72.41,88.73,78.70,8.98,79.89,94.45,2,0,0,1,83.12,0,Placed,9.70
STU2246,60.14,58.09,71.20,60.32,7.41,66.61,52.44,1,1,0,0,74.53,0,Placed,5.86
STU2247,76.92,78.87,79.97,94.99,9.41,78.38,78.32,2,2,0,0,85.22,0,Placed,10.33
STU2248,60.31,59.59,58.54,50.51,6.33,59.25,57.73,1,0,0,0,74.56,1,Not Placed,0
STU2249,89.42,89.63,89.88,71.55,9.62,80.29,81.06,1,2,0,1,86.84,0,Placed,10.07
STU2250,91.11,84.68,76.12,79.07,9.26,75.01,90.86,1,0,3,0,83.26,0,Placed,9.39
STU2251,70.51,76.88,77.72,94.96,9.29,80.33,84.56,1,3,0,0,90.34,0,Placed,9.74
STU2252,84.80,89.19,75.58,69.13,8.61,75.74,78.05,0,4,3,0,84.78,0,Placed,8.73
STU2253,57.56,67.78,73.97,63.78,6.17,59.83,72.72,0,1,0,0,73.86,2,Not Placed,0
STU2254,90.07,86.63,85.46,69.65,9.47,90.03,79.76,0,2,0,0,94.38,0,Placed,8.61
STU2255,84.31,86.13,93.05,91.33,7.87,90.79,81.57,1,2,0,0,84.26,0,Placed,8.19
STU2256,92.63,73.47,82.77,77.82,9.48,79.76,74.01,0,1,0,2,96.30,0,Placed,9.10
STU2257,83.74,93.56,86.08,73.19,9.82,94.14,84.79,0,4,0,2,94.75,0,Placed,9.61
STU2258,90.28,79.41,90.66,77.09,8.15,80.07,80.22,1,2,0,2,90.24,0,Placed,7.76
STU2259,85.70,87.91,93.85,73.63,7.69,88.60,90.30,1,4,0,2,83.30,0,Placed,7.49
STU2260,82.16,91.36,85.99,75.53,9.39,91.06,83.85,1,4,0,1,80.40,0,Placed,9.66
STU2261,64.60,72.90,67.15,69.90,5.52,61.11,56.56,0,0,0,0,71.14,0,Not Placed,0
STU2262,71.55,89.85,77.80,93.81,9.24,91.23,85.08,1,0,11,0,91.61,0,Placed,9.97
STU2263,56.23,53.49,59.87,62.02,7.69,66.34,50.89,1,1,0,0,72.35,1,Not Placed,0
STU2264,57.56,56.28,51.72,62.60,6.66,58.18,57.22,1,1,0,0,62.36,1,Not Placed,0
STU2265,73.18,73.31,69.27,42.68,6.32,67.75,65.82,0,0,0,0,66.05,0,Not Placed,0
STU2266,71.29,72.29,81.78,78.84,9.78,92.22,94.28,3,1,0,2,91.47,0,Placed,11.61
STU2267,58.58,58.86,68.28,60.40,5.90,66.62,74.54,1,1,0,0,77.93,1,Not Placed,0
STU2268,70.55,73.19,92.79,91.72,8.14,78.91,74.02,2,3,2,1,97.28,0,Placed,7.27
STU2269,77.07,90.10,89.89,67.38,7.77,86.96,93.19,2,1,0,2,90.09,0,Placed,8.45
STU2270,86.45,83.01,90.51,77.18,7.80,78.67,77.29,2,3,0,0,97.74,0,Placed,8.13
STU2271,65.31,62.41,69.46,66.22,6.88,53.59,70.40,1,0,0,0,78.46,2,Not Placed,0
STU2272,73.45,89.81,93.67,92.76,7.71,82.38,86.64,2,2,8,0,93.68,0,Placed,7.25
STU2273,67.40,68.10,58.94,63.99,7.07,62.39,52.09,1,1,0,0,70.09,2,Not Placed,0
STU2274,83.84,85.97,83.89,85.54,9.65,86.75,71.53,1,1,3,0,93.24,0,Placed,9.85
STU2275,73.51,80.90,81.61,84.85,8.16,77.98,73.79,3,4,0,1,91.32,0,Placed,9.49
STU2276,62.94,73.73,55.26,45.58,5.58,55.76,65.71,0,0,0,0,62.04,2,Not Placed,0
STU2277,75.15,83.50,81.41,85.96,8.87,85.72,76.98,0,3,0,0,86.66,0,Placed,7.83
STU2278,51.79,62.70,54.04,45.14,6.11,57.81,58.07,0,0,0,0,60.36,0,Not Placed,0
STU2279,57.08,55.28,54.83,56.31,6.17,64.99,67.63,1,1,0,0,78.60,0,Not Placed,0
STU2280,88.05,86.15,74.01,93.11,8.74,90.48,79.35,1,2,0,0,93.55,0,Placed,8.79
STU2281,87.13,85.70,80.89,80.77,7.68,77.62,82.38,1,0,0,1,85.66,0,Placed,6.61
STU2282,77.12,91.77,92.45,84.56,9.14,93.20,93.63,1,2,0,0,87.40,0,Placed,9.67
STU2283,66.42,50.28,55.42,43.44,6.81,52.34,62.24,1,0,0,0,76.29,0,Not Placed,0
STU2284,94.12,85.17,83.16,94.54,7.80,80.84,83.82,0,1,0,1,92.02,0,Placed,5.72
STU2285,72.14,90.09,85.39,80.42,8.20,94.12,84.76,2,4,0,0,82.71,0,Placed,7.54
STU2286,73.81,83.80,72.24,75.11,8.39,92.01,84.57,1,0,0,0,81.63,0,Placed,7.58
STU2287,69.76,55.13,66.46,51.63,7.61,56.23,67.83,0,0,0,0,77.39,0,Not Placed,0
STU2288,85.46,92.48,79.10,78.57,9.42,94.27,82.22,3,1,0,1,83.01,0,Placed,11.30
STU2289,52.21,74.09,54.31,62.51,6.91,63.21,50.97,1,0,0,0,61.01,1,Not Placed,0
STU2290,75.84,86.50,72.06,86.55,9.81,91.72,91.34,3,0,8,1,84.26,0,Placed,11.33
STU2291,70.49,89.36,72.01,87.13,8.98,87.40,71.03,1,0,0,2,82.56,0,Placed,8.60
STU2292,72.24,70.96,70.48,69.96,6.22,57.40,61.85,0,0,0,0,77.28,0,Not Placed,0
STU2293,84.44,74.93,93.06,79.02,9.15,84.71,93.59,2,3,0,0,88.47,0,Placed,9.36
STU2294,55.05,61.52,64.39,45.19,7.19,54.18,58.48,0,0,0,0,71.75,2,Not Placed,0
STU2295,70.39,73.31,90.16,85.32,7.57,76.43,75.14,0,0,8,0,94.18,0,Placed,5.79
STU2296,69.32,72.84,57.82,58.14,7.86,57.41,60.26,1,0,0,0,78.52,0,Placed,6.81
STU2297,93.91,79.56,83.84,75.42,8.35,76.92,89.53,2,4,0,1,87.34,0,Placed,9.35
STU2298,76.76,79.92,75.10,94.67,9.87,90.70,78.67,0,2,0,1,96.26,0,Placed,9.40
STU2299,83.00,72.34,81.48,69.67,9.17,80.77,90.92,2,3,0,2,80.34,0,Placed,9.43
STU2300,53.43,54.05,56.23,50.27,5.68,52.58,71.85,0,1,0,0,76.30,1,Not Placed,0
STU2301,74.47,66.23,53.83,51.14,6.21,64.04,69.05,0,1,0,0,68.18,2,Not Placed,0
STU2302,60.26,63.58,64.40,66.60,5.57,52.29,58.37,1,1,0,0,76.57,2,Not Placed,0
STU2303,64.09,57.23,51.24,55.77,6.47,67.89,72.02,1,0,0,0,64.91,0,Not Placed,0
STU2304,94.44,72.04,76.57,81.07,9.31,77.75,78.33,3,1,0,1,96.09,0,Placed,10.21
STU2305,91.81,76.22,86.50,93.28,9.72,79.81,75.88,2,0,0,0,88.77,0,Placed,11.29
STU2306,70.29,55.33,54.70,61.49,6.04,68.78,72.67,0,1,0,0,67.63,2,Not Placed,0
STU2307,74.67,60.05,52.22,55.42,7.77,59.29,67.98,1,1,0,0,63.04,2,Not Placed,0
STU2308,77.65,81.23,70.66,80.72,8.80,79.70,89.18,1,0,0,1,94.04,0,Placed,8.43
STU2309,53.94,60.70,64.09,51.87,7.57,53.76,73.74,1,1,0,0,60.82,1,Not Placed,0
STU2310,88.13,70.28,73.54,66.71,9.29,94.10,87.31,2,4,0,0,91.14,0,Placed,10.79
STU2311,83.65,83.87,92.65,66.99,8.18,90.24,72.98,0,3,0,2,92.43,0,Placed,8.07
STU2312,54.28,73.85,72.00,57.34,5.94,60.76,62.61,0,1,0,0,67.74,1,Not Placed,0
STU2313,68.72,52.72,65.42,42.47,6.88,68.32,56.50,1,1,0,0,61.23,0,Not Placed,0
STU2314,63.11,68.87,66.67,44.31,7.40,63.05,63.60,1,0,0,0,76.07,2,Not Placed,0
STU2315,86.69,77.83,78.90,79.23,9.33,80.61,85.25,0,0,0,2,93.69,0,Placed,8.23
STU2316,64.28,73.85,52.69,59.57,6.08,67.99,72.19,1,1,0,0,60.92,2,Not Placed,0
STU2317,85.95,86.00,82.71,70.98,7.88,75.04,84.93,0,0,4,1,93.15,0,Placed,6.12
STU2318,86.17,84.79,94.52,75.75,8.15,90.17,93.94,3,2,0,1,96.88,0,Placed,8.28
STU2319,70.87,76.00,77.27,65.08,8.65,83.53,90.10,2,4,0,2,87.74,0,Placed,8.20
STU2320,81.87,93.62,78.73,70.81,8.15,78.53,79.43,2,1,0,0,90.17,0,Placed,8.03
STU2321,60.01,61.70,59.60,61.57,6.29,67.98,69.22,0,1,0,0,73.76,2,Not Placed,0
STU2322,79.73,78.29,92.09,86.02,8.39,77.36,74.30,3,0,0,2,89.38,0,Placed,8.10
STU2323,68.74,59.94,51.12,42.12,6.59,55.29,72.45,1,0,0,0,68.43,2,Not Placed,0
STU2324,86.40,77.44,93.73,87.59,7.53,76.80,85.06,2,2,0,0,96.18,0,Placed,8.14
STU2325,82.72,89.77,85.74,87.92,8.55,89.77,80.02,1,1,0,0,92.36,0,Placed,7.43
STU2326,70.96,69.27,68.99,48.20,6.35,50.96,74.21,0,1,0,0,68.09,2,Not Placed,0
STU2327,92.85,81.64,93.14,79.54,8.69,84.75,79.96,2,2,0,2,84.04,0,Placed,9.71
STU2328,69.19,71.47,72.95,62.39,6.58,61.05,72.87,0,1,0,0,74.07,0,Not Placed,0
STU2329,74.34,80.76,91.10,74.58,8.24,81.63,92.17,2,2,0,1,94.79,0,Placed,7.93
STU2330,63.22,69.21,55.12,43.77,6.74,56.58,62.60,1,0,0,0,65.23,1,Not Placed,0
STU2331,60.84,52.39,63.51,44.29,7.67,65.76,74.19,1,1,0,0,71.80,1,Not Placed,0
STU2332,91.86,76.65,92.24,83.09,9.43,93.20,73.40,2,4,0,1,91.90,0,Placed,10.44
STU2333,61.53,74.36,59.32,46.38,6.61,63.15,56.41,1,1,0,0,64.85,0,Not Placed,0
STU2334,50.35,56.92,54.59,50.39,7.75,56.20,50.57,1,0,0,0,61.32,1,Not Placed,0
STU2335,65.99,50.53,57.24,60.55,7.50,65.86,73.62,1,0,0,0,70.90,1,Not Placed,0
STU2336,91.02,87.82,83.66,91.95,8.02,76.64,89.40,2,3,0,1,82.64,0,Placed,8.82
STU2337,53.60,50.31,74.37,63.99,7.31,63.25,61.86,0,1,0,0,67.16,2,Not Placed,0
STU2338,81.83,84.33,76.26,79.57,8.32,94.54,87.86,1,4,0,2,92.41,0,Placed,7.43
STU2339,93.58,92.32,86.27,73.99,8.82,81.54,80.48,1,4,0,0,97.19,0,Placed,9.06
STU2340,82.79,86.61,73.74,67.35,8.53,77.04,80.93,0,1,0,1,92.62,0,Placed,7.07
STU2341,74.34,73.29,94.73,78.91,9.28,75.58,86.07,3,3,0,0,95.25,0,Placed,9.45
STU2342,69.91,63.79,63.81,69.19,5.60,61.04,65.22,1,0,0,0,66.60,0,Not Placed,0
STU2343,72.92,91.70,90.84,79.08,8.27,86.45,83.12,1,4,0,2,85.89,0,Placed,8.14
STU2344,87.82,71.13,73.17,69.91,8.47,94.00,88.52,3,2,0,0,94.13,0,Placed,9.23
STU2345,73.20,91.84,74.30,65.80,7.92,82.71,94.06,0,0,0,2,93.53,0,Placed,6.51
STU2346,51.35,70.65,55.36,68.50,7.71,55.33,52.83,1,1,0,0,75.57,0,Not Placed,0
STU2347,81.38,71.13,81.02,82.89,9.66,81.34,87.77,0,2,0,1,92.19,0,Placed,10.16
STU2348,81.24,85.39,77.05,80.42,9.28,89.28,87.55,0,1,0,2,81.34,0,Placed,8.80
STU2349,78.79,84.59,86.02,93.72,8.93,80.62,85.65,0,2,0,0,94.63,0,Placed,7.60
STU2350,94.78,79.83,86.23,66.89,9.03,87.41,91.30,2,1,0,2,90.14,0,Placed,9.34
STU2351,72.15,78.45,79.74,70.40,8.11,94.24,91.64,1,0,7,0,98.15,0,Placed,7.68
STU2352,90.75,88.93,73.89,89.17,9.18,77.64,92.46,0,4,0,0,95.14,0,Placed,8.53
STU2353,67.90,61.22,69.93,57.98,7.24,59.09,51.25,1,0,0,0,70.30,0,Not Placed,0
STU2354,93.86,80.26,76.25,70.81,9.05,75.12,87.06,3,3,0,2,81.09,0,Placed,10.43
STU2355,79.25,86.56,93.57,84.05,9.29,90.59,85.30,1,2,0,1,95.73,0,Placed,8.96
STU2356,61.25,70.64,52.31,54.38,6.98,61.96,53.35,1,0,0,0,61.30,0,Not Placed,0
STU2357,94.35,92.22,72.17,84.27,9.60,83.15,78.47,3,3,2,0,98.91,0,Placed,10.65
STU2358,72.80,62.69,61.18,63.48,5.70,65.01,50.30,1,0,0,0,77.63,2,Not Placed,0
STU2359,57.03,56.20,63.71,46.22,7.35,64.35,66.21,1,1,0,0,61.54,2,Not Placed,0
STU2360,54.07,51.25,67.27,47.28,7.43,59.98,58.86,1,1,0,0,63.40,1,Not Placed,0
STU2361,88.86,73.41,79.02,86.28,8.74,77.37,72.91,1,0,0,1,90.82,0,Placed,8.37
STU2362,74.30,79.52,80.46,84.37,9.82,76.87,72.53,1,1,3,2,94.77,0,Placed,11.13
STU2363,92.22,89.47,77.53,68.74,8.01,93.24,78.36,1,4,0,0,90.74,0,Placed,7.63
STU2364,71.31,90.70,80.02,85.81,9.16,86.58,73.93,2,0,0,2,90.39,0,Placed,9.50
STU2365,69.53,66.10,62.62,52.28,6.23,50.01,55.50,1,0,0,0,75.57,2,Not Placed,0
STU2366,70.43,89.20,89.26,71.18,8.68,94.02,70.39,2,0,0,2,83.82,0,Placed,8.70
STU2367,54.82,66.04,53.32,51.65,7.39,51.52,74.49,1,0,0,0,67.24,1,Not Placed,0
STU2368,70.89,74.87,82.42,91.99,8.31,93.99,91.16,3,1,0,0,92.86,0,Placed,8.00
STU2369,58.83,71.42,50.50,60.85,7.25,53.14,62.86,1,1,0,0,72.94,0,Not Placed,0
STU2370,78.98,71.23,90.05,67.54,8.98,78.15,85.15,2,4,0,1,84.24,0,Placed,10.10
STU2371,61.10,50.43,57.25,51.54,6.18,68.74,65.48,1,0,0,0,74.12,1,Not Placed,0
STU2372,92.80,86.60,85.55,72.20,9.33,80.03,87.66,1,2,0,0,96.92,0,Placed,10.33
STU2373,73.71,92.74,81.36,82.48,9.41,94.56,74.69,1,2,0,2,93.47,0,Placed,9.10
STU2374,66.03,54.70,52.16,54.95,7.63,51.34,66.57,1,1,0,0,72.47,1,Not Placed,0
STU2375,61.08,66.32,57.35,41.32,6.90,53.49,63.19,0,1,0,0,77.84,2,Not Placed,0
STU2376,71.64,86.63,74.60,86.86,8.93,76.56,82.35,1,1,0,0,86.54,0,Placed,8.96
STU2377,91.24,72.40,89.28,71.20,8.24,83.46,73.08,0,2,0,0,83.95,0,Placed,8.35
STU2378,94.95,77.49,89.37,90.16,7.70,86.59,87.58,3,1,1,0,86.74,0,Placed,7.55
STU2379,87.85,72.74,92.28,70.96,7.94,88.80,85.10,2,3,9,0,96.37,0,Placed,7.95
STU2380,64.96,60.46,59.29,52.54,7.33,54.10,66.75,1,1,0,0,64.04,2,Not Placed,0
STU2381,52.42,59.40,63.24,60.02,7.11,67.04,63.25,0,1,0,0,61.97,2,Not Placed,0
STU2382,65.05,54.21,68.96,64.77,6.66,66.25,74.36,1,0,0,0,73.48,1,Not Placed,0
STU2383,91.13,78.51,89.66,68.82,9.73,76.60,83.28,2,3,0,1,92.57,0,Placed,9.62
STU2384,91.62,92.42,88.11,93.70,7.87,92.50,76.52,3,0,0,2,90.85,0,Placed,9.12
STU2385,91.67,81.45,86.63,85.40,8.67,78.24,82.94,3,1,0,0,82.41,0,Placed,9.16
STU2386,78.37,84.02,83.13,86.08,8.59,80.52,93.21,3,1,0,1,95.72,0,Placed,8.52
STU2387,89.08,91.25,79.04,83.92,7.64,86.10,84.64,2,2,0,2,81.51,0,Placed,7.44
STU2388,66.81,50.97,74.22,53.76,7.78,62.47,55.79,0,1,0,0,68.52,0,Not Placed,0
STU2389,84.79,84.80,75.15,79.75,7.79,78.30,72.00,0,4,0,0,97.77,0,Placed,7.16
STU2390,85.87,80.05,76.78,84.64,9.45,81.43,91.78,1,4,0,1,84.63,0,Placed,9.12
STU2391,82.95,78.89,74.33,72.91,7.67,86.75,75.47,1,1,7,0,84.48,0,Placed,7.26
STU2392,93.81,84.51,87.49,75.85,9.47,75.47,79.73,0,1,0,1,83.11,0,Placed,8.89
STU2393,85.22,78.68,85.89,80.46,9.15,93.25,80.69,2,2,0,0,82.36,0,Placed,8.76
STU2394,50.03,58.76,66.26,61.96,7.00,56.28,55.53,1,1,0,0,61.98,0,Not Placed,0
STU2395,72.43,83.88,72.95,85.19,9.22,90.96,87.14,3,1,0,0,84.39,0,Placed,9.41
STU2396,72.83,73.13,67.77,52.54,7.08,50.93,64.67,0,1,0,0,62.49,0,Not Placed,0
STU2397,79.48,72.37,91.62,69.52,9.69,75.88,88.37,0,3,0,1,92.23,0,Placed,8.75
STU2398,64.20,50.55,65.94,49.78,5.94,62.29,63.67,1,0,0,0,67.83,2,Not Placed,0
STU2399,86.71,82.33,74.62,68.13,9.57,82.16,89.13,3,3,0,2,93.86,0,Placed,10.08
STU2400,92.05,73.56,79.80,82.81,9.55,80.36,71.13,3,0,0,0,95.39,0,Placed,11.23
STU2401,82.71,92.36,86.07,82.83,9.71,91.04,87.59,1,0,0,0,84.54,0,Placed,10.72
STU2402,73.66,71.88,86.88,71.79,9.46,76.65,71.28,0,3,0,0,98.71,0,Placed,8.99
STU2403,70.24,91.49,82.83,76.10,7.89,91.82,90.47,3,0,0,2,94.06,0,Placed,7.88
STU2404,66.77,54.13,61.53,58.27,7.38,66.40,69.09,0,0,0,0,65.40,2,Not Placed,0
STU2405,79.46,81.53,76.30,85.21,8.67,83.25,77.97,0,0,0,1,98.94,0,Placed,8.95
STU2406,58.35,60.08,66.97,45.83,6.10,50.73,56.22,0,1,0,0,68.20,2,Not Placed,0
STU2407,72.49,72.85,55.30,54.68,5.63,61.66,63.42,0,0,0,0,60.15,1,Not Placed,0
STU2408,73.65,50.06,67.68,67.87,7.34,67.38,72.83,0,1,0,0,75.54,1,Not Placed,0
STU2409,71.36,91.28,85.71,78.35,8.25,90.71,89.02,0,3,0,1,84.12,0,Placed,8.03
STU2410,90.11,94.51,91.43,76.55,8.17,77.97,81.56,1,0,5,1,94.85,0,Placed,7.92
STU2411,88.88,82.90,94.13,84.64,7.77,77.46,75.43,0,4,0,2,97.79,0,Placed,6.19
STU2412,90.68,91.30,77.71,79.41,7.70,88.08,70.46,1,2,0,0,98.01,0,Placed,6.67
STU2413,83.04,76.85,72.56,70.52,7.96,87.54,84.48,1,4,0,2,81.03,0,Placed,7.74
STU2414,86.83,93.77,85.98,89.29,8.95,75.68,89.44,1,1,0,1,81.00,0,Placed,8.56
STU2415,56.28,73.85,52.34,47.37,6.84,67.81,70.39,1,0,0,0,78.99,0,Not Placed,0
STU2416,93.40,75.65,70.32,73.46,9.52,79.03,84.30,0,4,0,0,82.04,0,Placed,9.53
STU2417,88.77,83.74,82.13,67.84,8.69,81.96,92.84,2,4,0,2,88.44,0,Placed,8.80
STU2418,52.74,69.08,57.77,69.60,7.12,69.25,73.67,0,1,0,0,61.87,0,Not Placed,0
STU2419,63.80,55.01,70.27,51.84,6.62,62.10,51.01,0,0,0,0,76.66,0,Not Placed,0
STU2420,71.92,91.59,90.42,65.06,9.18,81.90,72.76,2,1,0,2,83.30,0,Placed,9.98
STU2421,85.89,91.79,90.88,82.33,8.73,78.93,87.82,2,0,0,0,88.76,0,Placed,9.34
STU2422,76.20,88.46,82.38,75.45,8.76,78.11,73.94,1,4,0,0,92.66,0,Placed,9.60
STU2423,94.27,93.40,90.92,72.45,9.18,86.67,78.56,3,1,4,2,86.70,0,Placed,11.21
STU2424,64.93,72.57,51.11,67.74,7.46,65.16,70.34,1,0,0,0,62.89,2,Not Placed,0
STU2425,50.42,69.56,52.38,66.15,5.95,62.22,69.25,0,0,0,0,77.08,1,Not Placed,0
STU2426,70.26,79.26,94.34,65.94,8.85,86.42,83.77,3,3,10,2,85.33,0,Placed,9.95
STU2427,90.88,70.73,82.52,83.46,8.36,77.52,73.43,1,4,8,1,87.55,0,Placed,7.60
STU2428,68.96,59.27,73.05,58.51,7.83,65.41,62.94,1,1,0,0,66.06,1,Not Placed,0
STU2429,71.88,94.61,70.55,90.21,8.26,77.22,80.67,3,2,0,1,97.92,0,Placed,8.09
STU2430,56.55,54.13,70.67,58.69,5.76,62.01,62.02,0,0,0,0,77.37,0,Not Placed,0
STU2431,58.22,64.83,60.90,49.82,5.95,55.69,55.01,1,1,0,0,73.28,0,Not Placed,0
STU2432,89.80,82.13,86.27,89.00,8.20,84.15,88.90,1,2,0,2,98.08,0,Placed,7.71
STU2433,73.39,78.34,76.56,77.59,7.56,89.13,76.76,1,2,0,0,95.80,0,Placed,7.37
STU2434,52.93,73.15,73.66,59.49,6.26,66.62,70.45,0,0,0,0,75.79,1,Not Placed,0
STU2435,91.83,82.13,86.62,82.11,8.41,82.12,92.46,2,4,0,2,88.53,0,Placed,8.77
STU2436,83.58,76.46,80.77,91.80,8.95,89.24,91.25,0,3,0,0,97.60,0,Placed,9.01
STU2437,84.85,70.80,73.75,82.57,8.41,76.90,80.99,2,4,0,2,89.95,0,Placed,9.46
STU2438,91.73,83.96,80.36,86.97,8.48,75.85,86.34,0,1,0,1,84.29,0,Placed,7.33
STU2439,93.72,84.98,91.95,82.83,9.25,77.72,87.82,1,0,0,2,88.42,0,Placed,9.35
STU2440,70.82,75.42,80.66,89.80,8.53,89.94,73.24,3,0,0,2,84.31,0,Placed,8.78
STU2441,50.49,64.80,64.76,54.60,6.02,52.70,73.79,1,0,0,0,70.83,2,Not Placed,0
STU2442,55.59,55.35,58.05,46.70,5.78,58.87,64.49,1,1,0,0,64.85,0,Not Placed,0
STU2443,76.25,91.62,82.34,67.51,8.17,75.94,77.03,0,4,0,2,84.41,0,Placed,8.15
STU2444,79.79,86.55,92.38,73.29,8.76,85.00,85.92,3,4,8,2,98.41,0,Placed,10.48
STU2445,75.64,77.86,72.96,74.60,9.08,77.09,74.06,3,1,0,2,89.20,0,Placed,10.03
STU2446,88.08,92.10,85.05,66.92,9.83,90.36,87.97,3,1,0,0,92.69,0,Placed,12.15
STU2447,88.47,75.47,76.49,70.34,9.24,92.67,70.99,3,1,4,0,98.38,0,Placed,11.15
STU2448,92.35,87.32,81.10,90.00,8.44,89.22,73.27,1,3,0,2,84.90,0,Placed,8.27
STU2449,82.63,83.31,80.71,71.54,8.22,88.12,77.08,1,3,0,1,98.09,0,Placed,7.74
STU2450,89.51,92.28,79.76,79.34,8.51,76.00,79.25,1,1,0,2,81.08,0,Placed,7.76
STU2451,81.20,90.02,71.49,80.79,8.45,75.37,83.80,3,4,0,1,80.28,0,Placed,8.88
STU2452,51.55,61.91,54.94,66.24,6.56,61.83,69.55,0,0,0,0,66.38,2,Not Placed,0
STU2453,62.53,72.26,59.25,61.78,6.45,63.39,61.79,1,1,0,0,69.84,0,Not Placed,0
STU2454,74.73,72.26,57.78,46.48,5.78,53.35,73.81,1,1,0,0,75.73,0,Not Placed,0
STU2455,81.02,88.06,75.61,88.80,8.21,81.55,79.60,3,2,0,0,97.75,0,Placed,9.27
STU2456,52.00,64.80,52.42,69.87,6.43,58.59,68.97,1,1,0,0,72.72,0,Not Placed,0
STU2457,93.96,72.97,91.62,79.79,9.20,88.37,80.19,3,3,0,0,82.58,0,Placed,11.18
STU2458,66.78,63.06,63.45,69.11,6.21,66.86,70.91,0,1,0,0,69.37,1,Not Placed,0
STU2459,70.77,69.54,60.61,50.76,7.53,57.54,72.13,1,1,0,0,76.16,2,Not Placed,0
STU2460,52.78,56.44,51.67,55.14,6.28,55.05,72.24,0,1,0,0,63.52,2,Not Placed,0
STU2461,78.17,73.67,88.33,81.45,8.83,94.29,75.99,0,2,0,2,81.88,0,Placed,9.03
STU2462,85.13,77.09,78.53,89.66,7.85,89.62,89.49,1,0,0,1,86.06,0,Placed,8.05
STU2463,63.31,68.74,67.60,55.30,6.00,57.24,59.44,1,0,0,0,63.87,1,Not Placed,0
STU2464,72.62,63.43,69.22,50.69,6.28,50.05,64.93,1,0,0,0,67.89,1,Not Placed,0
STU2465,74.29,84.26,89.74,90.25,7.90,79.31,93.07,1,4,0,1,86.06,0,Placed,7.65
STU2466,73.65,76.21,83.80,86.35,9.50,91.91,92.33,0,1,0,2,97.47,0,Placed,9.84
STU2467,87.73,77.13,80.77,71.86,9.63,90.56,92.82,2,4,0,1,85.84,0,Placed,10.66
STU2468,61.86,55.28,74.81,45.01,7.55,64.76,61.17,1,1,0,0,71.98,1,Not Placed,0
STU2469,52.63,74.23,52.14,40.17,7.01,61.28,59.72,0,0,0,0,61.57,1,Not Placed,0
STU2470,66.50,62.56,70.22,41.19,7.23,51.69,72.14,1,1,0,0,76.88,1,Not Placed,0
STU2471,66.86,51.13,57.96,45.66,7.13,52.75,52.17,1,0,0,0,69.60,2,Not Placed,0
STU2472,71.14,69.19,57.67,44.13,5.67,62.70,68.36,1,0,0,0,62.71,1,Not Placed,0
STU2473,70.62,78.37,89.17,91.77,7.75,85.94,85.63,1,0,0,1,94.84,0,Placed,8.03
STU2474,58.68,62.65,74.81,63.08,6.75,67.23,69.95,0,0,0,0,75.32,2,Not Placed,0
STU2475,59.56,63.47,52.22,68.79,5.89,53.02,68.61,0,1,0,0,65.97,2,Not Placed,0
STU2476,54.13,52.65,61.03,57.97,5.75,61.60,57.69,1,1,0,0,62.57,1,Not Placed,0
STU2477,65.80,67.02,61.67,50.00,5.51,68.29,59.42,0,1,0,0,71.59,0,Not Placed,0
STU2478,77.37,76.58,88.97,93.75,9.44,88.76,90.94,2,0,0,2,90.35,0,Placed,9.83
STU2479,82.15,70.98,88.16,87.05,9.26,89.03,79.47,1,1,0,0,95.89,0,Placed,10.16
STU2480,74.33,50.90,57.22,49.19,7.48,56.78,51.83,1,1,0,0,64.58,0,Not Placed,0
STU2481,79.13,89.82,72.22,85.65,8.34,85.10,88.60,2,1,10,0,91.96,0,Placed,8.58
STU2482,51.75,72.00,56.62,45.84,7.42,63.75,72.39,1,0,0,0,76.08,0,Not Placed,0
STU2483,85.17,72.35,76.57,91.21,9.15,91.14,72.84,1,3,11,1,80.90,0,Placed,9.05
STU2484,83.63,70.64,81.22,87.85,8.71,86.63,77.14,1,0,3,1,83.18,0,Placed,7.65
STU2485,59.54,59.59,65.76,49.46,7.88,64.37,58.14,1,0,0,0,61.92,1,Not Placed,0
STU2486,73.93,86.05,81.57,90.00,9.03,82.29,88.91,3,0,0,2,84.20,0,Placed,10.29
STU2487,77.53,89.64,75.65,92.01,8.10,87.99,86.51,3,1,0,2,97.83,0,Placed,8.09
STU2488,58.17,63.89,56.35,47.63,6.99,67.29,67.18,0,1,0,0,77.25,1,Not Placed,0
STU2489,84.39,79.52,72.67,79.03,8.00,78.62,84.99,1,2,0,0,89.92,0,Placed,6.72
STU2490,50.75,55.12,53.58,69.87,5.98,50.35,62.51,1,0,0,0,72.84,1,Not Placed,0
STU2491,79.51,71.23,81.40,89.42,8.75,85.03,72.46,3,3,0,1,96.86,0,Placed,9.08
STU2492,73.48,72.24,72.76,69.03,7.64,79.07,84.99,0,1,0,0,95.94,0,Placed,6.71
STU2493,83.70,93.37,82.70,83.62,8.34,86.94,93.12,1,1,2,0,81.31,0,Placed,8.21
STU2494,93.46,82.32,79.90,84.04,8.90,79.97,75.34,0,0,0,0,81.79,0,Placed,9.30
STU2495,72.58,88.07,83.49,92.93,7.96,90.58,85.34,0,1,0,0,85.90,0,Placed,7.32
STU2496,80.21,85.81,87.04,94.97,9.06,76.87,87.93,1,2,0,1,92.05,0,Placed,8.92
STU2497,55.10,66.96,68.45,51.47,6.76,55.84,67.21,0,1,0,0,69.17,0,Not Placed,0
STU2498,66.26,61.48,69.26,59.92,6.82,61.38,60.06,1,1,0,0,72.56,1,Not Placed,0
STU2499,89.68,76.90,77.63,87.50,9.24,88.76,78.86,0,1,0,2,96.05,0,Placed,9.85
STU2500,89.12,86.76,83.77,82.42,9.33,88.10,78.02,1,1,0,1,90.40,0,Placed,8.58
STU2501,50.96,72.09,55.53,57.02,5.65,52.44,55.60,0,1,0,0,60.88,0,Not Placed,0
STU2502,84.86,81.98,77.31,86.16,9.16,83.84,81.58,2,4,0,0,98.95,0,Placed,10.14
STU2503,74.41,73.67,60.64,65.34,7.30,52.96,55.09,0,0,0,0,64.75,1,Not Placed,0
STU2504,79.61,90.07,74.71,74.58,7.51,94.42,84.23,2,1,0,1,84.65,0,Placed,7.46
STU2505,92.60,73.21,84.60,75.68,8.05,85.95,74.67,3,3,0,0,82.54,0,Placed,9.33
STU2506,80.19,89.43,80.32,75.82,8.56,93.76,90.22,1,3,5,0,98.76,0,Placed,7.64
STU2507,68.26,73.44,65.89,58.07,6.30,55.39,51.24,1,1,0,0,71.74,1,Not Placed,0
STU2508,61.02,59.03,52.25,53.73,5.83,63.43,69.42,1,1,0,0,62.94,0,Not Placed,0
STU2509,57.90,52.42,64.25,61.54,5.67,55.71,54.09,1,0,0,0,69.76,2,Not Placed,0
STU2510,74.98,67.95,51.80,52.54,6.10,67.60,54.96,0,1,0,0,71.90,0,Not Placed,0
STU2511,69.33,67.45,71.18,67.52,6.05,60.32,73.11,1,1,0,0,68.48,0,Not Placed,0
STU2512,52.93,62.71,73.62,47.08,6.71,53.26,62.75,0,1,0,0,69.07,0,Not Placed,0
STU2513,53.35,62.38,61.12,41.02,6.01,51.22,55.05,0,1,0,0,72.85,0,Not Placed,0
STU2514,52.28,63.67,68.74,67.65,6.02,69.66,59.40,0,1,0,0,66.90,0,Not Placed,0
STU2515,89.74,91.90,76.67,92.90,8.87,80.72,93.10,0,4,0,1,88.45,0,Placed,8.71
STU2516,84.34,70.08,76.43,83.73,8.24,92.23,82.76,0,3,0,2,92.10,0,Placed,7.12
STU2517,73.86,79.54,77.64,79.82,8.86,77.51,87.12,0,4,0,2,88.26,0,Placed,8.86
STU2518,56.09,50.32,73.96,47.48,7.43,54.91,69.14,0,0,0,0,76.35,0,Not Placed,0
STU2519,73.64,72.07,55.71,42.90,5.57,50.97,73.28,1,1,0,0,69.42,1,Not Placed,0
STU2520,88.51,75.49,91.37,72.13,9.55,75.69,72.44,2,3,0,1,87.76,0,Placed,9.94
STU2521,74.60,71.42,81.93,68.34,8.49,84.81,85.70,2,1,0,0,97.48,0,Placed,8.16
STU2522,93.10,73.96,89.70,79.13,9.33,83.74,90.96,1,1,2,1,81.35,0,Placed,8.74
STU2523,68.72,55.50,50.14,45.05,5.68,69.99,67.09,0,0,0,0,61.23,0,Not Placed,0
STU2524,94.39,81.24,80.24,73.06,8.21,93.48,85.07,1,1,0,2,81.76,0,Placed,6.91
STU2525,73.80,79.29,70.40,90.60,8.90,79.20,72.25,2,2,0,1,84.15,0,Placed,9.27
STU2526,50.43,52.18,59.31,49.83,7.64,57.81,71.83,0,0,0,0,74.64,0,Not Placed,0
STU2527,74.06,87.66,89.12,90.95,7.87,94.36,74.48,3,2,0,0,82.60,0,Placed,8.24
STU2528,89.28,87.87,79.90,80.65,9.80,79.32,92.02,3,0,2,1,85.46,0,Placed,11.16
STU2529,82.01,92.93,72.80,80.51,9.17,87.67,92.38,2,1,10,0,85.89,0,Placed,10.09
STU2530,70.22,84.47,77.83,93.35,8.40,77.36,73.71,1,3,11,2,94.53,0,Placed,8.23
STU2531,89.60,70.75,80.60,75.01,8.91,76.40,71.31,3,3,0,0,90.24,0,Placed,10.15
STU2532,70.24,80.28,78.34,90.18,9.33,81.97,83.36,0,3,0,0,93.04,0,Placed,8.43
STU2533,86.22,71.46,93.21,87.99,8.95,79.99,80.36,0,1,0,0,82.71,0,Placed,7.65
STU2534,86.86,74.79,87.20,68.55,8.60,78.85,70.53,1,1,0,0,96.70,0,Placed,7.74
STU2535,78.88,83.93,85.05,84.66,9.84,84.01,85.41,2,4,0,1,91.20,0,Placed,11.04
STU2536,81.01,72.83,81.50,92.74,9.01,78.64,82.75,1,4,0,2,93.43,0,Placed,8.90
STU2537,71.69,65.08,64.88,40.62,6.90,66.85,73.74,1,1,0,0,61.73,2,Not Placed,0
STU2538,58.50,73.85,59.50,68.06,6.61,59.25,50.59,0,0,0,0,76.89,1,Not Placed,0
STU2539,70.92,90.08,84.00,82.18,7.73,86.42,84.98,1,0,0,1,93.54,0,Placed,7.87
STU2540,55.12,60.51,74.03,58.89,7.06,63.99,69.62,1,1,0,0,60.21,0,Not Placed,0
STU2541,69.87,60.28,68.07,67.83,7.73,56.82,74.41,0,0,0,0,75.56,1,Not Placed,0
STU2542,79.60,80.64,92.86,94.82,8.70,92.20,92.38,3,1,0,2,91.93,0,Placed,8.56
STU2543,83.01,81.44,87.11,73.49,7.61,82.88,94.38,0,3,0,0,80.48,0,Placed,6.94
STU2544,73.24,94.47,76.72,82.80,7.51,92.68,73.49,3,2,9,0,83.02,0,Placed,7.52
STU2545,75.21,92.28,89.63,83.80,8.53,86.24,93.06,0,2,0,0,96.62,0,Placed,8.77
STU2546,74.48,81.23,88.59,68.19,8.63,80.59,79.42,2,1,0,2,98.72,0,Placed,8.95
STU2547,55.64,67.20,51.77,67.89,6.73,62.71,57.44,1,0,0,0,74.57,2,Not Placed,0
STU2548,56.02,66.40,74.11,58.13,7.07,66.57,67.21,1,0,0,0,63.16,1,Not Placed,0
STU2549,72.25,72.58,73.86,84.24,8.99,91.07,77.29,1,0,0,1,97.45,0,Placed,8.79
STU2550,85.98,80.74,80.00,80.44,9.46,82.92,74.22,1,2,0,2,81.29,0,Placed,10.53
STU2551,81.92,81.73,71.20,94.10,9.40,83.27,77.13,3,2,0,0,80.45,0,Placed,11.49
STU2552,87.77,83.40,74.48,73.01,9.43,82.10,73.48,2,1,0,0,88.88,0,Placed,10.16
STU2553,94.01,74.22,85.07,75.74,8.70,84.30,70.76,2,3,0,2,90.47,0,Placed,8.15
STU2554,71.24,71.18,63.29,44.06,7.20,58.77,65.76,1,1,0,0,69.55,1,Not Placed,0
STU2555,86.60,77.65,72.58,75.50,8.82,85.44,80.16,2,2,0,1,93.39,0,Placed,9.70
STU2556,91.31,87.64,84.36,92.31,8.87,91.58,81.62,3,2,0,0,94.36,0,Placed,8.83
STU2557,91.00,73.36,78.66,85.81,8.98,94.99,78.16,3,3,0,2,94.49,0,Placed,10.28
STU2558,61.04,52.07,56.57,64.41,7.52,65.97,60.11,0,0,0,0,72.90,1,Not Placed,0
STU2559,91.20,71.73,85.73,71.36,8.47,89.35,92.22,0,3,0,0,82.29,0,Placed,8.52
STU2560,71.00,85.41,75.92,92.63,9.36,92.33,86.64,0,3,0,2,88.56,0,Placed,8.44
STU2561,79.68,73.47,79.50,81.26,9.87,75.54,91.48,1,0,5,0,89.42,0,Placed,9.62
STU2562,72.28,69.63,70.22,44.55,6.71,56.74,59.70,0,1,0,0,63.68,1,Not Placed,0
STU2563,73.62,77.95,80.58,83.91,8.18,86.87,90.37,3,4,0,2,80.02,0,Placed,9.17
STU2564,80.60,85.66,93.25,93.70,7.70,87.40,90.65,1,1,0,2,86.31,0,Placed,7.52
STU2565,62.54,71.89,51.02,56.74,7.25,58.83,70.92,0,0,0,0,72.54,0,Not Placed,0
STU2566,88.92,81.09,77.62,92.30,8.17,90.84,92.67,2,0,0,1,82.68,0,Placed,7.65
STU2567,91.41,80.65,92.52,82.82,9.27,83.12,79.27,2,2,0,1,98.34,0,Placed,10.76
STU2568,56.54,55.09,67.18,48.72,6.82,53.49,67.20,0,0,0,0,71.70,0,Not Placed,0
STU2569,65.87,70.66,61.61,65.62,5.95,62.30,50.80,1,0,0,0,60.96,1,Not Placed,0
STU2570,74.64,71.33,89.91,94.69,8.49,90.71,84.50,1,3,0,0,83.84,0,Placed,8.35
STU2571,70.28,74.31,93.00,90.17,9.60,86.25,86.16,0,0,0,1,82.56,0,Placed,8.86
STU2572,92.01,83.79,89.45,66.46,8.99,76.17,85.58,2,2,0,0,91.79,0,Placed,10.46
STU2573,76.87,86.47,84.78,67.22,7.58,93.77,83.00,0,0,0,1,93.94,0,Placed,5.69
STU2574,58.13,51.90,51.09,61.25,6.96,69.95,68.49,1,0,0,0,61.72,1,Not Placed,0
STU2575,68.96,69.62,72.16,64.75,6.49,50.64,58.87,1,0,0,0,73.04,2,Not Placed,0
STU2576,87.95,72.33,90.50,86.04,8.85,77.27,79.48,0,2,10,2,84.59,0,Placed,8.16
STU2577,91.53,93.30,87.42,86.53,9.06,79.42,92.01,3,0,0,0,82.00,0,Placed,10.48
STU2578,83.77,86.44,82.14,82.08,9.00,88.25,93.38,1,4,0,0,91.20,0,Placed,8.58
STU2579,79.83,76.15,70.26,76.11,8.11,81.86,79.02,2,0,5,2,80.32,0,Placed,7.17
STU2580,76.45,76.28,89.80,82.53,9.63,86.93,90.19,0,0,0,2,98.29,0,Placed,8.66
STU2581,60.20,71.85,50.90,52.81,6.79,59.35,62.42,0,1,0,0,65.25,2,Not Placed,0
STU2582,71.31,52.38,56.55,52.70,7.78,67.38,51.08,1,0,0,0,65.06,2,Not Placed,0
STU2583,59.79,61.60,64.82,49.52,6.95,56.87,51.40,0,1,0,0,64.63,2,Not Placed,0
STU2584,84.87,77.17,83.66,75.77,8.00,94.91,92.13,3,1,0,1,83.30,0,Placed,9.09
STU2585,84.87,94.90,89.42,74.02,7.70,87.24,75.04,0,2,0,2,94.99,0,Placed,6.08
STU2586,86.96,87.20,92.06,84.54,8.81,89.45,90.38,2,1,0,2,94.38,0,Placed,9.61
STU2587,73.88,69.59,73.58,56.91,6.45,53.32,53.58,0,0,0,0,60.19,2,Not Placed,0
STU2588,76.03,76.53,88.75,77.79,8.71,79.89,87.06,2,1,0,0,84.10,0,Placed,8.59
STU2589,93.22,73.04,92.84,68.73,8.60,83.37,70.61,2,4,0,1,94.05,0,Placed,8.54
STU2590,64.19,69.51,53.69,47.69,7.88,61.28,63.40,1,1,0,0,64.46,2,Not Placed,0
STU2591,71.41,78.62,75.89,83.56,8.93,91.12,85.66,0,0,0,2,93.61,0,Placed,8.71
STU2592,69.48,63.29,65.91,68.09,6.32,57.41,56.76,0,0,0,0,65.86,1,Not Placed,0
STU2593,58.16,62.20,54.99,48.66,6.61,54.98,63.01,1,0,0,0,73.62,0,Not Placed,0
STU2594,75.65,85.79,71.79,91.32,8.13,88.38,80.26,0,3,0,1,93.62,0,Placed,7.03
STU2595,84.56,86.83,84.54,82.24,9.48,75.96,92.95,2,3,0,1,89.96,0,Placed,9.31
STU2596,64.41,61.65,56.88,60.93,6.09,67.42,66.57,0,1,0,0,63.38,1,Not Placed,0
STU2597,51.12,56.91,73.01,47.01,5.99,66.95,53.64,0,1,0,0,74.60,0,Not Placed,0
STU2598,53.64,54.17,67.37,58.58,7.89,58.58,64.70,1,1,0,0,78.55,0,Placed,6.98
STU2599,79.86,86.56,72.40,88.98,7.88,91.61,89.72,2,0,0,1,82.65,0,Placed,7.63
STU2600,70.68,85.96,90.78,94.69,8.54,75.01,83.40,2,4,0,0,96.24,0,Placed,7.84
STU2601,71.57,50.53,72.26,53.22,7.33,68.09,64.17,0,0,0,0,70.02,2,Not Placed,0
STU2602,92.12,94.45,86.69,76.80,9.11,85.01,72.53,2,2,1,0,84.96,0,Placed,9.51
STU2603,72.34,84.41,83.58,77.92,8.94,84.47,77.56,0,2,0,0,84.85,0,Placed,8.46
STU2604,62.65,61.84,67.27,68.51,6.29,67.90,74.38,1,0,0,0,78.74,0,Not Placed,0
STU2605,66.56,57.15,74.09,58.50,7.23,55.46,73.51,0,1,0,0,61.66,2,Not Placed,0
STU2606,60.91,67.26,55.86,64.06,7.42,64.08,71.02,1,0,0,0,68.02,1,Not Placed,0
STU2607,66.17,58.88,63.32,69.76,7.40,61.33,50.77,1,0,0,0,61.42,2,Not Placed,0
STU2608,71.01,86.61,81.58,83.78,8.93,94.92,74.46,0,0,0,0,83.09,0,Placed,8.65
STU2609,52.37,61.10,54.27,50.98,7.50,60.78,57.62,1,0,0,0,61.21,0,Not Placed,0
STU2610,64.80,57.11,68.37,65.25,6.17,60.88,71.01,0,0,0,0,60.14,2,Not Placed,0
STU2611,80.28,70.66,75.31,66.83,8.43,88.58,92.59,1,0,10,2,86.49,0,Placed,7.55
STU2612,61.06,54.56,72.23,44.71,7.71,62.91,50.90,1,1,0,0,74.70,0,Placed,7.97
STU2613,76.77,93.04,86.00,92.38,8.42,89.90,93.32,1,2,0,2,94.26,0,Placed,7.55
STU2614,83.71,71.07,91.05,84.95,9.33,76.19,78.09,2,4,0,1,90.45,0,Placed,10.46
STU2615,79.29,75.76,73.72,83.21,7.58,92.98,78.94,0,3,0,1,98.08,0,Placed,5.78
STU2616,57.42,61.37,56.31,51.16,6.98,61.47,54.05,1,1,0,0,74.43,2,Not Placed,0
STU2617,72.82,52.67,70.62,69.83,5.98,67.50,70.85,1,0,0,0,67.08,1,Not Placed,0
STU2618,79.66,84.83,86.61,81.83,9.52,85.25,91.98,1,3,0,2,86.13,0,Placed,9.30
STU2619,78.83,71.78,75.86,82.42,7.73,80.97,82.65,2,1,0,1,96.82,0,Placed,7.38
STU2620,86.41,70.22,87.22,66.19,9.02,82.37,90.08,2,2,0,0,91.40,0,Placed,8.57
STU2621,93.09,83.49,92.30,80.70,9.49,89.56,90.91,2,4,0,1,95.76,0,Placed,10.42
STU2622,87.48,80.44,80.20,91.39,9.44,76.74,82.53,0,3,0,0,83.45,0,Placed,8.64
STU2623,66.74,51.00,51.56,65.23,7.32,62.51,62.70,1,1,0,0,72.85,0,Not Placed,0
STU2624,71.20,92.61,80.20,79.72,8.68,86.31,70.20,1,0,0,1,81.63,0,Placed,8.87
STU2625,84.76,73.90,85.92,86.79,7.63,84.89,88.00,2,3,0,0,96.11,0,Placed,7.76
STU2626,62.85,61.75,56.20,61.80,7.72,58.47,65.35,1,1,0,0,63.24,2,Not Placed,0
STU2627,51.36,51.60,59.77,64.00,6.83,64.07,61.58,1,0,0,0,67.74,0,Not Placed,0
STU2628,82.74,82.81,78.35,87.08,7.85,85.41,77.04,3,1,0,2,89.34,0,Placed,7.68
STU2629,89.16,77.39,93.64,92.98,9.38,86.56,79.22,1,0,0,1,98.78,0,Placed,9.81
STU2630,77.36,81.39,77.92,83.98,8.28,94.36,81.19,1,4,0,0,95.16,0,Placed,8.09
STU2631,77.94,75.82,74.31,94.88,9.82,89.68,93.10,2,0,0,2,84.42,0,Placed,9.76
STU2632,65.33,69.90,58.53,46.73,6.84,51.05,56.47,1,0,0,0,77.24,2,Not Placed,0
STU2633,88.78,93.24,91.33,67.17,9.17,86.73,71.31,2,1,0,0,93.55,0,Placed,9.24
STU2634,94.50,77.06,91.77,93.35,9.32,82.15,82.21,1,0,0,0,97.27,0,Placed,9.91
STU2635,72.87,56.51,73.11,69.90,5.69,64.54,66.95,1,0,0,0,68.08,2,Not Placed,0
STU2636,74.00,88.50,85.73,83.34,9.76,83.31,83.12,3,0,6,1,94.73,0,Placed,10.20
STU2637,84.84,76.04,75.19,86.04,9.35,82.64,74.52,1,0,1,1,93.41,0,Placed,10.13
STU2638,82.25,94.20,79.78,85.62,9.64,85.95,90.10,0,0,0,2,91.96,0,Placed,9.16
STU2639,91.01,87.95,84.75,65.09,8.90,83.83,78.95,0,4,0,1,88.23,0,Placed,8.76
STU2640,74.75,83.52,81.23,72.61,7.97,95.00,76.70,1,0,0,0,88.08,0,Placed,7.29
STU2641,72.07,71.50,75.13,91.47,9.58,84.47,77.92,1,1,0,2,81.05,0,Placed,9.32
STU2642,55.14,65.32,60.75,57.76,5.80,57.97,69.19,1,1,0,0,78.90,2,Not Placed,0
STU2643,67.33,63.33,65.56,64.49,7.04,60.63,50.51,0,0,0,0,77.45,1,Not Placed,0
STU2644,88.44,73.61,91.66,69.93,9.02,76.78,79.62,1,2,0,2,86.28,0,Placed,9.29
STU2645,69.30,58.07,59.05,67.41,5.67,56.87,60.18,1,1,0,0,75.21,0,Not Placed,0
STU2646,75.25,94.08,74.12,67.33,9.58,79.13,71.58,0,2,0,2,81.79,0,Placed,8.57
STU2647,83.93,75.78,82.71,72.44,8.26,78.36,80.40,2,0,0,0,98.50,0,Placed,7.95
STU2648,68.22,72.92,68.62,46.54,7.70,68.94,52.27,0,1,0,0,67.08,2,Not Placed,0
STU2649,59.73,52.21,57.05,42.75,6.89,62.21,71.16,1,0,0,0,66.30,1,Not Placed,0
STU2650,89.43,87.24,85.13,72.08,8.04,77.04,88.25,3,1,0,2,81.36,0,Placed,8.96
STU2651,78.05,76.19,93.14,80.66,9.79,91.80,82.06,0,3,11,2,83.24,0,Placed,9.85
STU2652,77.93,81.13,83.14,93.73,9.84,77.62,92.64,0,4,0,2,92.86,0,Placed,10.34
STU2653,90.49,88.43,73.78,83.26,7.88,88.01,77.05,0,0,9,1,90.71,0,Placed,5.92
STU2654,70.91,93.56,75.67,73.47,7.86,87.46,87.77,2,2,0,0,90.54,0,Placed,7.15
STU2655,56.03,54.74,67.42,52.39,5.96,61.37,67.33,1,0,0,0,73.60,0,Not Placed,0
STU2656,84.54,72.61,94.13,81.82,7.52,92.41,83.82,3,2,0,1,98.24,0,Placed,8.60
STU2657,83.30,88.72,76.92,73.45,8.58,83.35,81.81,3,3,0,1,81.14,0,Placed,9.96
STU2658,89.08,86.12,76.11,69.54,8.38,93.07,87.57,2,0,0,0,83.02,0,Placed,7.81
STU2659,85.69,89.46,86.68,73.31,9.48,94.76,81.63,1,4,0,2,94.91,0,Placed,10.33
STU2660,62.72,51.02,72.90,51.60,6.05,62.10,59.18,0,0,0,0,74.69,1,Not Placed,0
STU2661,66.77,55.96,59.82,64.95,5.58,66.92,66.70,1,0,0,0,74.21,2,Not Placed,0
STU2662,67.63,58.00,55.90,60.62,6.53,66.76,50.09,1,0,0,0,78.92,2,Not Placed,0
STU2663,71.57,80.70,73.55,72.02,8.46,78.66,88.84,3,1,0,2,95.87,0,Placed,8.48
STU2664,94.41,77.32,80.80,93.51,8.78,90.39,85.59,2,2,0,0,95.96,0,Placed,9.40
STU2665,67.93,59.27,50.68,60.30,7.15,64.01,50.32,1,0,0,0,70.66,0,Not Placed,0
STU2666,78.11,76.48,74.78,94.54,9.63,86.64,85.77,2,0,0,2,80.17,0,Placed,10.76
STU2667,71.56,66.09,65.85,53.85,5.94,58.27,73.07,0,0,0,0,68.72,1,Not Placed,0
STU2668,52.81,62.05,64.15,50.61,6.62,62.07,67.49,0,1,0,0,62.00,0,Not Placed,0
STU2669,60.54,73.54,60.18,59.82,6.20,57.96,65.72,0,1,0,0,72.60,1,Not Placed,0
STU2670,64.45,60.11,63.58,48.84,6.04,61.16,57.79,0,0,0,0,76.24,1,Not Placed,0
STU2671,85.36,83.76,86.21,77.87,7.96,84.25,83.25,0,0,8,2,80.50,0,Placed,7.81
STU2672,84.01,70.54,75.56,89.64,8.54,92.16,74.18,1,4,3,0,97.20,0,Placed,7.52
STU2673,82.39,79.77,75.91,67.02,9.70,83.52,75.12,1,1,10,0,86.33,0,Placed,9.52
STU2674,84.57,94.27,94.65,75.97,8.09,82.40,82.79,3,0,0,2,88.51,0,Placed,9.18
STU2675,89.51,90.57,84.71,66.87,9.11,81.52,91.54,2,3,0,0,81.69,0,Placed,9.06
STU2676,66.82,67.72,58.62,48.12,5.51,52.52,71.70,1,1,0,0,70.75,1,Not Placed,0
STU2677,77.92,88.26,74.44,91.52,7.76,77.64,83.33,0,2,0,0,82.74,0,Placed,7.16
STU2678,57.93,61.11,63.49,62.84,7.43,54.34,66.82,1,1,0,0,76.51,0,Not Placed,0
STU2679,75.81,76.39,85.86,85.66,8.25,79.12,75.97,3,4,0,1,81.63,0,Placed,8.84
STU2680,62.52,67.34,51.31,44.40,7.03,67.43,50.05,1,1,0,0,72.80,1,Not Placed,0
STU2681,91.73,70.02,85.57,69.04,9.07,94.25,73.58,0,3,0,0,88.58,0,Placed,8.62
STU2682,75.85,76.11,92.16,88.27,9.07,92.98,86.26,1,0,8,2,91.35,0,Placed,9.09
STU2683,89.06,92.67,82.30,73.12,8.03,85.18,93.95,1,3,0,2,89.30,0,Placed,6.93
STU2684,93.27,94.73,82.19,91.95,9.13,90.67,74.90,2,1,0,0,90.75,0,Placed,10.56
STU2685,68.29,73.42,56.46,55.44,6.56,58.92,65.85,0,0,0,0,76.70,0,Not Placed,0
STU2686,92.00,70.96,78.04,91.33,8.40,92.21,79.00,2,0,0,0,90.96,0,Placed,8.15
STU2687,70.23,65.47,51.00,52.63,6.47,62.62,58.83,1,0,0,0,68.13,0,Not Placed,0
STU2688,73.90,76.70,91.44,88.29,8.88,80.42,85.00,0,0,0,2,82.64,0,Placed,7.43
STU2689,70.58,94.60,90.74,75.59,8.20,86.52,86.02,0,3,0,0,93.04,0,Placed,7.97
STU2690,57.37,61.21,64.72,65.28,6.94,62.68,55.67,1,1,0,0,63.42,2,Not Placed,0
STU2691,84.74,78.23,83.85,68.14,8.19,81.30,85.97,3,3,0,1,95.92,0,Placed,8.04
STU2692,88.51,88.72,78.98,77.88,8.96,86.42,71.34,2,0,0,0,93.38,0,Placed,9.08
STU2693,69.03,50.29,50.06,56.71,6.10,58.65,59.08,1,0,0,0,71.40,1,Not Placed,0
STU2694,70.39,91.57,81.52,66.12,9.53,89.53,72.57,1,2,3,2,89.72,0,Placed,8.86
STU2695,74.93,89.49,82.49,82.75,9.85,78.39,85.65,3,0,11,0,90.92,0,Placed,10.44
STU2696,78.41,89.76,74.62,72.33,8.97,86.70,81.62,0,3,0,1,91.70,0,Placed,9.01
STU2697,60.49,73.08,52.31,56.12,6.57,68.23,57.11,0,1,0,0,68.86,0,Not Placed,0
STU2698,83.89,72.94,73.71,86.17,9.57,78.77,74.90,0,4,0,0,87.52,0,Placed,8.59
STU2699,90.42,87.33,82.75,71.99,9.67,78.21,91.18,3,4,0,1,87.56,0,Placed,11.12
STU2700,80.62,70.20,70.96,91.14,8.17,76.77,94.56,1,3,0,2,81.81,0,Placed,7.87
STU2701,77.85,70.15,90.49,94.59,8.52,81.78,86.98,2,0,0,2,95.23,0,Placed,9.14
STU2702,75.74,76.22,89.27,81.61,8.92,83.34,92.97,1,1,0,1,85.16,0,Placed,8.53
STU2703,58.78,73.22,61.61,55.79,5.57,68.66,62.60,0,1,0,0,72.53,2,Not Placed,0
STU2704,59.06,55.30,51.76,40.81,7.38,50.01,67.28,0,0,0,0,62.19,2,Not Placed,0
STU2705,86.62,78.22,78.94,66.45,8.35,84.24,93.62,1,1,0,1,88.29,0,Placed,8.79
STU2706,70.63,80.19,80.60,84.04,8.03,80.02,80.42,2,4,0,2,84.66,0,Placed,8.40
STU2707,86.55,82.86,92.74,77.60,9.79,85.76,71.52,2,1,0,0,87.79,0,Placed,11.21
STU2708,66.61,65.82,64.72,66.95,6.32,63.54,69.07,0,1,0,0,75.85,1,Not Placed,0
STU2709,81.62,72.39,76.94,90.14,8.79,86.77,92.65,3,4,6,0,98.76,0,Placed,10.35
STU2710,64.22,61.58,53.98,43.19,5.99,66.28,59.77,0,0,0,0,65.70,0,Not Placed,0
STU2711,82.27,74.47,88.75,93.94,8.17,82.39,85.16,1,1,0,2,81.12,0,Placed,6.81
STU2712,94.03,76.85,93.71,75.72,8.22,91.37,94.87,0,0,0,1,90.89,0,Placed,7.34
STU2713,62.60,68.25,57.71,67.72,6.23,52.68,63.60,1,1,0,0,75.12,2,Not Placed,0
STU2714,71.93,64.48,72.40,69.35,7.30,52.07,61.50,1,1,0,0,75.38,0,Not Placed,0
STU2715,64.54,66.88,58.68,68.60,6.71,59.45,51.11,1,1,0,0,72.87,2,Not Placed,0
STU2716,74.37,53.39,55.36,50.00,5.58,62.37,66.76,0,1,0,0,74.17,1,Not Placed,0
STU2717,87.44,90.72,80.79,93.19,8.26,90.35,83.02,3,0,0,0,91.35,0,Placed,9.66
STU2718,75.97,76.43,78.92,73.94,7.85,83.22,88.35,0,3,0,1,87.50,0,Placed,5.80
STU2719,76.62,71.44,88.43,74.89,8.98,87.36,75.88,0,3,0,1,88.37,0,Placed,7.90
STU2720,53.97,50.12,59.12,48.09,6.74,62.45,58.69,1,0,0,0,78.58,1,Not Placed,0
STU2721,72.39,87.09,77.67,91.87,7.86,86.15,71.55,1,4,0,1,91.26,0,Placed,7.10
STU2722,81.04,71.50,79.63,81.12,7.95,88.10,91.82,0,4,0,1,83.63,0,Placed,6.08
STU2723,79.32,75.61,76.80,79.70,9.16,91.33,80.21,1,0,0,0,87.85,0,Placed,8.72
STU2724,76.02,91.61,81.89,74.49,8.54,84.32,87.46,2,2,0,0,92.53,0,Placed,8.06
STU2725,70.55,67.25,60.37,66.07,5.61,62.06,57.18,1,0,0,0,72.28,0,Not Placed,0
STU2726,69.23,67.45,56.02,50.62,5.51,56.31,69.11,1,1,0,0,72.23,1,Not Placed,0
STU2727,76.95,75.28,75.11,72.64,7.82,92.08,92.91,3,4,0,0,87.87,0,Placed,7.37
STU2728,94.88,94.98,80.07,72.47,9.56,79.81,92.72,1,3,11,2,98.01,0,Placed,10.63
STU2729,78.60,71.57,87.52,79.01,8.65,78.49,78.01,0,0,0,1,90.88,0,Placed,7.10
STU2730,81.74,70.17,93.55,87.83,7.59,79.47,78.46,2,2,0,0,83.11,0,Placed,8.09
STU2731,60.90,60.33,70.88,66.82,7.45,65.27,56.76,0,1,0,0,75.38,2,Not Placed,0
STU2732,85.90,70.29,84.19,66.24,8.44,76.92,80.38,3,3,0,1,83.09,0,Placed,9.29
STU2733,53.59,63.78,61.64,40.02,7.30,60.44,52.20,0,0,0,0,71.09,2,Not Placed,0
STU2734,91.60,77.16,71.66,65.06,8.31,79.65,83.56,3,3,0,0,92.41,0,Placed,9.19
STU2735,57.91,60.06,63.90,42.00,5.55,61.76,72.08,0,1,0,0,75.85,0,Not Placed,0
STU2736,51.09,66.57,61.42,40.96,6.30,55.83,55.07,0,1,0,0,62.17,2,Not Placed,0
STU2737,84.09,79.60,73.12,79.36,9.28,93.70,74.07,0,4,0,1,86.83,0,Placed,9.48
STU2738,70.05,67.76,72.08,40.67,7.31,59.20,54.18,1,1,0,0,70.15,1,Not Placed,0
STU2739,80.39,87.73,82.88,85.83,9.49,82.43,70.40,1,3,0,1,91.37,0,Placed,9.63
STU2740,87.23,72.13,94.78,71.05,9.22,86.32,74.17,3,4,0,0,93.40,0,Placed,9.47
STU2741,90.64,76.05,94.28,73.31,8.17,89.95,89.34,2,0,0,2,83.46,0,Placed,9.00
STU2742,59.13,66.51,51.08,64.43,6.83,63.02,57.37,1,0,0,0,62.12,1,Not Placed,0
STU2743,71.20,83.31,77.05,76.01,8.83,80.81,78.83,3,4,0,2,97.93,0,Placed,10.37
STU2744,93.70,77.21,91.56,73.63,9.02,77.26,90.61,0,1,0,0,91.20,0,Placed,8.44
STU2745,94.47,85.08,94.35,66.14,8.68,94.41,92.80,2,3,10,0,93.70,0,Placed,8.56
STU2746,59.81,62.98,51.06,58.58,6.38,61.15,60.73,1,0,0,0,67.63,1,Not Placed,0
STU2747,71.54,59.36,64.52,57.14,7.13,51.98,52.76,1,1,0,0,66.96,2,Not Placed,0
STU2748,71.09,93.96,86.01,91.15,7.90,84.20,83.27,0,1,0,1,94.01,0,Placed,7.08
STU2749,78.97,83.90,79.72,80.89,8.17,86.21,82.31,0,1,3,2,98.52,0,Placed,6.55
STU2750,61.49,53.56,63.93,65.03,6.36,61.96,67.99,0,0,0,0,65.85,2,Not Placed,0
STU2751,83.44,78.30,88.47,67.79,9.45,80.45,81.58,0,0,0,1,85.42,0,Placed,10.09
STU2752,74.17,76.79,79.83,78.46,8.18,85.66,80.64,1,2,0,2,84.09,0,Placed,7.03
STU2753,54.19,55.85,67.51,49.91,6.85,62.67,54.82,1,0,0,0,63.60,0,Not Placed,0
STU2754,51.38,69.37,71.36,63.01,7.20,69.20,56.78,0,1,0,0,67.14,0,Not Placed,0
STU2755,73.28,51.75,63.02,48.96,6.21,57.11,72.10,1,0,0,0,60.52,0,Not Placed,0
STU2756,53.90,52.89,53.16,54.87,6.11,57.39,64.94,1,1,0,0,77.50,0,Not Placed,0
STU2757,59.25,57.58,52.86,66.08,6.58,59.85,56.20,1,1,0,0,70.71,2,Not Placed,0
STU2758,81.73,81.69,73.69,79.84,7.87,78.07,84.57,0,4,0,0,85.31,0,Placed,5.91
STU2759,80.93,71.52,74.10,67.28,8.22,94.74,70.69,1,3,0,0,86.86,0,Placed,8.83
STU2760,50.16,70.14,64.89,43.82,5.99,65.22,63.20,0,0,0,0,76.57,0,Not Placed,0
STU2761,87.33,89.35,79.30,73.07,9.87,75.96,74.76,0,2,0,1,86.12,0,Placed,8.85
STU2762,80.50,81.09,78.09,94.73,9.14,75.29,75.65,2,4,0,1,85.12,0,Placed,9.66
STU2763,81.70,93.00,74.94,92.44,8.03,76.53,78.46,0,1,0,0,81.88,0,Placed,6.30
STU2764,61.58,70.53,74.67,47.92,5.55,52.67,56.13,0,1,0,0,61.61,0,Not Placed,0
STU2765,52.61,55.76,69.10,56.26,6.55,55.90,58.63,0,0,0,0,75.38,2,Not Placed,0
STU2766,77.61,77.76,77.35,79.11,7.55,87.78,82.34,2,2,0,1,96.20,0,Placed,8.25
STU2767,67.93,66.45,66.66,41.77,6.45,66.91,58.37,1,1,0,0,72.96,1,Not Placed,0
STU2768,72.90,76.13,77.86,83.40,9.61,75.34,76.28,3,3,0,2,93.17,0,Placed,11.14
STU2769,57.50,72.48,70.97,50.27,5.83,63.26,58.30,0,0,0,0,65.37,1,Not Placed,0
STU2770,70.41,74.29,82.13,75.66,9.60,91.72,93.95,3,4,0,2,91.10,0,Placed,9.98
STU2771,66.39,54.72,61.91,65.72,5.87,53.68,50.65,0,0,0,0,70.24,1,Not Placed,0
STU2772,77.26,91.15,87.37,91.12,9.55,84.25,94.90,0,0,0,2,84.82,0,Placed,9.39
STU2773,91.02,78.12,90.46,70.44,8.16,89.93,94.68,0,1,7,1,86.04,0,Placed,6.79
STU2774,60.35,55.93,54.94,48.16,7.76,56.16,71.65,0,1,0,0,71.53,0,Not Placed,0
STU2775,82.05,83.67,77.53,91.82,7.59,77.52,75.70,0,4,0,1,80.36,0,Placed,6.85
STU2776,89.48,70.82,73.25,77.94,8.85,85.21,70.85,2,3,0,1,83.57,0,Placed,9.25
STU2777,88.35,87.28,82.85,81.02,7.68,75.40,70.17,2,2,6,1,89.49,0,Placed,7.55
STU2778,70.83,54.89,58.54,56.25,6.34,59.06,61.39,1,1,0,0,61.94,2,Not Placed,0
STU2779,53.10,51.15,50.31,47.46,7.45,62.83,53.38,0,0,0,0,61.98,2,Not Placed,0
STU2780,73.81,79.25,75.92,91.30,9.83,79.69,74.65,2,4,0,0,88.49,0,Placed,10.22
STU2781,88.71,72.62,75.78,93.51,7.80,84.04,89.97,1,1,0,2,86.66,0,Placed,7.31
STU2782,68.59,54.73,54.63,45.33,7.05,63.42,63.82,0,1,0,0,72.80,0,Not Placed,0
STU2783,59.47,53.49,63.82,60.35,6.75,55.48,71.45,1,0,0,0,75.98,0,Not Placed,0
STU2784,54.65,74.66,58.31,46.07,7.48,63.77,52.39,1,0,0,0,61.21,2,Not Placed,0
STU2785,91.52,87.51,90.18,92.07,7.84,82.37,89.12,0,4,0,2,84.06,0,Placed,6.22
STU2786,85.14,75.00,86.01,78.35,9.21,94.42,90.52,2,3,10,1,93.81,0,Placed,9.46
STU2787,70.63,74.03,93.49,88.69,9.29,80.26,83.61,0,4,0,1,96.02,0,Placed,9.62
STU2788,58.18,67.53,50.88,50.75,7.74,65.92,74.12,0,0,0,0,63.88,0,Not Placed,0
STU2789,93.83,82.35,90.20,68.11,9.39,82.06,87.57,2,1,0,1,89.42,0,Placed,9.48
STU2790,57.83,55.86,72.86,59.54,7.36,60.03,67.35,0,0,0,0,62.62,0,Not Placed,0
STU2791,88.98,93.24,75.07,92.13,7.80,83.06,91.04,2,2,0,1,98.23,0,Placed,6.85
STU2792,70.86,87.81,74.81,90.39,8.62,75.84,89.78,2,0,0,0,81.21,0,Placed,9.59
STU2793,70.23,82.17,76.82,72.38,8.20,91.98,80.83,3,3,0,2,94.78,0,Placed,8.10
STU2794,63.48,58.72,59.78,48.66,5.84,61.16,61.73,0,1,0,0,76.95,1,Not Placed,0
STU2795,79.74,76.91,78.64,82.14,9.33,94.18,93.39,0,2,0,1,86.33,0,Placed,9.99
STU2796,90.20,84.75,70.49,88.27,7.66,75.65,82.27,1,1,6,1,97.57,0,Placed,6.15
STU2797,67.15,60.78,54.43,55.36,7.72,56.62,65.01,0,1,0,0,61.91,2,Not Placed,0
STU2798,79.16,81.65,75.47,68.19,9.55,77.91,80.26,1,4,0,0,82.83,0,Placed,9.79
STU2799,93.36,83.71,75.07,69.20,8.15,88.21,72.26,0,2,0,1,93.44,0,Placed,7.14
STU2800,74.64,89.95,87.90,92.96,8.56,92.25,91.73,3,0,1,2,88.16,0,Placed,10.15
STU2801,82.90,71.61,71.01,80.94,8.88,85.75,86.86,3,0,0,2,81.91,0,Placed,9.35
STU2802,89.15,94.53,77.80,93.82,8.28,87.81,89.47,2,1,0,1,88.58,0,Placed,7.96
STU2803,90.90,72.02,73.46,75.16,9.74,86.02,74.28,1,1,0,1,82.84,0,Placed,9.82
STU2804,71.33,57.45,74.45,41.20,7.41,61.49,56.65,0,0,0,0,67.77,2,Not Placed,0
STU2805,57.69,69.84,54.00,46.79,7.75,55.73,50.69,1,0,0,0,62.96,1,Not Placed,0
STU2806,52.81,54.84,64.48,64.76,6.44,54.64,52.73,0,1,0,0,72.44,0,Not Placed,0
STU2807,92.26,94.57,82.44,75.80,9.18,93.47,86.32,0,2,0,2,89.78,0,Placed,9.30
STU2808,89.65,73.08,74.77,65.22,8.81,79.96,83.67,1,4,0,1,94.93,0,Placed,8.28
STU2809,73.32,87.34,70.95,65.06,9.43,86.58,89.46,2,0,0,1,98.41,0,Placed,11.02
STU2810,56.20,70.24,53.89,47.91,6.74,63.32,53.85,0,1,0,0,70.32,1,Not Placed,0
STU2811,62.31,51.90,56.84,42.95,6.58,69.55,69.82,0,1,0,0,63.42,1,Not Placed,0
STU2812,70.55,81.27,77.54,73.52,8.45,76.18,94.64,3,3,0,2,80.03,0,Placed,9.96
STU2813,82.95,86.80,78.85,89.26,8.86,81.13,73.06,2,1,11,2,81.92,0,Placed,9.89
STU2814,94.24,89.37,93.80,67.19,8.26,87.09,81.33,2,0,0,2,93.69,0,Placed,8.59
STU2815,87.34,81.96,71.33,83.31,8.90,85.68,93.30,2,3,0,2,80.77,0,Placed,10.25
STU2816,70.64,87.76,86.91,92.22,7.58,77.44,93.89,2,1,0,0,90.07,0,Placed,6.76
STU2817,69.98,57.62,71.33,41.85,7.32,68.54,70.02,1,1,0,0,62.40,2,Not Placed,0
STU2818,54.99,70.19,57.19,52.13,7.74,56.97,74.46,0,1,0,0,69.89,1,Not Placed,0
STU2819,81.60,70.02,91.79,91.60,9.48,75.40,87.09,0,3,0,1,92.43,0,Placed,9.30
STU2820,61.97,70.23,65.84,48.81,6.69,54.09,63.02,1,0,0,0,66.67,0,Not Placed,0
STU2821,50.79,69.69,74.48,60.71,7.37,64.20,59.97,0,0,0,0,73.19,1,Not Placed,0
STU2822,71.03,57.93,69.05,56.39,6.12,68.61,60.53,1,1,0,0,73.26,0,Not Placed,0
STU2823,57.02,53.30,58.82,40.83,6.37,62.79,66.98,1,1,0,0,75.73,0,Not Placed,0
STU2824,57.02,72.38,56.34,50.37,6.28,65.93,59.78,1,1,0,0,73.44,0,Not Placed,0
STU2825,66.90,63.41,69.32,54.19,6.02,63.87,65.03,1,1,0,0,67.67,0,Not Placed,0
STU2826,71.19,90.92,74.92,81.74,9.09,77.59,93.89,2,0,0,2,88.06,0,Placed,9.35
STU2827,66.04,60.68,63.44,60.59,7.38,53.41,54.71,1,1,0,0,62.02,1,Not Placed,0
STU2828,81.31,76.70,90.67,74.37,7.54,82.89,84.36,3,1,0,0,92.32,0,Placed,7.12
STU2829,53.01,69.62,71.04,65.73,7.04,56.16,67.39,0,0,0,0,75.74,2,Not Placed,0
STU2830,73.31,90.04,72.36,66.59,7.77,87.32,80.96,1,4,0,2,86.47,0,Placed,7.33
STU2831,62.54,70.96,73.67,49.35,5.53,68.88,53.54,1,1,0,0,66.00,0,Not Placed,0
STU2832,85.29,76.66,85.97,73.17,9.45,91.92,74.39,1,3,0,2,95.34,0,Placed,9.97
STU2833,63.85,58.16,72.83,47.81,6.72,68.55,72.72,1,0,0,0,75.65,1,Not Placed,0
STU2834,61.82,68.87,59.07,43.33,6.36,67.66,51.57,0,1,0,0,62.33,0,Not Placed,0
STU2835,72.25,83.65,93.50,73.22,7.79,81.05,71.50,0,3,0,2,84.25,0,Placed,7.09
STU2836,60.60,70.36,62.28,65.79,6.72,55.19,66.85,0,0,0,0,61.74,2,Not Placed,0
STU2837,77.86,89.40,90.81,69.80,8.63,82.92,87.25,2,2,0,2,91.11,0,Placed,9.83
STU2838,74.86,59.85,61.94,65.82,6.21,60.15,59.95,0,1,0,0,62.18,1,Not Placed,0
STU2839,71.23,72.91,72.23,54.08,6.12,59.10,56.22,1,1,0,0,73.67,0,Not Placed,0
STU2840,50.80,56.37,67.82,63.74,5.62,50.34,66.66,1,0,0,0,62.73,1,Not Placed,0
STU2841,81.43,70.98,87.61,79.03,9.23,84.73,84.78,0,3,0,2,95.70,0,Placed,8.29
STU2842,76.24,76.17,91.38,85.76,7.83,76.74,80.51,3,4,0,2,95.61,0,Placed,8.70
STU2843,75.78,74.34,70.47,85.05,9.71,93.76,73.18,2,4,6,0,85.98,0,Placed,10.03
STU2844,94.67,92.01,73.21,66.25,8.97,75.67,76.87,2,3,0,1,86.54,0,Placed,10.21
STU2845,64.13,70.20,69.13,62.27,5.57,63.64,70.68,0,0,0,0,62.02,1,Not Placed,0
STU2846,86.93,86.66,83.28,68.37,9.48,81.93,73.14,2,0,0,2,92.02,0,Placed,10.43
STU2847,71.96,55.29,62.72,68.42,7.43,69.54,71.09,0,0,0,0,67.72,2,Not Placed,0
STU2848,65.29,54.64,69.03,46.14,6.80,54.01,53.32,1,0,0,0,71.42,2,Not Placed,0
STU2849,82.54,70.38,81.17,77.23,7.91,91.16,88.32,1,1,0,0,82.45,0,Placed,7.47
STU2850,92.46,92.00,92.66,85.76,8.02,89.78,75.87,2,1,0,0,94.66,0,Placed,8.05
STU2851,71.42,71.18,61.51,40.32,5.96,55.97,54.01,1,0,0,0,60.59,1,Not Placed,0
STU2852,75.30,80.80,81.93,81.32,8.00,78.29,87.29,3,0,0,1,80.55,0,Placed,9.09
STU2853,75.66,79.32,76.87,92.95,8.67,88.29,85.36,3,3,0,2,82.84,0,Placed,9.52
STU2854,51.25,69.29,68.91,46.36,6.82,60.69,68.92,1,1,0,0,66.10,0,Not Placed,0
STU2855,51.91,66.61,58.32,42.87,5.75,61.57,70.68,0,1,0,0,73.71,2,Not Placed,0
STU2856,75.85,93.99,70.70,71.52,8.78,91.95,88.86,2,0,0,2,92.26,0,Placed,8.96
STU2857,72.77,52.69,54.96,68.72,7.47,67.77,50.47,1,1,0,0,72.24,2,Not Placed,0
STU2858,79.88,90.98,78.48,87.85,7.51,85.69,73.00,1,2,0,2,82.39,0,Placed,7.02
STU2859,91.86,77.02,89.77,65.60,9.84,86.44,91.14,0,2,0,1,89.22,0,Placed,9.50
STU2860,68.53,71.35,56.37,44.20,7.26,68.83,71.42,0,1,0,0,78.91,2,Not Placed,0
STU2861,70.98,85.09,76.39,66.91,8.08,85.19,92.04,2,0,10,1,91.83,0,Placed,8.63
STU2862,53.12,70.57,72.86,62.43,6.06,54.01,56.39,1,0,0,0,63.73,1,Not Placed,0
STU2863,77.84,78.80,80.43,94.65,8.28,91.13,82.77,3,1,0,0,91.94,0,Placed,9.57
STU2864,84.11,70.65,76.54,86.60,9.13,94.06,91.13,3,2,0,1,95.41,0,Placed,9.66
STU2865,91.73,72.03,91.65,70.81,8.63,78.91,87.67,2,0,0,0,87.42,0,Placed,9.33
STU2866,79.97,70.72,85.38,82.52,8.51,87.40,87.88,0,3,0,0,90.79,0,Placed,7.88
STU2867,89.60,90.02,91.66,94.88,9.12,82.16,78.01,2,0,0,2,89.08,0,Placed,9.63
STU2868,77.08,82.26,71.63,75.66,7.95,88.95,83.13,3,4,0,1,96.81,0,Placed,9.21
STU2869,82.20,88.56,75.53,83.69,8.97,80.07,91.27,3,0,0,1,86.93,0,Placed,9.34
STU2870,79.32,78.75,83.88,78.99,7.84,83.76,81.76,0,1,0,0,82.68,0,Placed,6.25
STU2871,88.18,78.59,91.65,86.75,8.15,75.80,91.83,2,2,0,0,83.45,0,Placed,9.05
STU2872,77.38,88.94,87.95,70.14,9.21,94.41,93.62,0,3,0,2,90.41,0,Placed,8.99
STU2873,73.73,86.69,74.14,82.18,8.58,94.02,72.22,3,1,0,1,94.32,0,Placed,9.53
STU2874,65.69,58.28,57.45,55.63,6.14,64.14,50.89,0,0,0,0,62.41,1,Not Placed,0
STU2875,74.53,82.40,71.72,84.95,8.63,79.76,93.70,0,0,0,0,92.88,0,Placed,8.81
STU2876,74.59,62.10,51.28,45.54,6.20,64.25,59.88,0,1,0,0,61.23,0,Not Placed,0
STU2877,76.61,76.32,77.54,85.00,9.58,76.26,71.00,1,3,0,2,85.16,0,Placed,10.79
STU2878,87.17,91.04,87.26,84.88,9.59,82.21,73.38,2,4,0,1,89.10,0,Placed,9.48
STU2879,79.21,89.99,85.29,83.83,8.86,94.33,70.59,2,1,0,0,90.85,0,Placed,8.72
STU2880,81.86,72.88,72.92,88.19,8.38,79.79,89.15,3,4,0,1,80.20,0,Placed,9.03
STU2881,57.50,57.47,68.06,67.53,5.55,56.71,50.29,1,0,0,0,68.56,2,Not Placed,0
STU2882,80.78,74.37,83.82,78.66,8.65,79.00,75.44,2,3,0,1,91.88,0,Placed,9.12
STU2883,76.85,84.64,93.61,82.36,8.13,89.73,77.01,0,3,0,2,93.46,0,Placed,7.97
STU2884,91.44,85.92,92.37,78.56,7.52,94.22,93.48,2,4,0,1,91.30,0,Placed,8.15
STU2885,82.19,70.40,92.33,69.22,9.37,89.36,77.88,3,0,0,0,83.81,0,Placed,10.75
STU2886,88.42,70.02,90.76,86.25,9.72,87.96,74.74,0,0,0,2,80.31,0,Placed,9.75
STU2887,74.24,56.76,53.82,49.02,5.65,66.48,57.98,0,1,0,0,78.51,1,Not Placed,0
STU2888,91.25,75.21,93.03,70.07,9.38,75.49,86.32,2,2,0,1,94.83,0,Placed,9.16
STU2889,78.44,72.80,77.94,90.18,8.39,78.40,81.46,2,4,0,1,94.72,0,Placed,7.69
STU2890,74.76,85.18,72.36,79.80,9.51,75.89,80.74,0,1,0,2,94.43,0,Placed,9.81
STU2891,84.13,82.89,72.47,91.30,8.62,92.31,72.60,0,3,0,1,80.05,0,Placed,8.34
STU2892,51.10,56.22,74.37,52.60,5.63,57.75,60.60,0,1,0,0,65.97,2,Not Placed,0
STU2893,59.59,65.02,57.73,43.62,6.04,63.72,64.11,0,0,0,0,76.43,0,Not Placed,0
STU2894,83.40,92.89,79.82,68.67,7.58,76.14,85.70,2,1,0,0,83.18,0,Placed,6.73
STU2895,91.36,83.46,73.81,87.98,9.85,88.67,75.89,0,2,0,0,82.93,0,Placed,10.76
STU2896,72.02,77.34,88.97,93.98,9.41,87.49,87.72,1,1,0,0,87.75,0,Placed,9.42
STU2897,68.42,54.91,53.51,43.22,5.98,66.13,53.11,1,0,0,0,61.32,0,Not Placed,0
STU2898,81.76,89.82,76.06,91.70,9.59,92.39,73.14,3,4,0,2,92.56,0,Placed,11.30
STU2899,78.01,83.16,88.70,83.44,8.64,87.07,83.77,1,2,0,1,82.85,0,Placed,9.05
STU2900,94.77,86.02,70.76,71.24,9.85,76.49,75.50,2,4,0,2,90.29,0,Placed,9.89
STU2901,78.27,77.95,79.68,88.61,8.48,83.72,76.19,0,1,0,0,96.59,0,Placed,7.30
STU2902,93.17,85.97,82.48,93.35,8.01,86.62,89.02,2,0,0,1,87.61,0,Placed,7.41
STU2903,75.70,83.85,75.76,90.26,9.09,81.96,73.02,2,3,0,0,83.78,0,Placed,9.50
STU2904,89.97,86.36,74.80,94.42,8.70,84.49,83.49,0,0,11,1,80.96,0,Placed,8.50
STU2905,86.79,78.75,89.46,76.43,9.30,75.30,90.85,3,4,0,0,87.64,0,Placed,9.50
STU2906,81.61,85.97,90.18,76.11,8.29,76.47,75.07,1,3,6,0,95.72,0,Placed,7.97
STU2907,90.23,93.12,83.15,78.00,8.39,81.31,94.67,2,1,0,1,85.97,0,Placed,7.70
STU2908,50.64,63.69,62.63,67.02,6.34,57.67,51.10,1,0,0,0,62.43,0,Not Placed,0
STU2909,78.47,81.78,89.60,89.64,7.91,82.72,70.51,1,2,0,2,81.16,0,Placed,7.64
STU2910,80.46,77.92,82.19,83.50,8.23,82.80,71.40,1,3,0,2,87.13,0,Placed,8.30
STU2911,68.78,55.73,68.56,50.10,6.89,68.14,52.11,0,0,0,0,60.07,1,Not Placed,0
STU2912,92.16,78.37,93.54,81.95,8.20,89.91,93.91,1,3,4,0,93.70,0,Placed,7.35
STU2913,82.05,80.97,94.52,67.29,8.40,90.43,92.37,0,3,0,2,94.45,0,Placed,7.78
STU2914,84.44,80.25,71.93,78.87,8.17,87.26,82.58,1,1,0,2,89.76,0,Placed,7.30
STU2915,54.01,64.73,72.13,50.62,7.46,56.19,70.40,1,0,0,0,78.67,0,Not Placed,0
STU2916,72.64,86.92,70.43,82.68,9.16,89.99,80.67,2,2,8,0,96.60,0,Placed,10.22
STU2917,72.49,80.84,77.01,77.53,9.48,77.99,86.90,0,2,0,2,82.61,0,Placed,10.06
STU2918,51.40,71.41,54.18,43.20,6.92,63.21,74.60,0,0,0,0,70.07,2,Not Placed,0
STU2919,75.11,70.17,73.07,93.11,8.48,78.23,83.62,2,1,0,1,96.15,0,Placed,8.16
STU2920,50.97,52.12,52.75,48.54,6.32,59.87,69.07,0,0,0,0,64.01,2,Not Placed,0
STU2921,80.00,78.47,81.87,88.31,8.18,76.94,87.64,3,3,0,1,92.74,0,Placed,7.84
STU2922,67.17,72.55,53.37,51.25,7.05,69.87,68.61,1,1,0,0,75.68,2,Not Placed,0
STU2923,53.03,58.13,69.67,66.75,5.88,66.69,60.83,1,1,0,0,78.11,1,Not Placed,0
STU2924,91.48,70.55,74.85,94.28,9.65,83.16,71.79,1,0,0,2,91.22,0,Placed,10.68
STU2925,74.14,74.68,81.66,72.87,8.59,81.74,79.44,0,1,0,1,98.38,0,Placed,8.16
STU2926,87.53,89.19,75.39,89.09,9.44,93.72,70.96,1,2,0,1,94.10,0,Placed,9.34
STU2927,88.53,76.42,83.81,82.43,9.08,83.31,79.98,2,3,0,1,98.10,0,Placed,9.34
STU2928,93.45,75.49,81.96,86.06,8.99,92.29,77.25,3,0,0,1,81.26,0,Placed,10.39
STU2929,55.54,66.38,65.07,66.82,7.27,60.22,72.29,0,1,0,0,69.60,1,Not Placed,0
STU2930,72.42,86.17,71.28,70.64,8.51,81.03,92.39,3,0,0,0,87.16,0,Placed,8.92
STU2931,56.13,73.72,65.32,45.38,5.98,56.90,53.76,1,1,0,0,68.03,1,Not Placed,0
STU2932,92.84,77.21,81.42,89.18,9.33,80.25,77.66,0,4,10,1,95.00,0,Placed,8.05
STU2933,84.96,79.35,75.43,81.44,8.20,78.84,91.55,0,1,0,0,92.83,0,Placed,6.75
STU2934,55.98,65.40,52.84,65.04,6.74,55.96,65.39,1,1,0,0,72.02,0,Not Placed,0
STU2935,72.16,86.25,77.14,86.43,9.10,80.18,90.87,2,1,5,2,90.84,0,Placed,10.23
STU2936,79.00,72.47,87.92,65.23,9.37,77.94,90.83,0,4,0,0,96.57,0,Placed,8.76
STU2937,58.90,72.14,74.91,54.70,6.39,55.45,70.03,0,1,0,0,67.06,1,Not Placed,0
STU2938,75.81,77.51,93.63,77.56,7.87,87.55,75.33,3,3,0,1,89.52,0,Placed,7.81
STU2939,55.08,66.14,71.29,43.69,6.64,55.31,67.61,0,0,0,0,66.86,2,Not Placed,0
STU2940,81.62,80.54,78.87,87.54,9.34,92.43,71.09,2,1,0,1,87.84,0,Placed,10.78
STU2941,63.80,54.40,51.97,48.17,6.01,65.59,74.68,0,1,0,0,68.71,2,Not Placed,0
STU2942,82.01,71.20,82.95,83.42,8.14,84.33,94.30,0,1,0,0,84.06,0,Placed,7.16
STU2943,71.77,77.16,76.18,94.61,7.89,92.97,70.24,3,1,5,1,94.45,0,Placed,7.54
STU2944,70.78,63.16,62.96,41.55,5.95,57.67,63.42,0,0,0,0,70.67,2,Not Placed,0
STU2945,52.61,74.52,61.28,62.63,6.14,68.18,60.58,0,0,0,0,61.06,1,Not Placed,0
STU2946,60.40,71.29,70.41,50.68,7.61,60.45,58.05,1,1,0,0,61.52,1,Not Placed,0
STU2947,74.97,58.70,56.63,54.53,7.48,57.29,63.41,0,0,0,0,62.28,0,Not Placed,0
STU2948,82.71,71.88,78.12,79.47,9.01,89.95,85.14,1,1,0,1,80.07,0,Placed,8.65
STU2949,73.26,77.12,89.91,81.72,9.02,78.07,92.51,2,4,2,0,92.03,0,Placed,10.51
STU2950,70.79,73.49,71.31,63.11,5.68,58.82,57.79,0,1,0,0,72.33,0,Not Placed,0
STU2951,81.00,72.57,88.04,69.27,9.77,84.76,75.05,0,0,0,1,88.11,0,Placed,9.69
STU2952,84.05,73.75,73.67,88.54,8.37,86.93,75.94,3,4,0,1,89.88,0,Placed,8.53
STU2953,87.42,77.73,89.83,78.75,9.53,91.42,75.57,1,0,0,2,82.43,0,Placed,10.62
STU2954,78.20,74.71,74.62,69.96,7.62,92.59,77.55,1,3,0,2,86.64,0,Placed,6.71
STU2955,72.33,69.26,63.62,47.31,7.86,68.18,63.01,1,1,0,0,61.34,1,Not Placed,0
STU2956,92.54,74.43,78.10,70.43,7.84,82.57,76.49,0,3,0,0,82.25,0,Placed,6.97
STU2957,93.78,70.21,92.35,79.49,9.49,87.89,87.66,2,4,0,2,86.50,0,Placed,9.39
STU2958,87.42,93.18,81.46,87.94,7.92,87.91,76.15,3,2,0,2,96.94,0,Placed,8.97
STU2959,89.70,83.27,93.17,77.50,9.58,80.83,84.71,2,0,0,1,91.31,0,Placed,10.18
STU2960,77.90,74.00,84.51,86.56,9.67,87.59,90.00,2,2,0,1,92.23,0,Placed,10.12
STU2961,65.00,55.03,53.50,54.16,6.78,67.26,58.27,0,0,0,0,62.57,1,Not Placed,0
STU2962,74.25,94.09,88.86,84.73,7.51,80.29,81.01,1,0,0,0,82.29,0,Placed,6.31
STU2963,60.05,74.91,54.49,42.66,7.13,57.12,58.29,1,1,0,0,74.07,0,Not Placed,0
STU2964,72.29,94.66,93.81,71.74,9.37,81.08,73.98,3,3,0,0,84.83,0,Placed,10.70
STU2965,71.67,70.82,93.44,76.72,7.85,75.98,84.93,2,4,0,0,80.32,0,Placed,7.48
STU2966,75.65,94.04,81.87,76.46,9.80,77.47,70.20,0,1,0,2,97.87,0,Placed,9.58
STU2967,80.66,81.30,91.30,78.30,7.95,83.17,77.52,2,4,4,1,81.42,0,Placed,7.47
STU2968,91.95,73.35,73.37,70.16,8.45,89.78,81.57,1,3,0,1,83.41,0,Placed,8.40
STU2969,75.27,75.90,94.16,94.77,8.30,86.84,78.12,3,4,0,1,95.54,0,Placed,8.85
STU2970,83.70,70.25,74.22,72.85,7.80,94.71,76.53,2,4,5,0,82.31,0,Placed,7.97
STU2971,77.13,78.62,79.54,84.16,7.79,88.91,94.68,0,4,0,0,84.28,0,Placed,7.33
STU2972,91.31,92.48,72.14,92.15,9.32,84.38,72.31,2,1,6,2,88.25,0,Placed,9.21
STU2973,69.57,57.43,64.14,51.94,6.91,67.21,67.85,1,0,0,0,63.12,0,Not Placed,0
STU2974,73.78,73.71,73.06,88.28,7.55,85.33,86.73,3,0,0,1,98.41,0,Placed,7.26
STU2975,75.08,73.27,82.36,74.22,9.46,78.08,81.69,2,4,0,0,96.87,0,Placed,10.25
STU2976,94.37,90.80,75.03,81.01,8.00,94.00,87.03,1,1,5,1,92.67,0,Placed,8.08
STU2977,84.64,90.21,80.85,88.61,9.24,92.05,81.58,1,3,0,1,95.25,0,Placed,9.76
STU2978,74.24,58.14,57.46,49.01,7.60,56.86,60.41,0,1,0,0,60.98,2,Not Placed,0
STU2979,79.36,83.41,83.29,80.38,9.64,75.99,70.06,0,4,0,2,88.43,0,Placed,8.56
STU2980,70.19,52.25,50.74,68.19,7.31,56.89,69.43,1,1,0,0,76.57,0,Not Placed,0
STU2981,83.30,70.70,77.82,92.73,9.65,78.84,87.77,0,1,0,1,94.64,0,Placed,10.40
STU2982,54.43,55.72,68.41,46.70,6.78,63.03,60.45,1,1,0,0,70.57,1,Not Placed,0
STU2983,86.34,90.92,94.02,68.38,8.41,82.85,80.24,0,1,8,2,97.04,0,Placed,7.59
STU2984,56.99,58.74,51.51,49.68,6.67,68.82,52.33,1,1,0,0,71.36,0,Not Placed,0
STU2985,93.61,80.30,75.28,88.96,7.58,81.11,82.19,0,3,7,2,91.14,0,Placed,6.20
STU2986,77.52,94.26,82.44,90.18,8.38,92.07,81.26,3,2,6,1,84.38,0,Placed,9.10
STU2987,75.35,78.44,87.26,94.08,8.36,91.01,79.24,0,3,0,0,84.33,0,Placed,6.90
STU2988,57.50,52.56,65.83,63.77,6.43,52.68,52.44,0,0,0,0,71.24,0,Not Placed,0
STU2989,63.46,59.34,61.84,47.41,7.59,59.30,51.17,0,1,0,0,70.43,0,Not Placed,0
STU2990,79.64,94.35,76.82,91.40,8.54,92.22,91.33,1,0,0,0,80.15,0,Placed,8.46
STU2991,75.24,90.94,94.34,80.85,7.60,92.75,74.65,0,2,0,1,80.99,0,Placed,7.06
STU2992,60.63,53.66,60.14,43.93,6.49,56.76,59.33,1,0,0,0,77.77,2,Not Placed,0
STU2993,53.89,61.14,51.16,64.03,7.58,58.66,74.90,0,1,0,0,77.66,0,Not Placed,0
STU2994,77.96,83.26,91.13,85.81,9.32,77.95,87.63,0,3,0,1,85.55,0,Placed,8.11
STU2995,78.70,92.33,78.92,80.37,7.64,80.02,84.89,3,4,3,2,82.77,0,Placed,8.54
STU2996,53.04,57.78,64.53,51.55,6.48,58.92,68.26,0,1,0,0,67.91,0,Not Placed,0
STU2997,83.87,71.81,75.11,81.94,9.23,86.09,81.03,2,3,0,2,97.40,0,Placed,9.33
STU2998,59.30,54.56,65.90,46.40,7.78,52.63,71.76,0,0,0,0,63.18,1,Not Placed,0
STU2999,70.37,80.98,78.50,91.04,8.49,86.82,84.85,2,2,0,2,94.78,0,Placed,8.71
STU3000,88.72,78.06,85.88,74.37,8.28,90.73,94.04,0,4,9,1,93.36,0,Placed,6.77
STU3001,71.45,57.13,53.62,62.03,5.82,67.73,67.53,0,0,0,0,63.45,0,Not Placed,0
STU3002,54.78,58.75,67.51,63.42,5.97,55.55,55.84,1,1,0,0,78.94,1,Not Placed,0
STU3003,66.00,73.32,60.44,65.39,5.75,57.14,50.25,1,1,0,0,70.09,2,Not Placed,0
STU3004,77.49,75.51,82.14,85.71,9.65,82.28,85.11,1,4,0,2,80.95,0,Placed,10.06
STU3005,88.60,87.95,83.08,75.29,7.90,83.12,80.57,3,3,0,2,97.04,0,Placed,8.61
STU3006,64.17,73.29,64.77,46.33,5.71,69.65,57.13,0,0,0,0,78.76,2,Not Placed,0
STU3007,83.75,83.90,78.34,83.61,8.16,79.83,91.99,3,2,0,2,83.86,0,Placed,8.20
STU3008,86.68,79.59,72.06,85.59,9.52,91.03,74.30,1,2,0,0,93.21,0,Placed,8.83
STU3009,75.67,73.62,94.75,70.73,9.72,81.19,71.74,1,4,0,0,82.96,0,Placed,10.59
STU3010,81.12,89.29,73.67,93.27,8.44,94.64,80.07,2,0,0,0,96.48,0,Placed,8.34
STU3011,85.18,94.02,93.57,74.50,9.13,92.87,81.95,3,3,0,2,89.19,0,Placed,10.00
STU3012,73.72,92.06,78.71,93.01,7.53,85.84,78.30,2,4,0,1,84.97,0,Placed,7.18
STU3013,56.01,60.99,52.48,65.61,6.64,56.49,72.35,1,1,0,0,61.08,2,Not Placed,0
STU3014,75.00,82.08,88.49,69.16,7.96,85.68,79.67,2,4,1,1,83.72,0,Placed,7.04
STU3015,74.10,58.98,64.60,51.05,6.61,65.00,57.19,1,0,0,0,60.94,1,Not Placed,0
STU3016,74.37,82.61,71.35,87.64,8.23,85.30,79.03,0,3,4,2,89.92,0,Placed,7.83
STU3017,70.51,87.40,71.16,72.62,7.78,81.11,91.94,3,0,0,0,95.17,0,Placed,7.47
STU3018,54.48,64.23,57.98,61.29,6.36,57.58,68.17,1,1,0,0,66.80,2,Not Placed,0
STU3019,88.56,86.09,76.26,65.37,9.60,75.30,92.95,3,0,0,1,82.55,0,Placed,11.86
STU3020,58.10,64.33,74.24,52.63,6.14,51.44,56.21,0,0,0,0,75.28,0,Not Placed,0
STU3021,79.47,82.71,70.01,65.19,9.05,93.70,92.75,0,3,0,0,91.46,0,Placed,9.08
STU3022,94.11,86.94,83.00,70.67,8.62,90.63,88.28,0,1,0,1,96.47,0,Placed,8.15
STU3023,79.41,73.15,71.02,72.00,8.06,78.52,73.88,2,2,0,1,94.02,0,Placed,7.09
STU3024,73.41,72.26,73.87,68.11,8.36,88.41,78.91,3,3,8,0,89.29,0,Placed,8.99
STU3025,70.10,59.12,53.61,58.34,5.93,59.24,50.06,1,0,0,0,76.87,2,Not Placed,0
STU3026,91.42,80.30,79.47,65.20,7.80,86.26,77.21,1,3,7,0,91.25,0,Placed,6.64
STU3027,86.64,70.28,71.28,65.96,8.45,85.58,80.74,1,4,9,2,92.91,0,Placed,7.56
STU3028,83.08,80.29,74.62,67.65,8.62,90.08,92.68,3,0,0,1,88.34,0,Placed,8.92
STU3029,86.55,90.26,92.94,67.70,9.11,94.71,82.70,3,1,0,2,83.97,0,Placed,10.67
STU3030,50.44,60.62,60.21,59.03,5.98,57.45,71.35,0,1,0,0,73.99,0,Not Placed,0
STU3031,64.53,71.76,71.19,53.74,6.49,62.84,56.96,0,1,0,0,77.02,0,Not Placed,0
STU3032,56.13,73.48,54.10,54.05,7.12,60.28,60.83,1,0,0,0,71.09,0,Not Placed,0
STU3033,85.20,74.86,73.76,75.11,9.36,83.41,76.87,0,3,0,0,96.67,0,Placed,8.88
STU3034,91.49,78.19,76.62,71.66,9.14,80.77,79.99,2,0,2,1,87.00,0,Placed,10.30
STU3035,80.37,92.34,94.99,92.64,9.35,87.28,72.69,1,0,0,2,95.68,0,Placed,8.82
STU3036,86.96,94.93,92.93,86.72,7.64,83.95,74.90,1,1,0,0,92.99,0,Placed,7.89
STU3037,58.56,55.18,53.39,51.91,6.38,50.64,73.03,1,0,0,0,74.51,2,Not Placed,0
STU3038,84.58,79.66,83.33,90.34,8.83,84.54,94.95,3,3,0,0,89.71,0,Placed,9.35
STU3039,85.54,94.14,70.47,65.43,8.78,94.19,89.97,0,4,0,2,98.70,0,Placed,8.26
STU3040,52.42,73.89,50.54,49.95,5.91,64.84,71.31,0,0,0,0,69.15,2,Not Placed,0
STU3041,67.75,57.28,53.91,62.43,5.64,55.02,63.21,0,0,0,0,65.74,0,Not Placed,0
STU3042,55.22,74.49,72.13,43.62,6.68,62.07,52.10,0,1,0,0,63.02,2,Not Placed,0
STU3043,80.55,77.75,92.40,81.92,8.12,77.53,76.75,0,0,0,2,84.99,0,Placed,6.56
STU3044,82.73,75.22,78.42,80.47,8.47,89.73,73.41,3,1,0,2,95.10,0,Placed,9.45
STU3045,71.32,94.04,77.31,93.55,9.48,89.42,80.62,0,3,0,2,81.50,0,Placed,8.86
STU3046,79.51,80.69,84.25,72.19,9.06,82.61,91.00,1,0,6,0,92.93,0,Placed,9.77
STU3047,72.41,77.32,79.04,68.93,8.46,86.39,86.94,0,3,0,0,80.74,0,Placed,7.28
STU3048,87.15,90.03,80.12,93.78,8.50,91.36,90.72,0,3,0,0,84.25,0,Placed,8.35
STU3049,93.11,80.91,71.08,80.82,8.16,91.96,78.99,1,3,0,0,85.28,0,Placed,8.30
STU3050,92.31,76.79,76.70,75.74,8.71,93.86,92.21,2,0,0,1,95.71,0,Placed,9.08
STU3051,76.13,77.74,80.54,75.16,8.56,87.73,89.90,2,3,0,0,82.19,0,Placed,8.83
STU3052,83.71,72.17,82.78,67.76,9.08,83.28,70.48,0,1,8,0,93.05,0,Placed,8.15
STU3053,71.84,93.73,75.09,66.62,8.76,91.60,71.61,0,2,0,0,89.81,0,Placed,7.50
STU3054,74.35,88.31,71.25,71.41,9.21,88.00,94.97,3,4,0,0,93.04,0,Placed,10.58
STU3055,52.12,64.17,69.01,59.23,6.76,64.83,73.92,0,0,0,0,68.98,0,Not Placed,0
STU3056,55.52,52.58,56.98,59.14,5.54,62.20,67.71,0,1,0,0,62.33,1,Not Placed,0
STU3057,87.22,84.09,76.07,85.20,9.26,80.44,83.59,3,4,0,1,85.59,0,Placed,9.94
STU3058,58.20,69.49,62.45,48.43,7.47,59.69,61.14,0,1,0,0,63.29,2,Not Placed,0
STU3059,74.49,62.44,56.96,43.10,5.61,66.81,66.55,0,0,0,0,75.51,2,Not Placed,0
STU3060,73.59,86.20,94.53,88.30,9.09,82.93,77.16,3,1,2,2,90.25,0,Placed,10.37
STU3061,81.09,71.53,85.28,67.82,8.74,86.20,82.66,0,2,0,0,87.19,0,Placed,8.62
STU3062,64.23,56.43,72.67,49.97,7.57,60.07,71.74,1,0,0,0,70.08,0,Not Placed,0
STU3063,52.00,63.80,66.42,40.60,7.36,66.49,58.77,1,1,0,0,64.88,2,Not Placed,0
STU3064,94.92,89.35,91.04,83.67,8.26,75.85,89.59,0,0,0,0,94.05,0,Placed,7.49
STU3065,94.76,85.12,73.35,75.20,9.85,86.97,80.80,3,1,0,2,83.21,0,Placed,12.01
STU3066,73.22,90.13,71.54,84.28,7.52,84.65,80.30,2,1,1,1,89.69,0,Placed,7.81
STU3067,85.99,78.21,90.24,79.67,8.83,76.53,92.69,0,3,0,0,96.64,0,Placed,9.19
STU3068,78.53,85.24,85.03,76.34,7.74,80.02,94.03,2,2,0,1,95.97,0,Placed,6.65
STU3069,92.71,89.38,77.37,90.63,8.32,88.85,70.39,0,2,0,0,81.55,0,Placed,7.94
STU3070,73.85,85.98,91.97,92.90,9.35,83.55,85.50,0,1,0,1,90.84,0,Placed,9.18
STU3071,91.81,82.56,72.73,69.39,9.51,84.62,86.48,0,1,0,0,81.79,0,Placed,8.56
STU3072,73.04,79.53,93.09,88.40,7.55,83.81,76.10,0,0,0,0,98.02,0,Placed,6.16
STU3073,63.75,62.53,52.83,56.22,6.85,61.04,72.31,0,1,0,0,73.71,2,Not Placed,0
STU3074,91.99,74.42,81.62,71.73,8.27,79.93,70.52,1,2,0,1,98.33,0,Placed,7.27
STU3075,77.04,72.98,86.18,74.29,9.63,79.02,94.41,0,4,2,0,82.84,0,Placed,8.97
STU3076,82.27,86.32,87.59,72.47,8.38,83.51,72.72,2,2,2,0,93.74,0,Placed,7.65
STU3077,81.77,86.18,83.17,79.81,9.43,80.93,82.70,2,2,0,0,91.29,0,Placed,11.07
STU3078,89.53,78.47,90.05,71.31,9.70,87.85,72.10,3,2,0,0,96.52,0,Placed,10.12
STU3079,82.69,88.98,87.23,73.09,8.71,93.19,90.11,1,4,9,1,87.00,0,Placed,7.90
STU3080,69.20,64.32,58.62,51.06,7.81,53.93,54.34,1,1,0,0,67.90,2,Not Placed,0
STU3081,83.40,89.92,92.12,82.76,7.75,76.94,79.18,1,4,0,1,81.82,0,Placed,6.18
STU3082,53.43,52.67,62.57,66.78,6.00,52.66,69.20,0,1,0,0,66.83,2,Not Placed,0
STU3083,85.92,91.56,85.81,72.63,8.98,93.78,79.55,0,3,0,1,85.62,0,Placed,9.37
STU3084,81.65,76.57,94.40,69.25,9.43,87.90,90.03,0,3,0,0,83.12,0,Placed,9.22
STU3085,63.31,50.65,60.82,53.87,7.30,69.16,58.56,0,1,0,0,60.52,2,Not Placed,0
STU3086,70.52,75.82,92.33,78.34,8.37,92.18,73.94,2,0,0,2,95.70,0,Placed,8.47
STU3087,56.71,52.06,53.48,40.33,7.04,63.49,53.74,1,0,0,0,75.66,0,Not Placed,0
STU3088,72.93,64.88,60.76,42.11,6.49,68.33,60.09,0,0,0,0,70.11,2,Not Placed,0
STU3089,62.31,55.21,51.00,52.62,7.04,56.97,50.70,1,1,0,0,72.67,0,Not Placed,0
STU3090,55.50,69.36,65.76,63.66,7.46,56.00,65.00,1,1,0,0,76.71,0,Not Placed,0
STU3091,88.56,88.81,90.44,88.77,9.16,88.29,84.89,0,1,0,0,90.70,0,Placed,8.11
STU3092,76.44,79.81,80.87,85.29,8.26,81.33,71.58,3,1,0,1,96.07,0,Placed,9.31
STU3093,66.33,68.52,73.84,57.09,6.29,61.87,62.22,0,0,0,0,74.94,2,Not Placed,0
STU3094,75.92,82.01,79.12,81.62,9.52,80.03,74.42,0,3,0,2,98.36,0,Placed,10.06
STU3095,77.05,92.67,87.73,65.62,9.64,93.01,81.19,3,0,0,2,98.07,0,Placed,10.90
STU3096,74.64,80.21,77.48,91.97,8.25,91.64,75.16,1,2,0,2,85.38,0,Placed,7.03
STU3097,74.84,78.48,89.78,79.58,8.07,87.03,91.57,3,0,9,0,92.86,0,Placed,7.97
STU3098,61.88,67.47,52.38,43.04,7.81,59.04,53.04,0,0,0,0,64.40,0,Not Placed,0
STU3099,86.63,80.90,72.56,77.93,8.04,84.60,80.59,0,3,0,2,98.06,0,Placed,6.56
STU3100,82.64,74.06,92.67,91.38,7.74,92.18,77.95,1,3,0,0,90.70,0,Placed,7.85
STU3101,78.19,91.59,80.15,69.70,7.73,94.03,74.58,2,2,0,2,82.84,0,Placed,8.53
STU3102,65.81,67.26,68.44,49.81,5.74,58.19,56.17,0,1,0,0,61.73,2,Not Placed,0
STU3103,70.93,85.33,86.99,91.97,7.61,77.35,70.05,1,2,0,2,91.87,0,Placed,5.97
STU3104,71.43,85.86,90.41,91.52,9.59,92.08,73.20,1,3,0,0,88.14,0,Placed,9.00
STU3105,83.65,76.77,88.38,84.98,8.22,76.83,70.19,0,4,0,0,95.37,0,Placed,7.94
STU3106,76.07,78.09,77.60,65.62,8.66,91.24,84.59,1,4,0,0,87.20,0,Placed,7.89
STU3107,93.63,81.82,70.55,70.26,8.25,82.82,94.77,1,0,0,1,87.49,0,Placed,7.18
STU3108,79.68,77.25,90.42,66.10,9.57,87.08,82.57,0,3,0,2,98.97,0,Placed,9.20
STU3109,84.74,78.35,74.34,93.98,9.04,80.52,93.42,0,2,0,0,81.28,0,Placed,8.63
STU3110,64.55,50.03,74.66,47.82,6.40,64.34,68.77,0,1,0,0,77.91,0,Not Placed,0
STU3111,89.01,90.52,82.31,78.69,9.70,79.27,94.99,0,1,0,1,85.82,0,Placed,8.58
STU3112,84.76,92.63,79.75,94.40,9.43,85.79,85.58,0,1,0,2,88.79,0,Placed,9.59
STU3113,54.50,70.96,68.86,55.57,7.48,66.73,53.26,0,0,0,0,75.82,1,Not Placed,0
STU3114,84.22,88.96,81.59,81.87,9.10,79.46,82.67,2,3,0,2,87.62,0,Placed,10.36
STU3115,84.53,79.16,92.67,75.96,9.04,80.59,79.26,3,2,0,2,82.91,0,Placed,10.95
STU3116,72.97,80.19,72.24,79.25,8.43,79.07,76.87,3,0,0,0,97.51,0,Placed,8.65
STU3117,73.17,74.21,84.55,81.04,9.51,89.32,79.80,1,3,0,1,98.00,0,Placed,9.46
STU3118,69.47,54.94,50.41,54.87,6.48,51.62,64.62,0,1,0,0,61.48,0,Not Placed,0
STU3119,81.47,75.42,84.91,78.75,9.39,76.75,86.03,3,2,0,0,82.76,0,Placed,9.89
STU3120,83.56,82.36,93.78,85.04,8.75,82.96,81.95,2,2,0,1,98.77,0,Placed,9.59
STU3121,64.33,74.83,69.33,67.86,7.03,57.45,57.57,1,1,0,0,72.55,0,Not Placed,0
STU3122,92.73,72.51,73.09,89.25,7.92,93.79,83.19,0,0,0,2,89.80,0,Placed,6.83
STU3123,80.93,75.21,81.31,74.74,8.33,92.17,72.77,3,3,0,1,81.46,0,Placed,8.42
STU3124,70.26,90.76,86.07,65.53,8.21,83.85,78.03,3,3,0,2,84.59,0,Placed,8.20
STU3125,73.86,68.37,65.49,60.98,7.69,57.98,56.22,0,1,0,0,70.26,1,Not Placed,0
STU3126,72.05,73.22,85.63,84.22,9.39,90.59,76.42,2,3,3,1,81.89,0,Placed,9.53
STU3127,79.72,81.02,72.81,74.44,9.27,78.43,90.51,2,0,2,0,88.60,0,Placed,9.86
STU3128,94.80,85.35,72.41,65.32,8.23,93.30,81.98,1,0,1,1,89.45,0,Placed,8.69
STU3129,60.13,51.24,57.73,43.88,5.53,57.94,68.11,1,1,0,0,77.63,1,Not Placed,0
STU3130,73.21,83.05,77.12,66.65,9.62,77.67,85.63,0,3,0,2,93.37,0,Placed,9.34
STU3131,56.68,50.92,56.64,50.40,6.31,54.48,60.99,0,1,0,0,73.12,0,Not Placed,0
STU3132,89.31,90.91,75.51,84.95,9.87,79.60,94.69,0,4,0,0,81.65,0,Placed,9.53
STU3133,86.84,87.26,91.80,65.09,9.10,91.87,87.67,0,4,0,1,87.42,0,Placed,8.11
STU3134,78.64,93.97,76.86,86.24,9.87,85.77,78.42,0,3,0,1,82.15,0,Placed,10.58
STU3135,62.14,52.48,50.90,46.35,5.83,62.13,54.99,1,1,0,0,77.99,1,Not Placed,0
STU3136,94.01,79.58,80.39,67.76,8.73,80.97,85.65,1,4,4,2,87.38,0,Placed,8.79
STU3137,74.78,53.99,50.38,53.94,7.18,69.30,72.65,1,0,0,0,70.09,2,Not Placed,0
STU3138,83.04,71.39,91.73,77.68,7.59,76.16,81.12,2,4,0,1,89.50,0,Placed,7.34
STU3139,82.02,90.41,85.29,69.71,9.55,82.49,71.90,1,4,0,0,83.73,0,Placed,9.83
STU3140,59.12,63.19,59.29,51.17,6.67,67.45,73.39,0,0,0,0,63.79,1,Not Placed,0
STU3141,80.59,89.43,75.57,67.55,9.84,94.74,88.62,3,3,0,2,85.07,0,Placed,10.56
STU3142,85.91,86.83,90.32,78.59,8.75,79.18,75.14,0,3,11,2,88.60,0,Placed,8.42
STU3143,54.59,61.50,56.44,40.58,7.67,68.05,68.85,0,0,0,0,63.52,0,Not Placed,0
STU3144,85.63,80.17,80.90,92.35,9.02,77.84,80.67,1,2,0,2,81.27,0,Placed,9.08
STU3145,81.52,71.18,92.79,79.42,8.64,90.48,81.00,0,2,0,0,87.53,0,Placed,8.12
STU3146,75.88,93.01,92.97,69.96,9.87,82.72,92.23,1,1,0,1,92.37,0,Placed,11.28
STU3147,76.26,89.58,71.17,92.48,7.92,78.52,90.83,0,0,0,1,93.60,0,Placed,7.73
STU3148,93.06,91.72,85.74,93.41,8.53,92.45,91.32,2,1,0,0,89.31,0,Placed,8.22
STU3149,73.17,81.56,86.25,90.94,9.32,81.61,84.06,3,1,0,0,84.12,0,Placed,9.60
STU3150,93.55,91.34,85.25,93.74,9.46,82.67,87.08,2,4,9,2,84.21,0,Placed,10.98
STU3151,55.98,55.09,73.28,69.40,6.16,57.78,70.17,1,1,0,0,78.25,2,Not Placed,0
STU3152,84.32,87.74,84.65,94.03,9.87,85.48,77.94,1,1,0,2,94.56,0,Placed,9.44
STU3153,71.80,79.75,71.55,84.99,8.47,92.69,84.47,3,4,0,2,93.35,0,Placed,9.86
STU3154,62.58,69.66,50.38,47.80,7.75,51.73,53.35,0,1,0,0,65.14,1,Not Placed,0
STU3155,68.52,57.33,50.47,47.84,6.37,57.80,64.54,1,1,0,0,64.92,1,Not Placed,0
STU3156,61.27,54.08,52.62,42.45,7.39,57.42,72.45,1,0,0,0,76.55,1,Not Placed,0
STU3157,74.43,90.55,91.32,84.61,8.85,77.46,81.12,3,3,0,1,90.73,0,Placed,9.80
STU3158,65.60,56.49,52.30,53.96,6.97,63.90,58.58,0,1,0,0,72.06,2,Not Placed,0
STU3159,85.75,72.88,88.81,94.59,7.72,91.78,78.36,0,1,0,2,93.75,0,Placed,5.93
STU3160,64.52,61.69,56.25,41.10,5.54,61.53,60.48,1,0,0,0,68.03,1,Not Placed,0
STU3161,92.73,93.46,85.92,79.77,8.50,77.84,86.12,3,1,1,2,90.06,0,Placed,9.27
STU3162,87.32,72.75,71.73,73.55,9.49,92.79,80.70,3,4,0,2,81.02,0,Placed,10.32
STU3163,67.11,67.28,69.15,42.50,6.25,68.48,62.90,0,1,0,0,66.55,0,Not Placed,0
STU3164,79.44,91.25,90.89,67.85,8.33,77.63,93.07,2,0,0,2,88.28,0,Placed,8.26
STU3165,74.39,85.35,89.72,78.17,7.66,83.20,80.11,3,2,0,2,81.42,0,Placed,7.19
STU3166,84.65,87.57,94.41,70.73,8.78,82.76,85.72,1,4,0,2,90.59,0,Placed,7.82
STU3167,79.19,94.99,73.04,78.79,8.94,77.63,78.61,1,1,0,1,89.62,0,Placed,8.61
STU3168,61.14,54.92,72.70,63.29,6.44,68.19,50.50,1,1,0,0,75.35,1,Not Placed,0
STU3169,65.81,72.48,67.98,58.05,7.01,66.79,61.95,0,0,0,0,67.40,2,Not Placed,0
STU3170,73.00,70.81,94.59,69.14,8.54,78.75,93.20,3,0,0,0,80.21,0,Placed,9.04
STU3171,87.40,84.04,78.26,89.12,8.68,90.18,88.58,0,1,9,1,96.86,0,Placed,8.98
STU3172,73.52,81.28,81.75,65.61,7.87,94.83,91.62,3,3,9,1,93.25,0,Placed,8.50
STU3173,50.36,63.24,72.48,53.16,6.89,67.73,56.18,0,0,0,0,65.11,1,Not Placed,0
STU3174,86.19,73.51,91.09,90.46,9.00,91.72,94.24,2,0,0,0,88.81,0,Placed,8.57
STU3175,92.68,79.12,88.65,88.70,8.90,82.10,81.53,1,2,0,0,80.97,0,Placed,9.44
STU3176,71.26,79.15,75.84,71.00,8.26,81.87,82.98,1,1,0,0,98.98,0,Placed,6.89
STU3177,65.43,72.28,56.69,59.54,6.57,61.26,57.28,0,0,0,0,71.95,1,Not Placed,0
STU3178,75.15,88.52,72.82,68.68,8.71,83.70,77.37,0,4,0,1,81.79,0,Placed,8.49
STU3179,73.55,72.92,76.27,72.54,8.03,93.82,84.90,0,3,0,1,86.36,0,Placed,6.71
STU3180,71.24,52.18,59.54,48.00,7.89,61.73,68.71,1,0,0,0,72.27,2,Not Placed,0
STU3181,83.55,79.03,74.67,81.48,7.66,89.08,86.92,2,4,0,1,90.11,0,Placed,7.43
STU3182,73.84,70.23,92.20,82.20,9.38,75.18,89.08,1,1,0,0,91.89,0,Placed,9.21
STU3183,84.40,79.21,90.28,70.01,9.89,81.01,87.42,1,0,0,2,80.71,0,Placed,10.03
STU3184,54.19,61.96,57.57,67.53,7.26,66.55,58.97,1,0,0,0,76.99,0,Not Placed,0
STU3185,50.89,54.42,57.24,68.64,6.29,54.77,61.92,1,1,0,0,76.52,2,Not Placed,0
STU3186,79.14,90.44,70.63,68.68,9.90,80.64,79.16,2,3,0,0,82.76,0,Placed,10.32
STU3187,68.68,65.18,55.49,42.10,7.37,65.27,68.41,0,0,0,0,61.11,1,Not Placed,0
STU3188,72.98,70.28,58.98,65.30,6.80,60.66,70.52,0,0,0,0,77.49,2,Not Placed,0
STU3189,68.69,73.83,64.17,47.79,6.05,52.38,56.97,0,0,0,0,69.57,1,Not Placed,0
STU3190,79.87,86.49,73.14,76.86,8.45,81.15,92.43,2,2,0,1,82.58,0,Placed,9.66
STU3191,78.77,85.75,79.59,79.51,9.18,84.87,81.60,2,0,0,1,95.37,0,Placed,10.09
STU3192,67.63,52.33,59.66,44.84,6.29,58.96,61.98,1,0,0,0,63.66,0,Not Placed,0
STU3193,56.60,63.28,69.40,61.03,6.96,60.04,68.93,0,0,0,0,76.80,2,Not Placed,0
STU3194,61.77,74.96,59.73,62.72,6.49,69.36,65.69,0,0,0,0,66.91,1,Not Placed,0
STU3195,83.38,70.13,87.48,66.69,9.84,86.36,79.44,2,3,0,2,86.07,0,Placed,11.57
STU3196,64.80,51.58,51.06,62.86,7.35,58.04,69.86,1,0,0,0,73.99,2,Not Placed,0
STU3197,65.09,55.56,55.75,67.72,5.98,55.10,67.67,1,1,0,0,62.47,0,Not Placed,0
STU3198,61.61,64.61,71.52,42.57,5.56,57.42,64.40,0,0,0,0,69.08,2,Not Placed,0
STU3199,75.02,93.88,71.15,91.48,8.26,90.60,84.10,0,2,0,0,97.60,0,Placed,7.35
STU3200,78.23,94.73,92.18,83.57,9.67,83.96,72.42,1,2,0,2,85.18,0,Placed,9.94
STU3201,68.53,59.73,67.27,56.46,7.83,62.52,51.59,0,0,0,0,71.31,2,Not Placed,0
STU3202,81.20,83.90,83.12,77.25,7.99,87.68,88.68,1,0,0,0,96.19,0,Placed,7.98
STU3203,72.44,78.44,76.92,80.85,7.50,92.37,81.66,1,1,0,2,96.61,0,Placed,7.57
STU3204,81.91,91.25,78.17,65.19,9.18,75.31,78.86,1,1,0,1,95.95,0,Placed,9.79
STU3205,72.15,94.30,73.30,86.84,9.84,83.82,92.73,2,0,0,0,88.54,0,Placed,11.57
STU3206,78.57,72.73,91.67,73.19,8.80,88.47,73.31,3,3,0,1,92.56,0,Placed,10.32
STU3207,89.38,70.40,93.62,75.10,8.87,81.71,72.75,0,4,0,2,91.56,0,Placed,7.84
STU3208,84.51,71.90,72.78,76.45,8.74,92.28,89.13,2,4,0,0,80.37,0,Placed,9.05
STU3209,94.45,83.39,80.09,93.59,9.07,77.68,90.32,0,2,0,2,82.36,0,Placed,9.01
STU3210,55.97,61.30,61.11,54.36,6.93,61.82,54.50,0,0,0,0,66.12,0,Not Placed,0
STU3211,64.36,53.68,63.53,55.45,7.17,55.30,50.36,1,1,0,0,74.37,2,Not Placed,0
STU3212,55.14,59.33,56.74,44.92,6.66,57.49,65.13,0,0,0,0,74.63,0,Not Placed,0
STU3213,74.51,66.13,55.09,55.67,6.94,60.52,73.47,0,0,0,0,69.46,2,Not Placed,0
STU3214,88.98,91.26,86.82,70.23,8.83,87.00,91.24,3,2,0,1,84.73,0,Placed,9.83
STU3215,71.25,59.66,60.28,57.37,5.59,60.07,50.54,1,1,0,0,73.98,0,Not Placed,0
STU3216,73.95,76.34,73.92,77.38,7.78,89.19,87.73,1,1,0,2,80.53,0,Placed,7.85
STU3217,80.63,94.87,79.17,67.03,8.59,85.07,76.60,0,0,0,2,86.10,0,Placed,8.63
STU3218,55.41,63.46,63.30,42.68,7.73,62.31,67.98,1,1,0,0,76.11,2,Not Placed,0
STU3219,59.54,62.96,70.77,69.65,6.38,54.72,70.33,0,1,0,0,67.19,0,Not Placed,0
STU3220,88.76,76.01,74.08,92.07,9.44,94.43,79.70,1,3,10,1,86.53,0,Placed,9.91
STU3221,69.13,52.12,72.26,67.18,5.93,63.67,57.14,0,1,0,0,61.87,1,Not Placed,0
STU3222,89.66,73.24,83.37,93.69,9.08,79.26,82.29,1,2,0,1,96.36,0,Placed,9.61
STU3223,78.82,82.76,94.59,94.73,8.11,93.82,75.28,0,0,0,0,83.37,0,Placed,7.88
STU3224,94.73,75.48,74.46,92.79,8.59,93.95,88.04,1,1,0,2,84.93,0,Placed,7.63
STU3225,72.84,78.64,70.58,76.10,9.27,80.16,86.55,1,3,6,1,90.10,0,Placed,9.50
STU3226,71.93,69.56,68.21,58.80,7.45,66.11,57.00,0,0,0,0,62.37,0,Not Placed,0
STU3227,76.99,87.53,88.69,86.03,8.50,77.31,85.07,0,1,0,2,94.29,0,Placed,8.40
STU3228,72.37,66.90,64.87,67.25,7.61,55.34,64.42,1,0,0,0,73.36,0,Not Placed,0
STU3229,75.71,88.88,74.13,94.73,9.15,80.86,86.64,1,3,0,0,87.02,0,Placed,9.76
STU3230,73.70,74.97,92.07,93.48,9.50,76.50,77.44,2,0,0,2,88.78,0,Placed,10.92
STU3231,55.39,69.76,61.53,46.84,5.78,55.82,53.92,1,0,0,0,69.25,0,Not Placed,0
STU3232,89.88,77.95,90.66,83.73,9.03,75.35,76.16,2,1,0,2,80.67,0,Placed,10.25
STU3233,93.81,89.25,81.30,67.05,7.51,84.94,70.58,3,0,0,1,83.46,0,Placed,7.12
STU3234,88.18,81.00,81.74,92.02,9.42,84.38,73.58,3,1,0,1,95.45,0,Placed,11.18
STU3235,72.47,86.72,91.88,72.20,8.90,93.30,90.11,3,2,0,0,84.62,0,Placed,10.82
STU3236,68.21,61.43,52.24,46.06,7.78,64.12,67.34,0,1,0,0,69.00,2,Not Placed,0
STU3237,83.73,88.66,75.84,89.00,8.93,88.42,85.86,0,0,5,2,80.99,0,Placed,8.97
STU3238,82.74,84.07,78.99,93.05,9.20,92.70,78.10,3,3,11,1,92.98,0,Placed,10.17
STU3239,92.89,75.90,86.00,88.53,8.31,84.41,86.78,3,4,0,1,83.18,0,Placed,9.72
STU3240,78.78,93.79,71.17,81.58,9.87,85.54,70.61,2,0,0,2,97.20,0,Placed,9.99
STU3241,72.55,55.97,70.53,62.41,6.32,51.78,73.81,0,0,0,0,68.60,1,Not Placed,0
STU3242,85.37,74.81,76.90,67.00,7.81,80.59,92.95,3,0,0,0,97.92,0,Placed,8.82
STU3243,86.26,94.53,72.22,91.44,8.14,84.27,76.58,1,0,5,0,89.56,0,Placed,8.39
STU3244,86.44,85.37,83.63,67.00,8.04,90.16,91.17,2,2,0,2,88.55,0,Placed,8.62
STU3245,59.74,61.83,67.37,67.41,5.82,54.07,71.18,0,0,0,0,63.92,1,Not Placed,0
STU3246,67.49,58.93,65.08,68.25,6.26,50.61,54.63,1,0,0,0,76.48,2,Not Placed,0
STU3247,61.86,55.96,51.07,65.64,6.04,65.16,52.84,1,1,0,0,72.32,0,Not Placed,0
STU3248,58.57,71.11,72.08,61.81,6.94,54.53,59.19,0,1,0,0,70.37,1,Not Placed,0
STU3249,60.24,59.60,59.48,67.61,7.83,57.61,73.30,0,0,0,0,67.56,2,Not Placed,0
STU3250,68.19,50.48,50.83,46.45,7.06,53.62,61.55,1,1,0,0,74.45,2,Not Placed,0
STU3251,85.73,86.98,78.04,69.46,9.51,88.41,82.68,2,2,9,0,92.24,0,Placed,10.26
STU3252,51.07,50.78,60.12,56.00,6.45,55.60,67.96,0,1,0,0,75.81,2,Not Placed,0
STU3253,81.31,94.19,89.95,77.38,9.17,94.11,93.56,1,3,0,2,96.64,0,Placed,8.64
STU3254,93.73,92.74,77.50,73.99,7.64,75.98,85.73,1,3,0,1,87.80,0,Placed,6.44
STU3255,91.73,88.59,71.40,93.77,8.27,93.63,94.48,3,0,0,0,93.20,0,Placed,9.41
STU3256,67.89,65.13,70.48,41.61,6.87,67.83,74.56,0,1,0,0,76.44,1,Not Placed,0
STU3257,85.65,73.99,83.58,90.40,8.50,89.61,90.66,2,1,0,1,83.23,0,Placed,8.29
STU3258,71.66,83.77,92.74,93.94,7.52,89.45,83.74,1,4,0,1,97.26,0,Placed,6.35
STU3259,88.20,78.67,91.23,66.22,7.80,78.86,91.24,3,4,0,1,82.69,0,Placed,7.28
STU3260,92.65,79.73,76.79,82.89,7.89,77.34,86.56,1,2,8,0,80.17,0,Placed,7.93
STU3261,92.25,73.71,74.06,83.51,8.78,79.12,76.31,2,4,0,0,96.18,0,Placed,8.60
STU3262,88.80,78.56,81.97,65.80,8.61,86.46,71.74,1,4,0,1,88.92,0,Placed,7.84
STU3263,71.71,75.88,93.86,77.97,8.34,85.91,79.53,0,4,0,2,82.11,0,Placed,6.66
STU3264,88.25,70.09,84.90,91.59,8.60,90.87,82.31,3,0,1,2,92.63,0,Placed,8.58
STU3265,63.87,59.83,60.65,65.24,7.07,64.47,55.67,1,0,0,0,63.89,1,Not Placed,0
STU3266,86.54,73.98,82.24,94.35,7.57,87.68,80.21,2,2,0,0,95.61,0,Placed,6.40
STU3267,76.82,70.78,86.34,70.99,7.95,83.40,90.39,3,4,3,0,85.01,0,Placed,8.52
STU3268,65.01,66.66,64.09,48.30,6.96,53.71,63.62,1,0,0,0,68.99,0,Not Placed,0
STU3269,67.77,50.27,51.91,62.88,6.99,50.56,66.32,0,1,0,0,65.26,1,Not Placed,0
STU3270,86.20,87.18,71.79,65.84,9.73,79.88,83.18,1,4,0,1,98.06,0,Placed,9.40
STU3271,73.43,67.16,52.52,68.43,6.15,69.78,71.51,0,1,0,0,72.46,1,Not Placed,0
STU3272,88.40,91.61,90.54,77.63,9.64,92.06,91.71,2,1,3,0,84.25,0,Placed,10.01
STU3273,93.89,91.31,74.98,72.51,9.16,88.98,79.51,3,4,0,1,82.51,0,Placed,11.00
STU3274,92.45,79.35,71.41,90.54,9.21,82.75,82.80,3,0,0,1,94.50,0,Placed,9.79
STU3275,79.09,73.32,88.37,81.36,9.32,93.89,75.01,3,3,0,2,97.25,0,Placed,10.37
STU3276,75.09,78.75,76.58,81.98,7.91,82.18,85.77,1,2,0,1,87.04,0,Placed,8.34
STU3277,76.82,77.13,73.75,73.74,7.80,86.67,87.50,1,4,0,2,98.49,0,Placed,6.25
STU3278,75.75,91.40,76.93,72.72,7.79,75.72,73.70,3,1,0,2,91.22,0,Placed,7.89
STU3279,70.46,65.51,58.06,43.16,5.81,62.29,63.48,1,1,0,0,78.48,2,Not Placed,0
STU3280,55.69,70.80,56.46,50.54,6.65,66.55,73.52,0,1,0,0,68.13,0,Not Placed,0
STU3281,73.62,72.43,73.51,76.54,8.59,87.49,73.20,2,3,0,1,81.65,0,Placed,9.12
STU3282,80.39,85.90,80.60,81.39,9.04,77.36,91.12,0,3,0,1,97.91,0,Placed,8.38
STU3283,73.82,79.19,84.12,65.05,9.20,86.89,73.42,3,4,0,0,89.35,0,Placed,9.42
STU3284,55.83,51.84,55.83,44.27,6.40,61.93,51.02,0,0,0,0,71.02,0,Not Placed,0
STU3285,54.95,50.41,56.25,50.48,5.65,54.19,73.29,0,1,0,0,76.07,0,Not Placed,0
STU3286,50.67,57.65,54.44,47.93,7.66,54.74,50.77,0,0,0,0,61.83,2,Not Placed,0
STU3287,93.78,87.81,92.03,86.23,8.43,90.19,82.67,2,3,1,1,91.37,0,Placed,9.11
STU3288,69.37,51.02,73.37,54.71,7.42,55.21,67.84,1,0,0,0,74.91,2,Not Placed,0
STU3289,89.84,85.40,73.53,81.92,8.85,85.48,91.88,3,0,0,0,87.27,0,Placed,10.23
STU3290,82.08,89.49,78.73,76.67,8.38,92.81,79.10,1,1,0,1,93.59,0,Placed,9.03
STU3291,60.71,65.63,63.13,68.22,6.78,55.02,65.79,1,0,0,0,73.79,0,Not Placed,0
STU3292,71.50,93.06,85.51,70.30,7.97,84.02,86.66,3,1,6,0,96.14,0,Placed,7.74
STU3293,73.89,72.54,87.48,69.27,9.26,94.74,72.07,1,3,0,2,87.14,0,Placed,8.96
STU3294,89.27,77.42,84.34,92.34,9.82,89.76,92.81,3,1,0,1,94.91,0,Placed,11.05
STU3295,80.02,78.39,80.65,92.51,8.62,87.51,84.38,2,4,6,2,84.22,0,Placed,9.64
STU3296,62.27,68.70,59.05,60.97,7.66,68.92,72.59,0,0,0,0,74.08,1,Not Placed,0
STU3297,93.96,83.91,72.05,90.14,9.14,78.69,91.45,1,4,0,2,81.19,0,Placed,9.74
STU3298,79.25,91.80,86.49,81.04,9.58,80.00,89.20,1,4,0,2,89.58,0,Placed,9.99
STU3299,70.94,52.59,64.43,68.08,6.53,68.50,51.62,1,0,0,0,70.00,2,Not Placed,0
STU3300,72.76,51.82,68.43,40.79,6.33,61.76,53.43,0,0,0,0,69.58,2,Not Placed,0
STU3301,50.46,52.19,62.77,62.44,7.10,55.02,66.12,1,0,0,0,73.56,1,Not Placed,0
STU3302,78.20,72.05,77.39,75.67,7.96,83.17,77.58,1,0,0,1,95.52,0,Placed,7.32
STU3303,70.55,60.09,67.82,53.06,7.64,69.69,74.90,1,0,0,0,60.59,1,Not Placed,0
STU3304,72.95,80.65,83.26,69.17,7.75,91.79,83.07,2,0,0,0,86.76,0,Placed,6.71
STU3305,61.53,60.17,71.59,44.47,6.81,57.94,55.37,1,0,0,0,60.07,2,Not Placed,0
STU3306,92.59,94.20,88.37,70.08,7.85,75.52,82.11,3,1,1,2,85.02,0,Placed,8.84
STU3307,80.00,94.80,89.23,90.47,7.69,87.22,76.60,3,1,0,2,86.11,0,Placed,7.53
STU3308,67.04,58.28,56.45,47.33,7.19,65.11,62.70,1,1,0,0,72.61,1,Not Placed,0
STU3309,80.00,78.86,74.76,79.69,8.16,88.59,85.68,3,4,0,2,95.14,0,Placed,8.02
STU3310,61.31,50.12,58.71,61.14,6.83,64.23,57.40,1,1,0,0,68.36,0,Not Placed,0
STU3311,76.46,74.56,94.94,88.43,9.74,75.41,77.96,3,3,0,0,84.42,0,Placed,10.98
STU3312,93.02,79.10,78.34,82.29,8.89,87.97,93.71,2,0,0,1,93.37,0,Placed,9.40
STU3313,65.38,70.57,63.77,42.22,6.44,65.67,61.44,1,1,0,0,66.93,1,Not Placed,0
STU3314,82.34,92.61,81.32,73.75,7.56,79.36,87.66,2,4,0,1,96.47,0,Placed,8.24
STU3315,52.82,67.78,68.89,66.78,6.56,65.35,70.62,1,1,0,0,76.33,2,Not Placed,0
STU3316,90.57,75.69,73.75,89.06,7.55,93.50,74.39,0,3,2,0,93.43,0,Placed,6.74
STU3317,82.18,82.15,85.17,67.50,9.14,81.55,84.31,3,3,0,0,85.27,0,Placed,10.95
STU3318,63.62,51.01,53.94,40.61,5.54,54.25,55.29,0,1,0,0,67.49,0,Not Placed,0
STU3319,74.62,89.70,72.85,73.88,7.77,87.46,79.60,2,2,0,0,83.13,0,Placed,7.84
STU3320,74.52,90.33,82.16,65.17,7.99,78.87,91.52,2,3,0,0,95.89,0,Placed,8.26
STU3321,87.17,71.88,72.97,73.75,9.39,76.63,74.95,3,0,0,2,95.69,0,Placed,10.03
STU3322,74.61,62.85,68.76,42.43,7.40,66.53,63.36,1,1,0,0,72.78,2,Not Placed,0
STU3323,87.09,82.84,79.03,93.84,9.44,94.16,85.64,2,0,0,0,82.69,0,Placed,10.69
STU3324,71.06,94.87,78.12,93.65,7.72,84.12,94.61,0,2,0,2,97.32,0,Placed,5.95
STU3325,59.12,60.98,67.11,60.30,7.53,59.07,58.02,0,0,0,0,74.02,0,Not Placed,0
STU3326,88.64,83.56,79.44,75.82,7.66,89.14,89.24,1,1,0,2,96.93,0,Placed,7.43
STU3327,93.17,86.50,72.13,72.68,8.93,82.58,90.83,2,3,0,2,98.51,0,Placed,10.02
STU3328,64.65,52.60,54.49,44.13,5.75,68.86,58.54,1,0,0,0,62.51,2,Not Placed,0
STU3329,73.82,77.97,76.34,85.31,8.14,76.21,86.99,3,4,8,2,95.03,0,Placed,9.02
STU3330,82.96,77.38,84.27,92.84,9.67,94.58,84.50,0,4,0,1,82.94,0,Placed,10.00
STU3331,70.88,61.43,65.09,41.87,6.04,59.65,51.79,1,0,0,0,69.31,2,Not Placed,0
STU3332,56.76,71.07,70.33,65.57,7.88,64.41,68.02,0,1,0,0,63.07,0,Not Placed,0
STU3333,53.85,66.62,58.72,67.62,6.68,52.15,55.96,0,1,0,0,77.94,0,Not Placed,0
STU3334,58.49,61.61,65.77,69.95,6.90,61.05,72.55,1,1,0,0,70.06,2,Not Placed,0
STU3335,52.17,58.95,50.38,50.56,7.48,63.46,50.90,1,0,0,0,71.67,2,Not Placed,0
STU3336,69.22,57.38,53.03,48.64,6.04,64.62,69.86,1,0,0,0,63.36,1,Not Placed,0
STU3337,92.99,76.43,72.74,76.88,9.21,92.04,84.65,1,2,0,0,97.51,0,Placed,9.81
STU3338,90.84,75.41,84.29,81.19,7.76,80.49,88.76,3,3,0,1,89.26,0,Placed,8.09
STU3339,71.49,83.04,77.08,91.02,8.74,90.12,81.01,0,0,11,0,90.39,0,Placed,8.24
STU3340,92.86,76.54,78.48,69.60,8.53,78.81,86.13,1,4,0,1,83.91,0,Placed,8.22
STU3341,75.56,92.46,80.59,83.84,9.72,94.59,90.48,1,4,0,2,98.19,0,Placed,10.70
STU3342,90.24,80.44,80.79,67.41,8.09,85.60,73.64,0,1,5,1,85.98,0,Placed,7.16
STU3343,73.82,72.02,66.26,56.46,6.49,69.53,69.53,1,0,0,0,62.34,1,Not Placed,0
STU3344,90.76,84.58,71.68,82.86,8.85,90.29,84.44,1,4,3,0,87.43,0,Placed,8.47
STU3345,74.51,59.19,52.42,64.39,6.12,60.69,65.09,1,0,0,0,69.05,1,Not Placed,0
STU3346,80.43,85.29,83.77,94.77,9.56,90.41,87.88,0,1,0,1,83.81,0,Placed,8.59
STU3347,68.00,71.54,68.35,47.75,6.55,50.13,57.47,1,1,0,0,68.75,0,Not Placed,0
STU3348,69.78,61.61,67.91,47.77,5.76,57.72,60.51,1,1,0,0,72.04,1,Not Placed,0
STU3349,73.68,67.18,69.51,55.81,7.23,51.58,57.79,0,1,0,0,65.31,0,Not Placed,0
STU3350,72.97,77.80,85.10,73.07,8.42,78.92,81.77,2,2,0,1,90.86,0,Placed,7.73
STU3351,84.97,77.71,79.50,75.85,9.40,79.94,84.71,2,1,3,0,97.14,0,Placed,9.53
STU3352,91.91,75.63,85.35,83.21,8.19,75.67,80.27,3,4,0,0,86.81,0,Placed,8.00
STU3353,71.83,79.21,81.17,91.07,7.58,91.27,87.25,0,3,0,2,96.18,0,Placed,6.67
STU3354,86.96,75.69,89.76,93.60,8.40,85.33,86.73,3,1,4,2,96.00,0,Placed,8.81
STU3355,69.87,53.47,59.27,40.51,5.87,59.26,52.59,1,0,0,0,67.25,0,Not Placed,0
STU3356,78.81,87.00,90.06,86.39,9.35,94.89,87.46,3,3,11,0,80.20,0,Placed,11.52
STU3357,55.19,65.95,52.91,60.41,7.56,57.08,57.37,0,0,0,0,72.62,1,Not Placed,0
STU3358,92.29,80.44,82.36,74.21,7.68,81.44,74.14,0,3,5,0,95.77,0,Placed,5.84
STU3359,86.77,72.21,74.97,66.94,7.76,81.70,82.47,2,1,9,2,97.07,0,Placed,8.05
STU3360,67.17,71.62,50.17,45.54,7.04,64.05,58.55,1,1,0,0,62.02,1,Not Placed,0
STU3361,82.17,72.89,82.25,86.77,7.63,93.09,70.92,0,0,0,0,85.61,0,Placed,5.54
STU3362,65.02,67.27,58.14,55.13,7.67,60.76,56.84,1,1,0,0,66.92,1,Not Placed,0
STU3363,77.65,90.13,85.86,80.03,7.76,77.01,92.18,1,4,0,0,82.80,0,Placed,7.91
STU3364,63.71,69.86,64.79,47.63,6.92,57.69,62.75,1,1,0,0,77.28,2,Not Placed,0
STU3365,81.42,78.53,74.77,83.88,9.68,76.73,72.25,1,0,0,0,85.25,0,Placed,10.61
STU3366,93.34,89.27,72.62,73.32,8.11,75.92,91.41,1,1,0,2,87.04,0,Placed,7.51
STU3367,76.91,81.48,89.69,94.48,9.02,79.98,91.05,3,4,0,2,90.37,0,Placed,10.39
STU3368,92.93,83.87,88.38,94.38,8.72,80.08,91.03,3,2,0,1,90.55,0,Placed,9.46
STU3369,73.78,71.27,69.22,54.16,6.96,61.87,50.97,0,0,0,0,66.87,1,Not Placed,0
STU3370,64.89,54.95,74.15,48.62,6.54,55.75,52.13,0,1,0,0,77.19,1,Not Placed,0
STU3371,94.78,85.47,72.94,76.00,9.00,85.44,72.19,1,2,0,2,89.29,0,Placed,8.77
STU3372,90.02,75.09,85.38,88.86,8.73,93.68,94.65,0,4,0,1,88.45,0,Placed,8.50
STU3373,58.89,54.68,72.24,68.25,7.72,69.80,66.46,1,1,0,0,61.42,0,Placed,7.45
STU3374,94.16,80.64,74.02,81.66,9.68,79.26,84.79,1,0,0,2,88.54,0,Placed,10.23
STU3375,62.17,60.54,73.05,53.63,5.89,55.87,64.61,0,1,0,0,61.86,2,Not Placed,0
STU3376,83.11,94.68,85.55,70.91,7.63,90.60,70.40,2,4,0,0,94.81,0,Placed,6.62
STU3377,70.70,83.58,73.43,82.32,9.35,94.50,81.31,1,1,0,0,95.76,0,Placed,9.52
STU3378,87.39,78.12,80.10,70.58,8.85,81.90,80.60,2,2,5,1,91.10,0,Placed,9.29
STU3379,55.88,68.73,52.65,63.84,6.20,68.36,58.40,1,0,0,0,76.68,0,Not Placed,0
STU3380,57.35,70.57,61.08,60.96,6.25,58.92,69.98,0,1,0,0,68.87,0,Not Placed,0
STU3381,67.46,63.70,66.73,43.16,7.38,50.05,63.52,1,0,0,0,60.63,0,Not Placed,0
STU3382,91.18,85.14,92.09,68.93,7.90,84.56,74.97,2,3,0,2,83.60,0,Placed,8.07
STU3383,72.98,86.94,82.10,65.48,9.85,78.61,87.12,0,2,0,1,89.26,0,Placed,10.06
STU3384,85.94,83.72,72.71,87.18,8.28,82.94,78.63,2,1,0,0,91.21,0,Placed,9.04
STU3385,74.17,85.36,84.85,89.70,9.44,79.37,70.59,0,0,0,0,89.55,0,Placed,8.44
STU3386,74.26,67.73,68.35,58.25,7.72,52.70,61.86,0,1,0,0,69.58,0,Not Placed,0
STU3387,73.61,89.17,94.45,73.12,8.29,89.06,76.50,1,2,0,1,94.28,0,Placed,8.56
STU3388,61.84,64.37,66.80,69.24,7.80,69.99,50.36,1,0,0,0,77.93,2,Not Placed,0
STU3389,80.87,75.90,92.30,72.76,8.01,80.93,93.86,2,3,0,2,82.76,0,Placed,7.30
STU3390,50.79,51.72,64.31,58.06,5.91,68.10,61.43,0,0,0,0,77.52,2,Not Placed,0
STU3391,69.14,50.06,64.55,52.95,6.82,63.51,69.62,0,0,0,0,74.50,1,Not Placed,0
STU3392,70.30,72.81,70.08,56.27,7.49,62.51,64.66,1,0,0,0,77.71,0,Not Placed,0
STU3393,84.86,89.05,72.09,91.66,8.36,92.48,75.60,1,0,0,2,92.30,0,Placed,8.58
STU3394,72.47,56.03,55.57,43.86,6.62,64.27,58.25,1,1,0,0,76.38,0,Not Placed,0
STU3395,77.79,92.20,92.05,74.97,9.78,88.84,72.31,0,4,0,2,95.83,0,Placed,10.09
STU3396,74.60,65.59,70.40,44.62,5.52,66.69,55.33,1,0,0,0,60.25,0,Not Placed,0
STU3397,54.20,70.81,61.92,42.35,7.72,53.30,73.76,0,1,0,0,61.82,0,Not Placed,0
STU3398,90.97,87.18,77.51,86.78,7.55,92.52,85.09,3,0,0,2,86.31,0,Placed,7.94
STU3399,87.84,87.06,90.97,74.28,9.70,93.14,85.46,3,4,10,2,80.38,0,Placed,11.22
STU3400,87.13,81.35,89.46,90.57,9.08,92.95,70.83,0,1,0,0,96.28,0,Placed,9.41
STU3401,63.35,62.62,66.23,53.08,7.40,61.83,50.40,0,0,0,0,74.02,1,Not Placed,0
STU3402,75.41,86.21,73.44,67.16,8.83,80.76,73.27,1,0,0,0,87.74,0,Placed,8.83
STU3403,88.18,70.88,71.65,90.31,9.79,79.62,70.79,2,4,0,2,85.82,0,Placed,11.14
STU3404,71.63,86.71,86.83,82.78,8.06,93.23,87.63,0,2,0,1,97.62,0,Placed,6.55
STU3405,50.29,62.20,74.65,46.88,5.67,69.76,71.78,1,0,0,0,68.94,0,Not Placed,0
STU3406,67.57,70.13,65.09,43.45,6.75,68.01,54.58,0,1,0,0,74.62,0,Not Placed,0
STU3407,53.94,67.97,64.83,65.16,7.17,50.68,59.26,0,1,0,0,67.61,2,Not Placed,0
STU3408,92.79,74.48,86.58,77.02,7.95,86.42,82.86,2,1,0,0,98.16,0,Placed,7.89
STU3409,70.45,89.63,84.96,67.60,7.51,90.79,82.44,1,1,0,2,84.24,0,Placed,6.77
STU3410,76.78,78.13,73.19,87.11,8.33,80.96,83.70,1,1,6,0,93.90,0,Placed,7.39
STU3411,83.69,84.74,87.32,65.49,9.17,94.10,87.40,3,3,0,1,94.03,0,Placed,11.13
STU3412,86.97,72.49,70.56,78.55,8.50,83.13,83.74,1,1,0,2,96.43,0,Placed,7.28
STU3413,60.77,53.72,54.61,49.17,7.46,56.48,72.25,0,0,0,0,63.36,0,Not Placed,0
STU3414,67.39,52.31,74.46,66.87,6.13,53.87,55.79,0,0,0,0,69.44,2,Not Placed,0
STU3415,92.84,72.82,86.58,81.46,7.67,93.54,76.78,2,2,0,1,83.06,0,Placed,7.67
STU3416,66.06,59.43,62.24,49.93,6.74,54.70,64.60,1,1,0,0,69.74,0,Not Placed,0
STU3417,70.84,82.97,73.12,87.94,7.56,87.27,93.50,0,3,0,1,91.77,0,Placed,5.79
STU3418,61.75,68.19,67.71,48.98,6.08,52.63,64.90,1,0,0,0,77.93,0,Not Placed,0
STU3419,70.16,87.50,73.47,86.03,8.19,87.75,87.60,1,4,0,1,82.64,0,Placed,8.38
STU3420,87.96,80.49,93.96,81.15,9.64,90.79,76.36,2,2,0,1,87.71,0,Placed,11.27
STU3421,91.58,80.98,87.14,67.20,8.21,87.56,83.91,2,3,0,2,96.21,0,Placed,8.11
STU3422,71.21,65.35,74.25,57.48,7.51,55.83,74.74,0,0,0,0,77.09,1,Not Placed,0
STU3423,71.40,77.33,87.20,74.51,8.07,87.34,82.17,2,3,0,0,93.87,0,Placed,7.83
STU3424,57.62,50.92,50.60,55.16,7.62,60.12,68.11,1,1,0,0,75.88,0,Not Placed,0
STU3425,61.38,53.48,68.77,65.67,7.26,53.60,67.73,1,0,0,0,76.41,1,Not Placed,0
STU3426,73.73,54.80,67.44,47.70,7.44,60.45,57.23,1,1,0,0,74.64,0,Not Placed,0
STU3427,88.00,73.31,70.06,74.05,9.08,94.07,82.79,1,0,0,1,87.47,0,Placed,8.54
STU3428,78.49,81.16,77.19,71.70,8.78,94.25,80.28,1,0,0,1,91.49,0,Placed,8.58
STU3429,73.43,70.95,55.74,67.98,7.15,53.63,61.77,1,0,0,0,78.69,1,Not Placed,0
STU3430,76.24,76.34,88.85,86.45,9.42,77.21,71.51,1,4,0,1,87.90,0,Placed,10.21
STU3431,82.46,86.60,90.61,65.92,9.58,82.23,84.50,3,4,0,0,89.65,0,Placed,10.37
STU3432,64.65,57.92,54.45,65.72,6.18,58.73,63.49,1,0,0,0,71.98,0,Not Placed,0
STU3433,56.15,71.59,73.72,64.02,6.11,57.91,53.66,1,1,0,0,68.67,1,Not Placed,0
STU3434,70.92,90.78,86.57,67.93,7.78,93.56,73.05,1,4,0,1,96.60,0,Placed,6.78
STU3435,83.87,84.19,88.28,91.73,8.05,85.03,81.97,3,3,0,0,96.38,0,Placed,9.11
STU3436,70.35,58.54,52.47,68.02,6.22,52.46,58.15,0,1,0,0,66.88,0,Not Placed,0
STU3437,79.96,75.11,91.33,72.84,8.26,76.42,74.63,3,4,10,1,82.80,0,Placed,8.26
STU3438,89.57,76.09,90.13,83.57,9.81,94.87,93.58,3,0,0,1,92.09,0,Placed,11.40
STU3439,79.90,81.10,73.88,77.65,9.89,87.07,89.45,3,1,0,0,84.73,0,Placed,11.85
STU3440,91.91,83.80,94.01,93.72,8.86,76.19,74.96,0,3,0,1,93.57,0,Placed,9.22
STU3441,74.41,90.86,93.18,67.40,9.79,92.16,70.19,2,2,0,2,89.91,0,Placed,9.92
STU3442,71.52,82.85,91.77,84.81,9.83,93.04,74.85,1,0,0,2,81.32,0,Placed,9.64
STU3443,92.61,82.14,94.11,92.51,8.23,80.12,94.56,2,0,8,0,80.41,0,Placed,8.17
STU3444,83.13,84.88,83.94,93.57,9.65,88.01,79.81,2,4,0,0,89.01,0,Placed,10.05
STU3445,79.47,93.13,83.97,88.73,7.99,86.24,83.54,2,0,0,1,97.62,0,Placed,7.54
STU3446,91.14,83.38,92.13,79.67,9.44,89.33,93.38,3,0,0,0,83.13,0,Placed,10.67
STU3447,79.48,75.53,88.95,90.70,7.89,87.67,74.22,1,4,0,1,88.50,0,Placed,8.22
STU3448,94.89,78.63,92.85,81.43,9.87,81.16,70.91,3,3,0,1,92.19,0,Placed,11.11
STU3449,94.62,88.57,74.79,81.05,9.75,86.27,79.52,1,3,0,0,87.57,0,Placed,10.15
STU3450,50.97,54.72,53.02,50.32,6.51,64.03,67.96,1,1,0,0,73.18,0,Not Placed,0
STU3451,87.22,78.50,77.70,83.34,7.96,90.84,90.01,3,1,2,1,96.54,0,Placed,8.62
STU3452,59.79,71.42,54.94,61.38,6.05,63.81,68.06,0,1,0,0,77.08,0,Not Placed,0
STU3453,72.61,50.13,74.11,61.05,6.74,61.27,74.54,1,1,0,0,75.91,2,Not Placed,0
STU3454,69.77,60.41,50.15,50.02,7.40,66.09,67.77,0,1,0,0,78.23,0,Not Placed,0
STU3455,77.27,71.44,81.63,74.80,8.14,77.80,89.09,1,4,0,2,93.68,0,Placed,6.90
STU3456,61.93,57.13,66.99,62.69,6.42,57.73,68.94,0,0,0,0,74.12,2,Not Placed,0
STU3457,91.91,94.92,72.14,81.45,8.77,77.01,88.70,3,1,2,0,94.15,0,Placed,9.48
STU3458,93.38,80.64,93.49,94.85,9.00,85.87,74.27,1,2,0,1,91.62,0,Placed,8.65
STU3459,92.86,92.35,84.33,76.14,7.87,85.84,90.02,2,2,0,1,89.51,0,Placed,7.88
STU3460,60.03,52.32,69.87,66.36,6.29,55.68,67.73,0,1,0,0,70.00,2,Not Placed,0
STU3461,94.77,83.71,86.36,67.56,7.63,76.94,80.77,1,4,0,1,90.24,0,Placed,7.34
STU3462,71.51,94.54,93.39,84.14,7.57,80.02,72.88,0,2,0,2,92.48,0,Placed,5.69
STU3463,83.21,72.88,82.40,91.87,8.15,76.49,74.43,0,4,0,1,91.32,0,Placed,7.93
STU3464,74.80,70.51,74.75,79.06,9.38,86.59,74.23,3,1,0,0,84.57,0,Placed,11.37
STU3465,67.17,67.72,67.97,58.81,7.77,54.17,58.54,0,1,0,0,66.67,0,Not Placed,0
STU3466,63.16,59.69,62.28,65.45,5.51,67.67,58.44,0,0,0,0,63.05,2,Not Placed,0
STU3467,90.56,92.29,85.13,78.79,7.64,76.59,74.34,2,4,0,2,97.59,0,Placed,6.89
STU3468,91.77,72.47,83.89,92.51,8.58,81.29,72.62,1,1,0,0,85.89,0,Placed,8.75
STU3469,82.72,77.01,81.77,80.77,9.65,79.10,94.72,0,1,0,1,91.33,0,Placed,8.90
STU3470,86.21,75.96,88.88,82.41,9.35,82.58,94.28,1,2,0,2,89.26,0,Placed,10.21
STU3471,75.25,88.73,93.68,87.39,9.64,77.25,70.86,2,4,0,2,83.43,0,Placed,10.21
STU3472,90.88,76.21,75.59,89.05,9.53,94.74,78.74,3,1,0,2,81.85,0,Placed,9.97
STU3473,66.00,65.35,60.52,49.09,7.33,59.17,69.07,0,1,0,0,60.84,2,Not Placed,0
STU3474,72.95,87.68,88.90,72.09,9.22,83.18,70.58,1,4,0,2,84.52,0,Placed,9.68
STU3475,83.99,84.24,89.36,82.90,8.64,80.33,78.52,2,1,9,2,82.54,0,Placed,8.47
STU3476,68.10,68.99,61.39,66.24,7.38,51.01,59.54,0,1,0,0,71.50,0,Not Placed,0
STU3477,71.38,63.46,67.50,46.10,7.71,58.83,74.29,0,1,0,0,74.13,2,Not Placed,0
STU3478,72.61,51.66,63.68,40.11,7.24,66.38,63.25,1,0,0,0,74.70,0,Not Placed,0
STU3479,82.59,92.02,85.07,75.76,9.07,78.09,75.13,1,4,0,0,96.78,0,Placed,9.16
STU3480,66.78,69.66,71.83,48.44,6.21,67.54,56.56,1,0,0,0,75.05,2,Not Placed,0
STU3481,93.50,76.47,79.12,72.29,8.94,90.45,91.31,0,0,4,2,91.82,0,Placed,7.76
STU3482,85.40,90.43,73.14,82.76,9.26,89.41,82.17,3,4,6,0,83.16,0,Placed,9.48
STU3483,86.20,72.72,86.44,81.61,9.17,79.67,76.31,1,1,0,2,86.27,0,Placed,9.55
STU3484,72.41,71.36,71.27,50.60,5.97,65.21,62.52,0,0,0,0,65.81,0,Not Placed,0
STU3485,60.12,68.64,73.79,56.60,6.08,67.69,56.71,1,1,0,0,74.11,0,Not Placed,0
STU3486,90.34,74.81,77.94,79.14,8.90,94.92,86.76,3,4,0,1,93.76,0,Placed,9.44
STU3487,82.88,71.39,87.06,71.68,9.17,84.89,83.43,3,2,0,1,98.71,0,Placed,10.35
STU3488,84.69,87.17,76.58,91.51,9.24,79.44,79.91,0,0,0,1,87.26,0,Placed,9.13
STU3489,53.48,63.81,60.00,50.64,6.42,69.93,66.37,0,0,0,0,60.14,0,Not Placed,0
STU3490,78.14,72.04,70.10,71.85,8.21,84.65,88.59,1,0,0,2,92.80,0,Placed,7.95
STU3491,53.51,70.35,67.24,60.23,7.84,53.78,56.06,1,0,0,0,64.98,1,Not Placed,0
STU3492,59.77,54.82,58.03,68.32,5.81,54.91,73.49,0,0,0,0,69.56,1,Not Placed,0
STU3493,94.62,91.46,70.09,82.37,8.40,84.81,90.36,1,2,10,2,80.02,0,Placed,8.47
STU3494,70.36,56.91,74.63,63.30,6.52,65.29,65.31,1,0,0,0,63.47,1,Not Placed,0
STU3495,84.66,86.73,80.69,91.36,9.83,83.92,79.21,2,3,0,0,82.79,0,Placed,10.95
STU3496,54.55,52.49,73.69,64.57,6.22,64.35,59.21,1,1,0,0,77.91,1,Not Placed,0
STU3497,51.21,60.31,52.43,62.59,7.30,60.66,55.33,1,1,0,0,60.72,2,Not Placed,0
STU3498,77.52,82.33,90.90,65.65,7.92,76.41,83.86,2,4,0,1,82.08,0,Placed,7.87
STU3499,94.76,94.80,91.77,83.93,8.54,81.08,85.52,2,0,11,0,93.74,0,Placed,8.29
STU3500,85.71,81.93,86.27,81.02,9.37,77.83,71.05,1,0,0,0,92.62,0,Placed,9.46
STU3501,58.02,70.41,69.68,55.99,5.75,61.39,54.82,0,1,0,0,78.92,1,Not Placed,0
STU3502,72.06,75.03,79.68,88.63,7.59,79.49,76.57,3,4,0,0,82.75,0,Placed,7.19
STU3503,83.40,90.52,78.60,73.80,8.68,79.90,88.50,2,4,0,0,90.04,0,Placed,9.55
STU3504,69.85,70.61,71.37,57.64,6.29,61.16,55.65,0,1,0,0,64.31,2,Not Placed,0
STU3505,56.14,51.23,66.77,54.90,6.58,61.05,65.91,1,1,0,0,68.96,2,Not Placed,0
STU3506,65.00,66.03,59.68,63.78,6.70,65.04,73.72,0,0,0,0,65.03,2,Not Placed,0
STU3507,78.31,82.47,78.12,69.55,9.13,89.76,77.96,0,4,10,0,84.12,0,Placed,8.48
STU3508,58.55,66.40,68.65,62.50,6.38,63.43,67.34,0,1,0,0,73.38,1,Not Placed,0
STU3509,53.42,61.72,74.95,49.48,6.49,59.65,67.81,1,0,0,0,78.98,2,Not Placed,0
STU3510,52.51,50.12,65.21,69.87,7.73,50.97,63.45,0,1,0,0,65.53,2,Not Placed,0
STU3511,82.08,87.72,77.33,80.96,7.95,81.75,72.48,1,3,5,2,95.70,0,Placed,7.30
STU3512,72.22,50.15,67.76,69.90,6.01,69.91,69.62,1,1,0,0,65.25,1,Not Placed,0
STU3513,81.75,79.97,93.10,88.09,9.18,91.43,84.77,2,0,0,2,97.69,0,Placed,8.98
STU3514,94.08,89.98,82.24,66.59,7.67,78.95,75.79,1,1,0,0,89.31,0,Placed,7.89
STU3515,85.52,86.64,85.84,70.01,8.63,91.46,94.90,3,3,6,2,92.29,0,Placed,9.43
STU3516,71.30,80.48,82.75,72.26,9.33,88.65,75.32,0,2,7,2,84.78,0,Placed,9.22
STU3517,58.74,66.72,73.05,55.78,6.13,63.32,56.52,0,1,0,0,61.93,0,Not Placed,0
STU3518,73.48,74.86,88.32,93.96,9.39,80.75,83.13,2,2,0,2,93.52,0,Placed,9.30
STU3519,76.43,81.44,76.49,93.05,8.88,83.77,76.39,0,3,8,0,92.66,0,Placed,8.36
STU3520,56.24,52.73,50.41,65.62,6.15,67.02,71.88,0,1,0,0,77.34,1,Not Placed,0
STU3521,71.06,74.12,55.95,52.57,7.69,66.99,67.34,0,1,0,0,63.11,0,Not Placed,0
STU3522,87.73,76.93,79.06,74.33,9.30,76.08,86.78,2,1,0,0,95.77,0,Placed,9.84
STU3523,78.75,91.13,71.16,90.74,9.37,92.81,74.20,0,2,0,0,82.41,0,Placed,8.66
STU3524,77.71,83.24,79.21,73.33,9.58,93.56,84.63,0,2,0,1,92.21,0,Placed,8.45
STU3525,65.00,53.59,60.69,41.51,5.90,52.86,63.53,1,1,0,0,67.21,2,Not Placed,0
STU3526,70.54,90.37,78.76,76.03,8.78,76.19,81.73,1,1,0,2,81.86,0,Placed,7.85
STU3527,94.84,93.05,74.15,69.66,9.10,83.33,72.32,2,2,0,0,93.13,0,Placed,9.89
STU3528,87.97,79.76,76.19,78.39,7.88,86.75,88.14,0,1,0,0,91.13,0,Placed,6.26
STU3529,77.19,75.85,76.91,67.65,8.17,83.09,78.19,3,3,0,1,95.05,0,Placed,9.27
STU3530,75.23,87.03,71.96,75.16,8.15,82.59,79.21,1,1,0,0,92.02,0,Placed,7.88
STU3531,83.74,79.61,90.07,75.76,8.86,90.26,70.02,3,3,0,1,91.13,0,Placed,9.43
STU3532,86.13,70.17,77.59,85.76,7.91,84.59,87.25,1,2,0,1,87.32,0,Placed,8.01
STU3533,71.56,73.67,75.47,72.08,9.04,83.95,87.71,0,1,0,1,95.33,0,Placed,9.32
STU3534,84.22,78.86,80.77,92.59,8.33,77.67,94.04,2,2,0,2,88.20,0,Placed,7.90
STU3535,74.57,79.66,80.75,76.72,9.52,76.55,93.77,1,0,0,2,95.04,0,Placed,9.09
STU3536,73.65,93.04,92.97,77.35,8.54,85.48,70.16,3,0,0,0,90.82,0,Placed,8.46
STU3537,71.69,50.20,73.52,46.77,7.56,51.69,58.58,0,0,0,0,70.51,2,Not Placed,0
STU3538,52.81,63.73,60.00,68.62,7.78,53.79,64.13,0,1,0,0,60.47,1,Not Placed,0
STU3539,87.04,80.82,81.23,89.27,9.44,81.65,90.82,0,1,0,0,88.26,0,Placed,9.63
STU3540,83.58,84.31,74.21,72.52,8.92,84.29,73.86,0,2,0,1,83.92,0,Placed,8.78
STU3541,82.04,84.51,80.23,72.64,7.56,84.71,80.61,3,3,0,1,92.29,0,Placed,6.91
STU3542,71.27,75.65,89.35,74.46,9.69,93.62,71.91,3,2,0,0,97.96,0,Placed,10.77
STU3543,75.90,92.66,87.84,87.35,9.71,85.16,78.43,1,3,0,1,91.77,0,Placed,10.38
STU3544,68.94,61.63,56.50,58.39,7.15,63.83,69.55,1,0,0,0,66.04,1,Not Placed,0
STU3545,63.07,65.41,67.83,63.01,7.51,55.47,50.77,0,1,0,0,67.41,1,Not Placed,0
STU3546,86.10,88.28,92.75,87.56,7.54,84.31,72.94,3,4,6,2,83.16,0,Placed,7.85
STU3547,85.46,84.86,88.42,79.04,8.14,83.47,70.38,3,3,8,2,83.07,0,Placed,8.53
STU3548,73.33,87.33,79.15,67.61,8.09,78.51,77.44,3,1,0,2,91.04,0,Placed,8.34
STU3549,82.62,70.03,77.88,65.22,7.84,75.13,76.65,2,3,0,2,82.32,0,Placed,7.58
STU3550,83.40,86.84,89.47,86.22,9.62,81.35,76.66,0,2,0,2,95.06,0,Placed,9.19
STU3551,71.26,67.41,73.40,48.52,6.20,52.80,67.69,0,1,0,0,70.40,2,Not Placed,0
STU3552,81.70,73.33,72.39,92.85,9.37,75.89,93.56,2,0,0,0,94.70,0,Placed,11.00
STU3553,78.90,72.58,80.86,79.15,9.76,89.88,75.18,0,0,0,1,81.56,0,Placed,9.04
STU3554,78.38,78.82,79.90,69.39,9.02,79.03,81.99,2,1,9,1,88.33,0,Placed,10.48
STU3555,52.75,63.23,63.86,44.98,6.15,53.40,51.77,1,1,0,0,62.49,0,Not Placed,0
STU3556,87.43,76.34,72.88,92.70,8.62,94.48,71.84,0,2,0,2,92.57,0,Placed,7.94
STU3557,60.39,59.09,73.90,54.71,7.45,65.91,74.09,1,0,0,0,70.47,0,Placed,5.75
STU3558,91.29,87.84,90.07,77.13,8.40,91.91,90.48,0,3,0,0,80.15,0,Placed,6.97
STU3559,80.72,92.12,70.98,93.09,8.30,89.51,84.14,3,0,0,2,96.83,0,Placed,9.00
STU3560,85.20,76.20,87.01,80.10,9.77,86.50,89.32,1,1,2,0,89.93,0,Placed,10.22
STU3561,56.22,67.44,72.34,45.28,5.95,59.54,51.29,0,1,0,0,73.59,0,Not Placed,0
STU3562,90.51,77.40,80.85,90.39,8.96,89.34,75.96,0,4,0,2,86.33,0,Placed,7.77
STU3563,92.11,75.83,72.44,66.00,9.78,93.48,79.87,2,3,0,2,84.09,0,Placed,9.97
STU3564,63.04,72.49,63.62,40.82,7.13,65.56,61.76,0,0,0,0,60.56,2,Not Placed,0
STU3565,85.52,91.80,81.65,92.10,7.93,92.88,74.85,0,0,0,0,82.93,0,Placed,7.49
STU3566,87.81,74.85,92.78,90.40,9.77,92.81,81.64,2,2,0,0,81.40,0,Placed,11.30
STU3567,84.24,71.28,87.02,73.13,7.61,88.80,72.05,1,2,0,0,82.98,0,Placed,7.04
STU3568,70.10,81.45,85.29,79.12,8.44,80.43,93.61,2,4,10,1,88.94,0,Placed,8.69
STU3569,59.42,64.15,53.14,64.44,7.83,50.97,62.70,0,1,0,0,76.65,0,Not Placed,0
STU3570,91.55,93.75,92.92,84.03,9.33,76.11,90.08,3,2,0,1,86.01,0,Placed,11.37
STU3571,76.80,74.49,87.76,80.62,7.62,85.25,87.42,0,4,0,1,81.45,0,Placed,6.24
STU3572,62.99,55.52,57.43,59.03,7.08,64.74,51.58,0,0,0,0,76.37,1,Not Placed,0
STU3573,65.77,63.58,58.52,63.83,5.84,53.65,58.06,0,0,0,0,77.34,0,Not Placed,0
STU3574,73.85,82.68,74.86,72.40,8.93,78.83,88.89,3,0,0,1,97.30,0,Placed,10.43
STU3575,55.76,58.17,74.39,60.35,7.62,52.69,56.23,0,0,0,0,69.61,1,Not Placed,0
STU3576,74.20,94.30,74.14,93.16,8.02,80.01,80.44,2,4,3,1,81.70,0,Placed,7.30
STU3577,90.73,94.44,73.34,68.74,9.43,93.01,75.57,0,3,0,1,94.51,0,Placed,8.48
STU3578,78.12,93.11,85.44,75.87,9.05,93.84,78.27,2,1,0,0,88.34,0,Placed,8.61
STU3579,83.64,89.66,72.21,84.66,7.56,81.82,88.59,2,0,5,1,85.75,0,Placed,6.38
STU3580,82.40,82.01,73.20,69.48,9.26,82.84,82.90,3,0,0,0,92.97,0,Placed,10.62
STU3581,92.64,86.33,76.98,90.78,9.71,87.01,91.64,0,4,0,1,89.59,0,Placed,9.20
STU3582,51.27,52.78,68.15,64.14,7.86,70.00,66.67,1,0,0,0,76.45,1,Not Placed,0
STU3583,58.49,62.41,59.33,58.86,6.91,63.54,55.15,0,1,0,0,68.01,1,Not Placed,0
STU3584,88.81,83.95,86.26,91.92,8.79,89.91,71.70,3,4,0,2,84.69,0,Placed,10.49
STU3585,64.61,74.18,68.95,50.49,7.50,56.08,69.59,0,0,0,0,69.36,2,Not Placed,0
STU3586,84.99,78.18,77.81,94.82,8.35,92.43,76.23,0,0,0,0,87.73,0,Placed,7.59
STU3587,73.69,56.90,71.41,54.82,6.23,66.06,63.11,1,0,0,0,67.19,0,Not Placed,0
STU3588,64.65,66.16,67.66,46.90,6.46,66.11,69.66,0,0,0,0,78.61,1,Not Placed,0
STU3589,73.50,71.89,61.81,69.03,7.74,52.80,73.91,1,0,0,0,65.50,0,Not Placed,0
STU3590,62.52,50.82,52.15,65.46,7.69,51.91,59.08,0,0,0,0,75.08,2,Not Placed,0
STU3591,81.38,87.50,92.20,91.90,9.34,93.67,80.41,1,4,0,0,82.12,0,Placed,9.03
STU3592,91.37,70.85,94.11,80.79,8.17,75.30,80.24,3,4,0,1,85.55,0,Placed,9.33
STU3593,73.99,79.64,83.08,70.14,9.41,94.61,90.75,3,2,8,1,86.14,0,Placed,11.24
STU3594,84.58,76.66,88.32,84.77,8.46,93.98,73.88,3,4,0,1,83.79,0,Placed,8.38
STU3595,93.80,88.28,93.34,79.41,9.57,75.78,71.36,0,1,0,0,84.74,0,Placed,8.61
STU3596,56.60,69.11,72.00,64.07,5.61,62.76,74.74,0,1,0,0,73.41,0,Not Placed,0
STU3597,60.73,72.46,50.42,48.37,7.76,61.16,63.93,0,0,0,0,75.30,0,Not Placed,0
STU3598,71.35,87.35,79.01,86.62,8.50,88.03,70.64,1,3,0,1,88.92,0,Placed,8.28
STU3599,84.99,86.23,85.63,93.61,7.81,92.84,83.24,3,4,0,1,88.80,0,Placed,7.72
STU3600,93.64,87.58,86.36,69.26,9.65,88.50,75.27,1,4,0,2,81.95,0,Placed,9.77
STU3601,71.54,85.60,91.64,91.25,8.84,89.47,78.59,3,4,0,2,98.26,0,Placed,8.77
STU3602,82.73,78.94,78.44,84.64,8.82,84.91,82.37,1,1,0,2,82.11,0,Placed,8.30
STU3603,94.69,74.01,74.79,94.09,7.93,89.68,70.39,0,2,0,2,90.08,0,Placed,7.27
STU3604,92.68,89.35,71.06,66.28,8.65,88.10,89.88,3,1,0,0,97.34,0,Placed,9.96
STU3605,85.70,83.23,94.64,92.16,8.97,79.73,80.44,2,0,0,2,95.66,0,Placed,9.00
STU3606,91.07,91.30,82.22,90.10,9.54,86.28,76.41,3,2,9,2,90.73,0,Placed,11.36
STU3607,72.10,85.94,75.32,72.55,8.97,82.06,91.82,1,3,0,2,85.26,0,Placed,9.40
STU3608,85.48,94.82,86.11,86.77,7.97,82.11,70.75,1,0,3,1,81.58,0,Placed,8.43
STU3609,70.20,69.52,66.29,57.97,7.86,65.93,64.82,0,0,0,0,61.14,2,Not Placed,0
STU3610,89.96,79.41,81.48,86.44,7.85,87.78,70.26,2,2,0,1,88.53,0,Placed,6.86
STU3611,63.04,72.63,51.83,41.21,5.93,52.34,54.54,1,1,0,0,71.84,1,Not Placed,0
STU3612,87.76,91.21,78.92,70.23,8.34,79.73,94.84,1,2,0,2,90.52,0,Placed,7.74
STU3613,54.45,56.05,66.72,63.14,5.65,67.04,69.82,1,0,0,0,67.70,0,Not Placed,0
STU3614,84.20,83.24,82.53,65.03,8.41,81.87,82.76,3,3,0,2,92.16,0,Placed,8.47
STU3615,91.43,78.17,77.10,69.77,7.69,78.57,79.61,1,1,0,0,89.92,0,Placed,6.91
STU3616,86.11,85.56,77.29,91.66,8.49,76.87,90.13,0,3,10,0,88.84,0,Placed,8.49
STU3617,50.66,67.37,57.72,68.56,6.29,65.19,74.81,1,1,0,0,68.68,2,Not Placed,0
STU3618,72.47,86.84,94.35,72.58,7.79,77.93,94.10,1,4,0,2,80.94,0,Placed,7.05
STU3619,55.17,54.67,55.98,66.93,5.52,65.97,73.49,0,0,0,0,64.96,0,Not Placed,0
STU3620,74.22,91.01,72.43,70.11,8.14,80.40,80.61,0,0,0,1,90.46,0,Placed,6.27
STU3621,85.54,75.48,78.54,67.54,9.73,79.57,79.87,1,2,0,0,87.45,0,Placed,10.43
STU3622,73.92,51.82,50.96,50.99,5.63,50.23,73.26,1,0,0,0,77.33,0,Not Placed,0
STU3623,85.26,77.53,94.39,78.13,9.64,75.17,92.88,0,4,0,2,86.93,0,Placed,9.88
STU3624,74.18,62.23,66.33,64.56,6.35,57.72,60.73,0,0,0,0,64.04,1,Not Placed,0
STU3625,71.01,71.46,89.81,84.50,8.54,83.22,92.59,2,1,0,2,95.68,0,Placed,9.41
STU3626,62.31,72.92,63.24,68.11,7.67,51.47,70.16,0,1,0,0,74.96,2,Not Placed,0
STU3627,91.48,80.21,77.47,65.50,7.99,83.78,70.16,0,0,0,1,91.19,0,Placed,7.16
STU3628,70.95,86.64,79.61,79.89,9.48,90.04,84.67,0,1,0,0,89.21,0,Placed,8.66
STU3629,76.51,91.46,76.43,66.70,7.79,90.84,93.13,0,0,0,0,89.07,0,Placed,7.30
STU3630,60.53,68.46,51.03,53.39,7.03,57.46,62.99,1,0,0,0,62.63,2,Not Placed,0
STU3631,86.06,81.06,84.03,94.76,8.64,92.86,94.57,3,3,0,2,94.00,0,Placed,9.48
STU3632,77.14,73.71,90.29,85.62,9.21,93.76,89.38,1,2,0,2,84.75,0,Placed,9.39
STU3633,60.51,66.70,70.51,44.28,5.95,64.45,70.33,1,1,0,0,61.03,1,Not Placed,0
STU3634,71.43,72.73,72.72,81.83,9.11,80.07,89.40,0,1,0,2,82.72,0,Placed,9.46
STU3635,87.01,93.83,90.86,71.77,8.48,75.16,94.66,3,1,0,1,98.89,0,Placed,9.68
STU3636,63.82,65.45,70.07,65.82,6.86,52.98,52.63,1,0,0,0,64.49,2,Not Placed,0
STU3637,92.08,77.36,89.69,75.73,8.75,84.19,94.83,0,1,10,0,80.79,0,Placed,9.04
STU3638,74.05,65.13,56.14,62.92,7.45,56.09,51.54,0,1,0,0,67.56,2,Not Placed,0
STU3639,81.86,76.21,93.22,83.86,9.68,93.88,82.75,0,1,0,1,95.50,0,Placed,10.29
STU3640,73.91,73.09,62.48,69.72,6.35,60.91,71.62,0,1,0,0,70.30,1,Not Placed,0
STU3641,70.42,82.89,83.29,72.56,8.92,93.64,92.51,1,3,0,0,98.37,0,Placed,9.25
STU3642,70.74,92.88,71.81,73.00,8.11,92.70,84.72,2,4,0,1,97.78,0,Placed,8.69
STU3643,64.71,67.50,54.68,49.71,5.65,51.85,65.10,0,1,0,0,71.72,1,Not Placed,0
STU3644,93.12,80.90,92.27,85.64,9.82,84.60,73.84,1,3,11,2,82.27,0,Placed,10.79
STU3645,72.19,81.28,91.97,66.92,8.84,82.32,88.87,2,3,0,2,80.63,0,Placed,9.09
STU3646,84.41,71.94,89.25,74.11,8.95,92.43,89.76,3,0,0,1,96.89,0,Placed,9.73
STU3647,83.35,79.86,82.79,67.26,8.26,75.29,91.90,0,3,0,1,82.72,0,Placed,7.72
STU3648,60.58,55.38,55.84,69.34,7.25,62.14,55.99,0,1,0,0,64.33,0,Not Placed,0
STU3649,67.29,61.12,52.31,64.88,6.32,58.46,58.66,1,0,0,0,75.28,2,Not Placed,0
STU3650,74.35,58.72,58.28,64.95,5.72,68.13,62.73,1,1,0,0,62.07,0,Not Placed,0
STU3651,71.89,89.77,85.15,67.02,9.09,85.93,75.78,2,4,3,2,84.29,0,Placed,8.81
STU3652,72.53,73.33,91.28,85.47,8.42,78.77,79.22,0,0,0,1,82.33,0,Placed,7.90
STU3653,74.10,79.23,86.50,80.79,9.47,75.02,73.71,1,3,0,2,85.75,0,Placed,9.66
STU3654,63.72,65.35,60.45,48.32,7.61,51.61,63.59,0,1,0,0,76.44,1,Not Placed,0
STU3655,59.71,55.83,72.62,59.62,5.71,65.16,50.19,1,0,0,0,70.41,0,Not Placed,0
STU3656,59.65,71.12,52.44,58.76,7.83,64.73,56.19,1,0,0,0,67.72,2,Not Placed,0
STU3657,92.89,87.58,93.41,74.82,9.83,76.87,89.24,3,2,0,2,90.83,0,Placed,10.51
STU3658,71.42,68.98,50.43,43.13,6.72,61.34,57.17,1,1,0,0,71.08,2,Not Placed,0
STU3659,81.25,75.14,88.56,92.19,9.00,87.15,79.66,3,3,0,1,88.63,0,Placed,9.10
STU3660,60.57,72.30,59.32,49.84,6.11,64.42,60.97,0,0,0,0,60.79,1,Not Placed,0
STU3661,64.30,55.69,54.16,46.33,7.84,55.44,68.37,1,1,0,0,77.98,0,Not Placed,0
STU3662,66.27,72.73,58.85,45.31,7.67,62.48,72.53,1,1,0,0,69.72,2,Not Placed,0
STU3663,66.77,63.21,54.03,50.63,7.76,59.86,55.47,0,1,0,0,77.39,2,Not Placed,0
STU3664,80.92,83.16,92.05,89.90,8.30,90.99,73.15,3,3,0,1,85.13,0,Placed,9.16
STU3665,87.67,77.83,80.96,81.98,8.61,84.20,94.08,3,3,0,2,94.02,0,Placed,8.89
STU3666,93.74,92.07,93.55,65.45,7.93,81.79,82.73,1,2,0,1,90.39,0,Placed,7.64
STU3667,93.33,87.12,75.10,83.38,9.64,76.38,78.07,2,0,0,1,84.70,0,Placed,10.72
STU3668,73.42,73.42,64.16,47.85,6.82,66.18,61.93,1,1,0,0,77.00,2,Not Placed,0
STU3669,62.25,53.18,71.19,43.25,5.61,63.33,58.87,0,1,0,0,72.82,2,Not Placed,0
STU3670,75.59,76.50,83.92,81.35,8.84,86.20,74.88,3,1,0,0,87.75,0,Placed,10.15
STU3671,86.22,89.69,71.07,66.69,9.48,78.61,78.21,2,2,0,0,93.00,0,Placed,9.87
STU3672,93.79,76.70,86.21,75.65,8.00,76.30,80.40,3,1,0,0,97.13,0,Placed,7.74
STU3673,77.92,70.53,86.62,83.40,9.08,90.37,94.23,0,3,0,2,93.24,0,Placed,9.43
STU3674,91.94,84.05,93.72,68.52,8.88,90.74,94.10,2,1,0,0,86.43,0,Placed,10.29
STU3675,85.80,74.93,76.59,67.00,9.19,79.50,78.23,3,2,6,0,89.60,0,Placed,9.32
STU3676,81.02,83.80,80.09,74.21,8.48,79.14,85.09,3,4,0,1,96.31,0,Placed,9.58
STU3677,51.66,56.61,67.64,60.30,7.32,54.68,71.51,0,1,0,0,74.89,2,Not Placed,0
STU3678,51.75,72.14,64.30,59.39,6.93,64.44,56.05,1,1,0,0,68.45,0,Not Placed,0
STU3679,69.51,59.78,68.37,65.77,5.96,52.06,59.90,1,1,0,0,77.65,0,Not Placed,0
STU3680,89.26,77.75,78.38,86.64,7.86,78.52,76.74,2,4,0,2,95.48,0,Placed,8.02
STU3681,81.69,93.49,70.94,88.27,9.37,86.89,75.05,2,0,0,2,93.88,0,Placed,9.59
STU3682,74.77,64.66,73.58,54.42,6.26,51.46,74.88,1,0,0,0,71.80,0,Not Placed,0
STU3683,84.05,81.04,94.29,82.48,9.50,78.93,93.44,2,3,0,1,82.78,0,Placed,10.68
STU3684,70.69,58.49,61.70,62.85,6.86,51.70,56.42,0,0,0,0,61.07,0,Not Placed,0
STU3685,91.76,86.92,86.93,66.15,9.64,88.50,75.98,1,0,0,2,97.58,0,Placed,10.53
STU3686,56.32,50.73,65.63,58.22,7.48,56.39,61.33,1,0,0,0,61.64,1,Not Placed,0
STU3687,81.69,84.11,92.70,81.80,7.60,86.56,79.73,1,4,0,1,83.16,0,Placed,7.34
STU3688,68.90,68.67,59.78,47.81,6.71,52.86,62.42,0,1,0,0,76.06,2,Not Placed,0
STU3689,58.84,56.01,55.90,69.88,5.91,61.56,73.17,1,0,0,0,78.91,0,Not Placed,0
STU3690,51.17,60.52,66.33,69.37,6.56,61.94,57.36,1,0,0,0,71.54,1,Not Placed,0
STU3691,65.35,65.31,51.39,61.66,5.90,54.12,60.56,0,0,0,0,76.77,1,Not Placed,0
STU3692,74.42,83.99,87.73,87.86,9.62,78.16,87.46,2,4,0,0,97.32,0,Placed,10.28
STU3693,52.16,50.47,67.76,43.54,5.92,64.24,72.51,0,0,0,0,61.99,1,Not Placed,0
STU3694,51.31,68.48,59.38,66.75,5.76,55.64,69.70,0,0,0,0,64.30,1,Not Placed,0
STU3695,59.49,64.74,51.17,60.21,7.56,59.22,64.94,1,1,0,0,75.89,0,Not Placed,0
STU3696,91.95,73.95,87.59,67.75,8.67,84.48,75.68,2,4,9,2,86.08,0,Placed,9.33
STU3697,64.81,54.72,67.87,48.44,5.73,63.08,74.23,0,1,0,0,69.04,2,Not Placed,0
STU3698,78.72,82.07,72.54,76.55,8.83,91.99,93.18,1,1,0,1,88.82,0,Placed,9.11
STU3699,67.89,72.48,54.33,50.98,7.41,53.28,55.68,0,1,0,0,69.60,1,Not Placed,0
STU3700,80.01,89.26,80.91,86.88,8.05,85.97,82.08,1,2,6,0,84.95,0,Placed,7.21
STU3701,67.30,70.57,61.86,63.23,6.27,64.88,66.38,1,0,0,0,75.71,1,Not Placed,0
STU3702,93.68,91.75,83.28,77.66,8.74,79.45,77.08,3,3,0,1,90.34,0,Placed,9.69
STU3703,83.25,72.50,71.76,78.43,8.71,76.90,72.37,2,0,0,0,92.44,0,Placed,8.14
STU3704,72.29,53.29,63.14,42.53,7.68,65.37,67.49,1,0,0,0,67.83,2,Not Placed,0
STU3705,89.84,93.37,81.74,76.35,8.38,84.98,90.14,0,0,0,1,80.40,0,Placed,7.78
STU3706,84.22,72.83,82.97,92.13,8.46,84.82,76.46,0,1,10,2,87.49,0,Placed,7.01
STU3707,91.56,76.67,77.13,85.90,8.75,76.90,81.28,3,4,0,0,91.24,0,Placed,8.66
STU3708,74.90,63.07,71.86,54.39,7.36,51.44,74.31,1,1,0,0,72.90,1,Not Placed,0
STU3709,56.50,64.76,60.02,45.37,7.09,58.42,71.03,0,0,0,0,75.74,1,Not Placed,0
STU3710,60.15,58.62,70.26,65.55,6.19,63.08,63.57,0,1,0,0,77.05,0,Not Placed,0
STU3711,65.45,57.42,53.60,45.78,7.10,52.73,57.15,1,1,0,0,66.50,2,Not Placed,0
STU3712,75.10,87.67,80.98,69.60,9.24,82.80,76.43,3,1,0,1,96.46,0,Placed,9.44
STU3713,71.29,80.25,81.95,67.07,9.44,81.37,77.26,0,1,0,2,80.11,0,Placed,8.60
STU3714,79.77,91.14,74.54,88.38,9.57,90.97,78.99,0,3,1,2,81.72,0,Placed,8.41
STU3715,54.94,63.95,67.23,67.24,5.53,65.03,74.96,1,1,0,0,74.36,2,Not Placed,0
STU3716,76.76,90.58,84.16,77.32,8.05,77.57,86.78,0,3,2,0,93.20,0,Placed,6.97
STU3717,91.11,81.50,72.97,78.50,9.40,77.46,70.40,3,0,0,0,94.56,0,Placed,11.54
STU3718,68.97,54.86,56.44,60.11,6.48,50.08,73.73,0,0,0,0,73.99,0,Not Placed,0
STU3719,70.35,50.50,50.53,56.40,7.76,50.21,62.08,0,1,0,0,73.86,2,Not Placed,0
STU3720,59.36,55.18,65.01,52.86,5.76,50.88,54.95,0,1,0,0,73.55,2,Not Placed,0
STU3721,86.90,89.06,94.75,94.13,8.04,82.73,93.45,1,0,0,1,83.94,0,Placed,6.59
STU3722,86.36,76.83,91.49,66.74,8.02,86.46,80.26,2,3,0,2,90.56,0,Placed,8.40
STU3723,93.10,75.88,84.44,78.49,9.34,94.60,71.67,3,2,0,1,81.79,0,Placed,11.38
STU3724,68.16,57.33,59.20,51.85,7.85,56.27,67.12,0,0,0,0,60.05,1,Not Placed,0
STU3725,74.38,74.13,94.85,77.87,9.05,88.15,83.73,2,3,0,2,93.75,0,Placed,10.00
STU3726,53.76,66.19,68.37,52.35,7.25,53.06,65.63,0,0,0,0,68.37,0,Not Placed,0
STU3727,62.52,70.70,67.78,67.71,5.59,51.53,73.46,1,0,0,0,69.38,0,Not Placed,0
STU3728,50.92,57.89,57.62,42.94,7.22,51.63,62.13,1,0,0,0,70.62,0,Not Placed,0
STU3729,55.30,65.81,65.12,44.88,7.42,67.18,61.47,0,0,0,0,71.22,2,Not Placed,0
STU3730,82.37,73.59,72.87,74.20,8.96,86.34,88.44,0,0,0,2,94.53,0,Placed,8.41
STU3731,67.26,50.52,51.75,41.88,6.65,59.12,68.40,1,0,0,0,78.39,2,Not Placed,0
STU3732,75.40,75.97,72.55,77.53,7.84,89.27,85.39,3,2,0,1,82.36,0,Placed,8.94
STU3733,54.11,70.40,59.17,40.41,6.71,53.87,59.99,0,0,0,0,72.54,0,Not Placed,0
STU3734,83.72,90.31,77.43,87.15,9.51,93.33,76.94,2,2,0,0,87.95,0,Placed,10.65
STU3735,74.75,59.77,72.97,51.65,7.00,57.69,65.56,1,0,0,0,63.42,2,Not Placed,0
STU3736,94.04,77.97,74.79,94.22,9.66,80.26,81.96,1,4,0,2,86.74,0,Placed,9.57
STU3737,58.35,72.60,64.68,42.27,7.09,68.54,50.77,0,1,0,0,76.24,0,Not Placed,0
STU3738,90.36,77.37,93.44,93.71,7.95,89.11,89.06,0,4,0,0,86.06,0,Placed,6.49
STU3739,81.00,86.06,79.34,67.36,8.46,84.43,92.17,3,3,0,0,89.09,0,Placed,8.84
STU3740,72.09,70.89,80.09,84.69,8.83,84.17,76.04,0,1,0,1,87.35,0,Placed,8.21
STU3741,81.83,89.25,73.30,73.98,9.50,89.43,78.44,0,3,0,2,88.13,0,Placed,9.77
STU3742,53.14,62.55,52.94,65.02,7.29,64.44,55.30,1,1,0,0,65.62,2,Not Placed,0
STU3743,54.93,57.69,63.70,59.66,7.64,59.07,55.66,0,0,0,0,78.59,1,Not Placed,0
STU3744,55.68,60.01,59.18,54.91,6.64,68.82,66.52,1,0,0,0,76.80,0,Not Placed,0
STU3745,92.00,72.42,90.73,92.62,7.64,75.79,92.81,2,0,0,2,86.30,0,Placed,7.51
STU3746,64.15,63.26,62.38,47.25,7.88,53.43,51.69,0,1,0,0,67.56,0,Not Placed,0
STU3747,71.04,88.25,72.50,91.73,7.69,93.79,84.50,3,0,0,1,94.66,0,Placed,7.62
STU3748,69.47,73.88,61.74,65.92,5.75,54.91,64.46,1,1,0,0,61.76,1,Not Placed,0
STU3749,90.06,89.69,90.61,80.12,8.43,84.87,75.30,3,2,0,2,91.65,0,Placed,9.55
STU3750,61.23,56.96,62.36,55.32,7.70,66.61,70.08,0,1,0,0,61.93,0,Not Placed,0
STU3751,79.79,91.23,75.61,70.11,9.87,88.67,83.44,0,4,0,2,88.81,0,Placed,9.52
STU3752,94.68,91.68,81.21,71.38,8.20,83.13,74.43,2,3,4,1,98.94,0,Placed,8.43
STU3753,79.43,81.04,90.96,76.55,8.93,91.85,81.16,2,4,0,0,97.90,0,Placed,9.96
STU3754,69.04,69.13,74.31,64.57,6.06,53.97,69.96,1,0,0,0,78.92,2,Not Placed,0
STU3755,75.48,94.17,77.09,85.56,8.17,80.19,71.13,2,0,0,1,87.23,0,Placed,7.75
STU3756,79.60,81.50,94.66,73.76,8.36,84.35,73.26,2,3,2,1,97.64,0,Placed,8.81
STU3757,75.82,81.63,75.81,93.82,9.85,79.71,81.47,3,0,0,2,95.86,0,Placed,11.59
STU3758,79.68,88.32,87.91,93.99,8.57,89.92,72.72,1,4,11,0,94.48,0,Placed,7.57
STU3759,77.73,83.98,87.97,89.44,8.68,75.42,70.08,1,4,0,2,94.23,0,Placed,7.58
STU3760,73.27,89.88,94.74,88.48,8.57,77.20,82.16,0,3,0,1,91.53,0,Placed,7.74
STU3761,72.17,94.85,94.42,82.33,9.64,79.84,75.49,1,2,0,0,82.74,0,Placed,10.95
STU3762,83.95,88.47,85.42,92.12,8.74,85.79,79.94,3,4,0,1,88.36,0,Placed,10.14
STU3763,58.79,57.19,60.38,63.13,6.83,62.47,61.77,0,0,0,0,77.02,1,Not Placed,0
STU3764,84.16,81.57,75.27,85.17,8.38,94.90,84.94,3,1,0,2,85.02,0,Placed,8.19
STU3765,75.30,94.33,79.14,82.77,9.82,91.79,74.28,0,0,11,1,85.62,0,Placed,8.86
STU3766,83.08,79.74,75.11,66.77,9.60,92.13,71.97,1,2,0,2,87.40,0,Placed,9.56
STU3767,94.54,76.11,90.03,69.92,9.57,81.78,76.11,1,0,0,1,97.61,0,Placed,10.20
STU3768,74.37,50.10,54.24,53.26,7.78,64.67,53.33,0,1,0,0,77.59,1,Not Placed,0
STU3769,93.17,91.19,80.72,92.27,9.53,82.70,77.78,3,2,5,1,85.01,0,Placed,10.59
STU3770,73.02,81.57,70.54,78.09,7.87,85.88,77.49,0,4,0,0,98.35,0,Placed,7.63
STU3771,83.31,81.82,73.33,72.09,8.34,90.04,85.11,3,0,0,1,89.96,0,Placed,8.58
STU3772,50.94,51.21,58.06,59.23,7.43,63.95,59.75,1,1,0,0,70.25,0,Placed,7.03
STU3773,64.31,68.37,70.65,56.66,6.57,58.96,50.81,1,1,0,0,70.63,1,Not Placed,0
STU3774,55.65,59.30,70.08,42.95,6.49,63.86,53.85,1,0,0,0,65.59,1,Not Placed,0
STU3775,72.23,79.07,92.48,88.82,7.66,83.09,89.39,0,3,7,0,96.87,0,Placed,7.00
STU3776,65.68,60.96,63.39,50.86,7.34,57.53,67.61,0,1,0,0,63.07,2,Not Placed,0
STU3777,71.35,74.56,70.34,91.71,9.20,86.51,83.40,3,4,0,2,98.19,0,Placed,9.51
STU3778,67.23,53.68,61.17,46.86,7.35,64.21,62.93,1,0,0,0,69.66,0,Not Placed,0
STU3779,66.64,59.56,56.44,65.74,5.78,55.13,71.89,1,1,0,0,72.03,1,Not Placed,0
STU3780,61.99,60.91,66.99,61.96,5.62,53.55,57.84,1,1,0,0,78.39,0,Not Placed,0
STU3781,84.76,93.25,75.87,79.48,8.07,86.31,78.24,1,3,0,2,90.79,0,Placed,8.24
STU3782,74.82,89.60,89.40,65.70,9.68,85.06,82.61,3,4,0,1,89.33,0,Placed,10.10
STU3783,58.46,57.07,72.02,67.42,6.73,53.95,64.82,1,1,0,0,73.73,0,Not Placed,0
STU3784,60.73,51.93,63.34,62.17,5.70,61.73,59.58,1,0,0,0,74.13,2,Not Placed,0
STU3785,78.60,77.68,71.10,83.03,8.32,93.70,86.08,1,2,0,2,94.56,0,Placed,7.80
STU3786,79.65,87.88,74.32,73.34,9.41,77.93,73.33,3,2,0,1,83.65,0,Placed,9.66
STU3787,52.19,74.02,64.24,52.78,7.59,64.07,72.13,0,0,0,0,68.51,0,Not Placed,0
STU3788,73.30,58.03,67.18,48.49,7.89,68.72,51.40,1,1,0,0,68.54,1,Not Placed,0
STU3789,94.09,76.39,80.72,94.56,9.26,91.00,79.59,2,3,0,2,86.85,0,Placed,10.57
STU3790,75.34,78.04,78.73,82.76,9.50,88.06,81.79,1,4,0,0,86.26,0,Placed,9.31
STU3791,87.89,94.12,81.86,65.07,8.51,77.04,85.11,0,2,10,2,96.50,0,Placed,8.54
STU3792,87.13,75.94,72.77,72.05,9.78,81.46,85.08,0,3,0,2,98.11,0,Placed,9.59
STU3793,81.59,90.24,81.46,89.63,8.14,94.30,93.61,2,3,2,2,98.99,0,Placed,7.35
STU3794,91.57,93.97,78.84,75.72,7.90,84.44,70.08,3,2,0,2,92.18,0,Placed,8.47
STU3795,62.18,69.56,54.84,40.41,6.30,56.87,57.34,0,1,0,0,76.79,2,Not Placed,0
STU3796,78.44,94.73,92.24,69.16,8.82,78.95,75.05,0,0,0,2,91.52,0,Placed,7.58
STU3797,59.36,51.73,55.22,67.57,7.14,61.59,70.18,1,0,0,0,77.16,0,Not Placed,0
STU3798,77.20,84.65,92.86,88.60,8.00,88.69,92.58,2,0,10,0,83.14,0,Placed,8.92
STU3799,84.09,74.67,79.89,89.66,9.81,94.73,78.65,2,1,0,2,83.12,0,Placed,10.80
STU3800,61.18,71.05,55.96,46.89,5.80,57.65,73.54,0,0,0,0,62.78,1,Not Placed,0
STU3801,51.71,63.97,64.96,42.80,7.38,69.47,59.86,1,1,0,0,60.53,2,Not Placed,0
STU3802,51.22,74.37,74.88,47.26,5.50,59.72,68.28,0,1,0,0,71.22,2,Not Placed,0
STU3803,80.74,86.64,82.15,65.88,8.26,82.23,89.01,2,2,0,0,80.13,0,Placed,8.11
STU3804,55.10,54.70,69.57,41.33,7.53,59.96,53.90,0,1,0,0,64.50,0,Not Placed,0
STU3805,93.63,83.12,80.23,88.58,8.90,91.73,94.84,0,2,0,1,92.41,0,Placed,8.18
STU3806,86.38,79.11,94.25,92.73,9.15,88.92,73.85,3,2,0,0,86.77,0,Placed,9.44
STU3807,63.71,61.81,63.65,59.43,6.10,54.81,65.46,1,1,0,0,78.03,2,Not Placed,0
STU3808,63.87,53.19,55.71,55.05,6.30,65.30,65.23,1,0,0,0,71.70,2,Not Placed,0
STU3809,81.52,77.86,73.82,77.04,9.57,90.76,81.42,1,1,0,2,95.18,0,Placed,8.90
STU3810,92.67,84.35,75.30,87.94,9.66,91.95,79.41,1,4,0,2,96.23,0,Placed,10.41
STU3811,71.54,93.71,94.96,93.69,7.90,75.02,74.28,2,0,0,2,91.33,0,Placed,7.50
STU3812,83.45,92.13,75.30,77.16,9.86,87.66,85.71,3,3,0,0,86.74,0,Placed,12.24
STU3813,76.97,80.89,70.21,66.29,9.78,76.18,78.33,1,4,0,1,86.76,0,Placed,9.20
STU3814,75.25,81.99,72.13,76.19,8.27,79.93,92.45,2,0,5,0,86.08,0,Placed,8.58
STU3815,90.89,74.65,78.13,76.31,8.18,81.45,72.39,2,4,0,0,85.13,0,Placed,8.29
STU3816,55.49,70.54,58.48,61.36,7.38,69.38,58.02,0,0,0,0,77.26,1,Not Placed,0
STU3817,71.27,65.49,64.37,65.12,5.63,60.73,59.26,1,1,0,0,62.04,0,Not Placed,0
STU3818,94.36,94.74,82.90,89.79,7.87,93.88,80.66,2,0,6,0,98.71,0,Placed,7.93
STU3819,70.27,58.21,69.25,51.50,6.28,52.87,68.74,0,1,0,0,72.69,0,Not Placed,0
STU3820,56.41,52.58,67.55,62.68,7.63,50.56,52.12,1,1,0,0,69.66,1,Not Placed,0
STU3821,90.94,83.33,70.75,94.20,7.98,83.28,83.28,0,0,0,1,90.60,0,Placed,7.78
STU3822,84.98,70.96,82.20,89.19,8.12,92.28,79.17,3,0,0,1,94.38,0,Placed,9.60
STU3823,58.34,59.89,62.17,46.27,5.75,54.09,73.58,0,1,0,0,63.53,1,Not Placed,0
STU3824,69.25,63.28,59.46,43.06,7.47,53.73,64.47,1,1,0,0,72.24,1,Not Placed,0
STU3825,80.64,80.18,89.46,80.17,7.83,81.27,88.95,1,2,0,1,96.79,0,Placed,7.24
STU3826,58.02,71.79,62.66,50.40,7.58,60.07,71.99,0,1,0,0,68.86,1,Not Placed,0
STU3827,55.65,62.56,70.25,55.75,6.96,52.73,71.28,1,1,0,0,75.66,1,Not Placed,0
STU3828,73.65,64.11,61.64,45.99,7.61,65.44,64.25,0,0,0,0,73.58,2,Not Placed,0
STU3829,74.91,52.99,59.25,49.80,7.57,56.95,63.74,1,1,0,0,77.93,2,Not Placed,0
STU3830,89.72,77.80,81.13,75.90,8.07,76.45,90.41,3,1,0,1,87.94,0,Placed,8.98
STU3831,63.00,52.83,67.66,42.37,7.38,53.73,58.93,0,1,0,0,64.20,1,Not Placed,0
STU3832,62.77,63.66,55.64,44.04,7.53,62.08,74.44,0,0,0,0,64.55,1,Not Placed,0
STU3833,83.01,85.65,85.88,74.22,9.26,76.99,77.33,2,1,0,2,80.47,0,Placed,10.36
STU3834,91.89,73.44,83.75,73.93,8.84,76.96,84.99,3,2,0,1,83.69,0,Placed,9.56
STU3835,73.21,76.58,74.80,66.02,8.56,92.28,92.74,0,4,6,2,94.39,0,Placed,7.19
STU3836,67.57,51.06,52.36,65.98,6.71,66.99,64.26,0,1,0,0,75.32,1,Not Placed,0
STU3837,76.84,80.26,89.39,85.41,9.63,87.46,70.61,2,3,0,1,96.22,0,Placed,11.38
STU3838,71.01,88.97,90.63,91.99,7.85,78.08,84.94,2,4,7,0,96.43,0,Placed,7.64
STU3839,63.86,50.27,53.08,61.39,6.65,64.46,71.10,1,1,0,0,73.08,2,Not Placed,0
STU3840,60.25,65.40,58.45,51.21,6.76,58.06,63.45,1,1,0,0,65.10,0,Not Placed,0
STU3841,90.27,80.94,75.85,81.78,7.57,91.28,78.34,3,1,0,2,92.45,0,Placed,7.42
STU3842,80.86,83.28,75.80,71.97,7.94,77.10,89.74,1,2,0,2,88.19,0,Placed,7.56
STU3843,70.43,63.61,73.96,56.67,7.34,57.79,68.09,1,1,0,0,74.68,2,Not Placed,0
STU3844,84.27,94.97,74.61,78.03,9.74,80.35,84.43,2,1,0,2,83.52,0,Placed,11.39
STU3845,94.76,84.87,91.17,78.05,9.70,80.32,86.88,0,4,0,0,97.66,0,Placed,10.51
STU3846,65.65,58.68,65.50,42.01,7.69,58.15,67.49,1,0,0,0,63.71,1,Not Placed,0
STU3847,73.98,50.97,68.01,48.79,7.23,50.22,63.33,0,0,0,0,75.85,2,Not Placed,0
STU3848,88.87,78.97,78.22,65.10,8.13,93.37,89.26,2,2,0,2,92.94,0,Placed,7.68
STU3849,89.57,73.73,70.82,70.64,8.41,85.07,89.84,3,0,0,1,87.32,0,Placed,8.73
STU3850,79.42,80.31,88.41,65.26,9.25,86.64,85.54,1,2,0,2,93.80,0,Placed,9.98
STU3851,71.01,66.58,53.53,46.85,5.53,65.77,51.16,0,0,0,0,74.82,0,Not Placed,0
STU3852,83.86,75.07,82.11,87.70,9.34,88.01,85.48,2,3,0,2,81.12,0,Placed,10.42
STU3853,66.73,62.80,57.86,57.51,7.41,69.33,67.04,1,0,0,0,68.68,0,Placed,7.59
STU3854,73.83,60.80,52.09,51.48,6.18,57.97,70.26,0,0,0,0,64.55,1,Not Placed,0
STU3855,90.83,75.09,90.27,94.45,8.71,93.13,94.26,3,4,10,0,89.35,0,Placed,10.11
STU3856,93.70,70.65,87.95,70.90,9.53,89.50,82.99,1,0,0,0,87.56,0,Placed,9.95
STU3857,74.57,63.84,51.26,47.17,7.63,51.44,61.94,0,0,0,0,66.06,1,Not Placed,0
STU3858,73.54,80.69,70.79,85.06,8.30,83.43,87.74,2,4,0,2,87.35,0,Placed,7.83
STU3859,74.81,67.78,59.55,64.30,5.65,66.26,72.00,1,0,0,0,78.39,2,Not Placed,0
STU3860,74.07,79.04,84.43,75.23,8.92,76.44,74.19,0,2,3,0,84.32,0,Placed,7.40
STU3861,51.66,61.99,50.31,42.76,5.65,58.52,55.54,1,1,0,0,78.37,1,Not Placed,0
STU3862,59.16,62.68,51.61,48.94,7.61,64.49,50.25,0,1,0,0,68.24,0,Not Placed,0
STU3863,87.19,79.73,83.84,75.02,8.46,90.35,86.76,0,3,0,0,98.61,0,Placed,8.26
STU3864,93.88,77.89,76.72,77.62,8.73,88.42,86.18,2,2,0,1,83.74,0,Placed,9.74
STU3865,59.07,54.15,71.52,49.52,5.95,57.49,68.90,1,0,0,0,61.04,1,Not Placed,0
STU3866,68.49,70.06,50.81,67.25,7.44,52.30,53.50,0,0,0,0,63.35,2,Not Placed,0
STU3867,70.92,73.34,94.92,76.72,9.62,80.46,75.53,2,1,0,0,99.00,0,Placed,10.70
STU3868,87.98,80.38,83.14,87.88,9.82,76.68,88.02,3,2,0,1,81.30,0,Placed,12.21
STU3869,83.06,80.39,81.17,92.24,9.36,75.33,75.02,1,0,0,0,93.24,0,Placed,10.03
STU3870,94.88,87.01,71.10,74.37,8.31,90.84,84.05,3,3,0,0,96.79,0,Placed,8.79
STU3871,75.11,93.61,81.39,75.18,9.27,76.02,82.83,1,3,0,2,87.46,0,Placed,10.24
STU3872,52.05,63.46,62.50,47.45,5.57,61.14,68.74,1,0,0,0,77.07,0,Not Placed,0
STU3873,72.41,54.41,60.87,45.01,6.30,51.61,59.40,0,0,0,0,76.95,0,Not Placed,0
STU3874,75.77,89.45,77.20,71.98,8.83,79.55,86.91,0,3,0,1,88.98,0,Placed,8.45
STU3875,92.92,70.46,82.30,66.70,9.11,84.41,85.57,1,4,0,2,83.11,0,Placed,8.67
STU3876,51.57,69.55,54.10,45.25,7.38,54.85,57.67,1,0,0,0,65.20,0,Not Placed,0
STU3877,89.85,71.87,89.80,68.25,7.81,90.11,83.46,0,4,0,1,92.01,0,Placed,6.05
STU3878,90.00,80.10,74.28,70.13,9.84,87.42,83.15,3,0,11,1,97.19,0,Placed,11.35
STU3879,84.56,88.41,82.77,87.88,9.86,75.06,76.00,1,0,0,2,91.07,0,Placed,9.87
STU3880,54.75,58.79,70.85,58.23,7.72,60.25,65.86,1,1,0,0,66.88,2,Not Placed,0
STU3881,83.27,83.65,70.67,69.14,8.57,81.44,83.01,0,3,0,2,83.55,0,Placed,7.39
STU3882,83.16,93.19,70.57,88.99,7.59,81.31,94.09,0,2,0,0,97.38,0,Placed,7.10
STU3883,75.37,88.53,91.66,82.43,9.64,77.29,83.34,2,2,0,1,91.22,0,Placed,10.44
STU3884,70.90,73.52,72.23,85.74,9.87,78.00,94.63,1,3,4,1,88.70,0,Placed,11.13
STU3885,76.73,76.64,85.60,88.61,9.39,75.69,76.63,3,3,0,2,86.74,0,Placed,10.53
STU3886,92.28,93.99,80.74,75.95,7.89,79.69,72.93,1,1,1,0,95.47,0,Placed,6.40
STU3887,72.18,79.99,76.80,73.10,9.68,77.50,80.29,3,3,0,0,89.43,0,Placed,10.32
STU3888,84.90,83.45,85.00,71.43,9.65,93.99,93.14,0,2,0,1,83.95,0,Placed,8.71
STU3889,94.94,71.44,77.72,81.73,8.87,94.94,90.59,0,1,0,0,96.43,0,Placed,9.17
STU3890,74.73,62.24,63.00,41.28,7.85,60.06,74.24,0,0,0,0,70.09,1,Not Placed,0
STU3891,83.51,86.12,81.93,68.41,8.29,76.25,87.80,0,0,0,1,87.74,0,Placed,6.72
STU3892,93.36,70.89,74.03,84.06,8.47,89.09,78.40,2,3,0,0,96.19,0,Placed,8.56
STU3893,65.71,65.72,69.05,48.47,6.61,67.03,59.03,1,0,0,0,75.53,1,Not Placed,0
STU3894,75.60,73.17,87.28,73.63,9.42,86.88,81.48,3,0,0,2,88.55,0,Placed,10.55
STU3895,75.13,81.59,90.52,77.06,8.95,87.41,86.58,3,1,0,0,84.75,0,Placed,10.56
STU3896,85.84,82.47,94.53,76.31,9.25,87.91,85.77,3,3,0,2,83.25,0,Placed,10.53
STU3897,94.29,79.11,83.59,91.15,7.51,77.18,85.64,3,2,10,0,95.22,0,Placed,7.19
STU3898,63.08,64.40,53.47,50.66,7.88,59.07,74.96,1,1,0,0,62.64,1,Not Placed,0
STU3899,55.12,66.14,70.18,67.00,7.09,63.04,62.31,1,1,0,0,60.13,0,Not Placed,0
STU3900,55.14,67.93,70.08,41.86,6.58,64.33,66.10,1,0,0,0,63.17,1,Not Placed,0
STU3901,68.45,56.17,59.59,49.98,6.14,68.39,66.12,0,1,0,0,64.74,2,Not Placed,0
STU3902,84.45,86.67,94.37,72.95,9.45,78.78,80.63,1,0,7,0,97.63,0,Placed,10.06
STU3903,90.89,89.29,79.61,68.08,7.87,93.38,74.77,3,0,0,0,86.51,0,Placed,8.29
STU3904,85.60,92.55,70.09,69.28,9.73,93.68,87.45,3,2,2,1,90.29,0,Placed,10.30
STU3905,84.89,81.72,76.33,83.94,9.75,78.64,81.39,1,2,0,2,86.49,0,Placed,9.63
STU3906,90.63,90.14,71.07,81.05,9.72,79.72,73.98,2,3,0,2,90.55,0,Placed,9.71
STU3907,60.42,73.19,58.42,64.98,6.28,65.12,50.47,1,0,0,0,64.60,1,Not Placed,0
STU3908,89.44,72.87,85.36,66.42,8.03,75.14,83.50,1,1,0,0,82.41,0,Placed,8.48
STU3909,50.77,67.93,61.77,45.73,7.21,58.56,60.60,0,1,0,0,62.90,0,Not Placed,0
STU3910,94.40,89.91,94.55,86.67,8.85,80.72,87.55,0,3,0,0,98.21,0,Placed,9.25
STU3911,62.84,69.64,68.77,40.89,7.67,50.64,56.55,0,0,0,0,61.18,2,Not Placed,0
STU3912,86.45,93.64,88.91,89.72,8.14,85.14,93.86,2,4,0,2,90.54,0,Placed,8.97
STU3913,87.16,89.98,90.16,65.48,8.63,91.91,85.31,2,2,0,1,93.92,0,Placed,9.61
STU3914,83.79,70.74,88.26,78.58,9.15,75.52,83.58,1,1,4,1,84.55,0,Placed,9.80
STU3915,87.91,88.15,75.59,90.09,7.68,85.04,90.20,3,0,0,0,91.08,0,Placed,7.79
STU3916,90.22,85.80,82.15,72.00,9.42,92.92,89.33,0,1,1,1,88.87,0,Placed,8.64
STU3917,59.25,71.45,74.09,54.83,7.27,56.06,62.47,1,1,0,0,76.32,1,Not Placed,0
STU3918,80.79,79.76,83.93,85.07,8.65,94.33,94.75,1,2,9,1,90.88,0,Placed,8.63
STU3919,89.42,79.95,78.67,69.41,8.93,79.82,76.40,1,4,11,1,94.43,0,Placed,9.63
STU3920,91.27,79.42,83.97,66.44,8.81,91.56,84.34,1,0,0,0,98.20,0,Placed,8.66
STU3921,70.45,80.84,93.92,85.58,9.38,92.56,76.55,1,0,6,0,91.05,0,Placed,10.31
STU3922,71.04,71.38,56.48,49.19,6.41,64.62,68.52,0,0,0,0,71.02,1,Not Placed,0
STU3923,79.21,86.33,94.67,83.76,8.09,79.29,82.84,0,2,0,1,80.72,0,Placed,7.30
STU3924,50.14,72.90,58.96,62.47,7.77,52.18,52.52,1,0,0,0,67.55,0,Not Placed,0
STU3925,78.67,93.69,86.92,91.13,9.29,89.49,88.90,3,2,0,1,97.86,0,Placed,10.84
STU3926,64.61,63.83,62.20,55.27,5.83,51.68,73.53,0,0,0,0,68.67,1,Not Placed,0
STU3927,50.65,61.33,58.75,57.65,7.08,67.07,53.30,1,1,0,0,75.13,0,Not Placed,0
STU3928,74.80,51.36,60.32,53.53,5.92,61.80,59.40,0,0,0,0,77.60,0,Not Placed,0
STU3929,86.37,90.84,75.76,92.90,8.17,92.10,86.83,2,2,0,0,93.12,0,Placed,8.64
STU3930,93.00,80.74,79.84,68.22,7.83,89.58,80.24,3,1,0,0,88.80,0,Placed,9.00
STU3931,70.37,72.74,66.24,52.16,5.53,54.11,65.98,1,0,0,0,71.04,1,Not Placed,0
STU3932,73.65,60.18,59.29,51.88,7.49,51.49,56.06,1,0,0,0,68.57,2,Not Placed,0
STU3933,69.86,53.53,69.80,64.18,5.96,68.32,68.15,0,0,0,0,74.35,0,Not Placed,0
STU3934,81.49,92.04,90.09,70.02,8.24,87.60,90.01,2,1,0,1,82.73,0,Placed,9.33
STU3935,80.58,83.38,91.41,78.34,7.92,90.95,93.47,2,4,0,0,81.72,0,Placed,7.80
STU3936,52.94,59.95,56.17,57.33,6.22,50.24,69.47,0,0,0,0,78.73,1,Not Placed,0
STU3937,72.88,54.22,59.13,62.90,7.48,67.70,65.40,1,1,0,0,69.00,0,Placed,6.66
STU3938,50.72,55.71,66.11,44.04,7.74,65.40,67.28,0,1,0,0,63.66,0,Not Placed,0
STU3939,63.61,60.85,68.29,43.43,5.98,59.10,55.64,0,1,0,0,72.16,2,Not Placed,0
STU3940,71.63,62.99,62.30,68.21,5.64,52.40,68.07,1,1,0,0,74.08,1,Not Placed,0
STU3941,75.35,77.45,70.51,83.45,8.07,84.11,88.82,1,2,0,0,96.34,0,Placed,8.14
STU3942,55.38,63.07,69.31,55.38,5.96,56.73,69.32,0,1,0,0,74.68,1,Not Placed,0
STU3943,72.73,60.57,61.72,49.96,7.33,54.82,60.27,0,0,0,0,65.40,0,Not Placed,0
STU3944,93.10,83.29,83.76,77.13,9.81,77.43,76.40,2,4,0,1,91.75,0,Placed,10.43
STU3945,89.25,84.45,70.65,80.19,8.48,86.74,70.41,3,2,10,0,97.24,0,Placed,10.20
STU3946,94.66,70.57,89.50,94.81,8.84,78.96,79.55,0,3,0,0,91.95,0,Placed,8.93
STU3947,74.34,92.23,88.30,72.09,7.80,79.43,70.01,0,2,0,2,98.68,0,Placed,5.92
STU3948,81.68,92.41,73.60,75.27,7.51,80.67,83.56,3,2,0,1,93.46,0,Placed,6.79
STU3949,71.47,91.96,91.16,74.16,9.73,94.54,89.05,2,1,0,2,91.10,0,Placed,11.34
STU3950,90.15,87.08,77.13,81.10,9.36,79.34,89.35,0,0,0,0,89.94,0,Placed,9.49
STU3951,86.75,73.67,76.77,76.63,7.97,94.01,92.15,1,4,0,1,86.50,0,Placed,6.51
STU3952,94.43,84.27,90.21,69.03,8.01,94.67,77.63,1,0,0,2,97.80,0,Placed,8.11
STU3953,63.54,54.16,61.53,69.56,7.38,56.38,70.59,1,0,0,0,67.56,0,Not Placed,0
STU3954,74.51,84.80,80.16,90.34,8.51,75.42,77.82,3,3,0,2,87.44,0,Placed,8.45
STU3955,74.91,54.37,55.05,40.40,6.70,64.43,71.56,0,1,0,0,66.71,1,Not Placed,0
STU3956,85.58,80.04,71.53,74.42,8.24,84.74,91.28,3,2,0,2,81.09,0,Placed,9.61
STU3957,55.53,71.28,70.94,54.63,7.36,57.96,61.70,1,0,0,0,60.72,2,Not Placed,0
STU3958,82.15,87.42,86.00,94.04,9.25,93.95,82.96,1,0,8,0,82.49,0,Placed,9.81
STU3959,93.92,73.97,85.13,81.34,9.49,80.88,74.30,0,3,0,2,92.76,0,Placed,9.31
STU3960,65.55,60.44,57.99,53.57,6.05,64.63,73.03,1,1,0,0,68.29,2,Not Placed,0
STU3961,65.99,56.74,62.91,67.14,5.85,60.54,50.69,1,1,0,0,75.76,0,Not Placed,0
STU3962,74.60,53.14,74.49,63.35,6.37,54.08,73.83,1,0,0,0,74.98,1,Not Placed,0
STU3963,89.13,87.50,76.97,68.93,8.53,81.75,92.03,1,2,7,0,95.65,0,Placed,8.16
STU3964,71.71,83.13,72.19,90.23,8.99,94.31,94.59,0,2,0,0,94.49,0,Placed,9.19
STU3965,79.79,85.05,87.68,73.06,9.07,87.26,82.81,0,3,0,0,84.74,0,Placed,8.25
STU3966,87.04,80.70,80.87,79.92,7.91,83.63,81.50,1,1,0,0,96.02,0,Placed,6.64
STU3967,78.17,80.01,70.80,67.68,8.64,93.84,81.69,0,2,0,0,83.35,0,Placed,8.74
STU3968,63.75,65.12,57.17,57.45,5.92,51.99,65.29,0,0,0,0,68.13,0,Not Placed,0
STU3969,74.60,57.29,54.39,49.80,7.75,52.57,50.92,1,1,0,0,64.77,1,Not Placed,0
STU3970,59.93,53.52,65.54,62.06,6.25,59.31,72.79,1,0,0,0,77.30,2,Not Placed,0
STU3971,79.99,72.54,82.50,73.72,9.87,76.59,70.76,3,4,8,2,84.11,0,Placed,11.74
STU3972,54.23,60.41,58.89,69.99,7.86,62.89,65.20,1,1,0,0,67.51,1,Not Placed,0
STU3973,84.14,85.11,72.23,86.35,8.99,88.87,79.17,2,3,10,2,91.09,0,Placed,10.29
STU3974,60.97,67.00,72.05,54.46,6.36,69.17,54.75,0,0,0,0,76.61,2,Not Placed,0
STU3975,88.57,92.09,92.58,88.26,8.79,84.94,80.14,2,3,0,1,86.24,0,Placed,10.11
STU3976,60.45,68.67,61.06,51.28,5.71,55.50,53.69,0,0,0,0,76.94,0,Not Placed,0
STU3977,51.15,71.55,68.04,59.52,6.09,50.89,64.69,1,0,0,0,65.20,0,Not Placed,0
STU3978,72.41,93.86,88.21,68.39,8.86,87.70,79.60,0,2,0,0,86.51,0,Placed,7.56
STU3979,74.74,86.75,92.38,80.26,9.38,93.43,87.17,1,4,0,1,97.89,0,Placed,8.68
STU3980,53.33,52.28,69.47,67.67,5.57,63.57,72.30,1,0,0,0,77.28,1,Not Placed,0
STU3981,74.42,89.20,82.05,81.80,9.23,90.71,81.58,0,3,0,0,83.20,0,Placed,9.80
STU3982,82.24,86.04,78.58,77.86,9.87,81.87,72.40,0,3,0,0,84.89,0,Placed,9.57
STU3983,73.20,56.87,52.08,41.24,5.87,56.94,60.13,0,0,0,0,77.87,2,Not Placed,0
STU3984,90.25,82.33,91.22,73.75,8.37,75.12,71.82,1,4,0,0,80.01,0,Placed,7.80
STU3985,88.38,76.88,80.03,83.54,7.60,87.66,93.30,1,2,0,2,89.14,0,Placed,7.40
STU3986,63.41,54.73,60.83,66.72,6.61,61.67,66.94,0,1,0,0,77.22,1,Not Placed,0
STU3987,94.86,81.21,88.09,89.12,7.79,77.89,87.87,0,4,0,0,93.05,0,Placed,7.44
STU3988,73.12,73.53,71.41,79.44,8.02,92.24,89.60,0,3,10,0,94.45,0,Placed,7.78
STU3989,82.61,91.64,74.11,73.19,7.85,76.47,84.73,1,2,0,2,82.57,0,Placed,7.56
STU3990,85.86,91.56,78.06,71.74,8.20,89.02,78.70,3,1,0,2,88.80,0,Placed,8.54
STU3991,88.95,71.26,83.97,74.73,9.62,94.56,72.41,2,0,0,2,96.09,0,Placed,9.95
STU3992,69.33,73.74,52.94,50.72,7.19,57.50,60.82,0,1,0,0,70.58,1,Not Placed,0
STU3993,71.94,57.67,60.00,61.30,6.76,50.68,67.56,0,0,0,0,64.51,0,Not Placed,0
STU3994,93.20,71.67,79.40,75.29,8.92,93.76,76.28,3,0,3,0,93.06,0,Placed,10.18
STU3995,90.03,87.73,86.31,78.20,9.88,87.61,92.35,2,3,0,2,86.52,0,Placed,11.80
STU3996,80.87,92.73,83.53,69.64,8.57,94.48,79.38,2,3,0,0,80.12,0,Placed,8.52
STU3997,72.74,60.58,51.23,55.87,7.20,68.40,59.59,0,0,0,0,69.52,0,Not Placed,0
STU3998,55.39,64.38,72.76,40.71,5.62,61.13,51.15,1,1,0,0,74.52,1,Not Placed,0
STU3999,75.39,93.95,79.82,70.95,9.33,81.09,70.75,3,4,0,1,98.88,0,Placed,10.28
STU4000,79.71,91.54,95.00,65.44,7.54,87.58,75.78,1,3,0,0,91.30,0,Placed,6.90
STU4001,70.26,61.22,69.33,52.68,7.07,67.41,65.21,0,1,0,0,67.89,1,Not Placed,0
STU4002,67.37,73.87,72.66,45.08,5.52,54.44,70.31,1,0,0,0,78.45,1,Not Placed,0
STU4003,76.88,87.36,76.96,74.69,9.55,81.96,77.83,1,3,0,2,97.75,0,Placed,10.37
STU4004,89.98,81.58,90.48,89.30,8.18,77.24,94.59,2,4,0,2,92.75,0,Placed,7.90
STU4005,82.83,73.06,94.13,84.26,7.72,83.62,91.81,3,1,0,2,94.24,0,Placed,8.02
STU4006,60.92,57.52,65.66,41.96,7.90,60.45,71.84,0,1,0,0,76.05,1,Not Placed,0
STU4007,53.96,53.22,54.35,47.88,6.18,55.99,67.78,1,1,0,0,70.85,2,Not Placed,0
STU4008,69.45,51.69,74.68,68.21,6.75,57.54,57.11,1,1,0,0,75.93,1,Not Placed,0
STU4009,57.19,50.86,54.90,65.74,5.83,58.41,60.44,0,1,0,0,62.56,1,Not Placed,0
STU4010,67.62,62.83,60.93,49.31,6.02,68.52,67.67,0,1,0,0,76.15,1,Not Placed,0
STU4011,94.40,88.51,87.89,75.46,9.66,87.22,88.29,2,3,0,0,84.00,0,Placed,9.68
STU4012,69.45,66.56,67.57,48.17,6.19,67.89,57.06,1,0,0,0,74.50,2,Not Placed,0
STU4013,71.57,63.79,54.49,44.24,5.61,53.51,68.51,0,1,0,0,71.95,0,Not Placed,0
STU4014,71.85,86.89,86.76,88.79,8.74,90.86,78.86,3,0,5,1,86.91,0,Placed,8.75
STU4015,93.84,76.37,73.11,75.30,8.47,75.27,79.01,1,4,0,0,94.23,0,Placed,8.01
STU4016,92.08,89.75,88.37,89.89,7.94,88.65,73.75,0,3,0,1,98.18,0,Placed,7.41
STU4017,70.71,60.51,57.77,42.76,7.54,68.31,55.15,0,1,0,0,63.25,1,Not Placed,0
STU4018,76.96,71.45,83.86,85.30,9.89,88.10,93.67,2,2,0,2,90.30,0,Placed,11.27
STU4019,84.66,83.24,89.42,76.60,7.81,84.24,76.71,2,0,0,0,92.50,0,Placed,7.62
STU4020,71.96,94.74,73.86,72.43,9.86,80.53,81.87,3,2,0,0,84.60,0,Placed,11.12
STU4021,50.30,73.64,60.49,52.80,6.37,59.05,68.40,0,0,0,0,63.95,0,Not Placed,0
STU4022,71.65,80.30,94.90,93.50,8.05,79.22,77.01,1,4,0,2,82.32,0,Placed,7.77
STU4023,74.22,76.29,77.85,75.93,9.82,91.75,78.15,1,1,0,1,84.95,0,Placed,10.86
STU4024,79.65,84.40,90.22,93.04,9.27,87.75,73.80,1,2,0,1,91.05,0,Placed,8.79
STU4025,65.52,52.06,64.31,61.73,6.11,63.56,50.75,0,1,0,0,74.49,0,Not Placed,0
STU4026,86.72,87.72,85.85,77.78,9.60,79.35,86.48,0,2,0,2,94.97,0,Placed,9.00
STU4027,91.08,79.10,78.66,83.17,7.73,91.23,71.74,0,0,0,0,86.10,0,Placed,6.51
STU4028,63.37,53.56,61.46,47.07,7.44,54.36,50.87,0,1,0,0,69.93,2,Not Placed,0
STU4029,71.04,73.17,79.12,66.91,8.74,89.85,93.41,1,4,0,1,86.38,0,Placed,8.31
STU4030,93.84,80.99,90.18,71.70,9.87,81.15,90.30,3,3,4,0,88.52,0,Placed,11.56
STU4031,88.42,71.20,94.77,90.62,8.20,80.50,81.33,3,2,0,0,93.10,0,Placed,9.20
STU4032,83.34,91.42,89.76,89.71,8.76,81.32,80.03,1,4,0,2,83.97,0,Placed,9.36
STU4033,86.37,88.44,81.54,87.33,8.50,78.61,81.23,1,2,0,0,96.58,0,Placed,8.90
STU4034,89.33,74.06,83.56,80.81,7.60,94.81,76.46,1,2,0,2,91.67,0,Placed,7.28
STU4035,92.06,78.38,82.19,91.50,7.51,79.37,84.95,1,0,0,2,96.55,0,Placed,7.62
STU4036,68.40,52.22,67.70,50.76,6.13,53.86,71.23,0,1,0,0,63.32,1,Not Placed,0
STU4037,77.55,83.83,87.97,88.74,9.57,83.09,90.62,2,2,0,1,85.81,0,Placed,9.66
STU4038,64.07,72.98,55.31,49.43,6.54,60.94,58.07,0,1,0,0,76.18,2,Not Placed,0
STU4039,65.80,55.42,60.72,58.22,7.04,63.56,71.97,1,1,0,0,66.29,2,Not Placed,0
STU4040,90.18,78.68,93.05,92.41,7.63,86.28,86.85,3,4,0,2,95.99,0,Placed,7.80
STU4041,84.00,83.85,91.45,80.29,8.68,90.38,72.50,1,3,0,1,93.42,0,Placed,9.07
STU4042,56.46,58.19,50.55,58.32,6.59,66.52,74.94,0,1,0,0,66.99,2,Not Placed,0
STU4043,77.58,92.49,76.73,75.42,8.34,91.43,82.26,0,1,0,0,94.89,0,Placed,7.72
STU4044,91.73,85.82,88.07,67.41,8.66,83.60,82.51,1,4,0,1,92.47,0,Placed,8.92
STU4045,73.98,78.60,72.76,76.07,8.13,89.46,72.59,3,0,9,2,81.80,0,Placed,8.11
STU4046,84.59,78.52,83.82,80.21,9.11,79.28,79.56,2,3,0,1,81.09,0,Placed,8.81
STU4047,70.56,72.84,61.10,55.66,7.20,61.17,71.91,0,1,0,0,76.42,0,Not Placed,0
STU4048,74.97,85.29,85.69,85.04,8.63,86.76,85.96,2,0,0,1,82.85,0,Placed,9.59
STU4049,92.92,76.64,73.85,89.17,7.79,83.40,72.05,0,3,0,2,86.86,0,Placed,5.76
STU4050,88.32,87.71,87.70,72.35,8.91,76.90,72.92,0,0,0,0,84.49,0,Placed,7.99
STU4051,93.31,70.68,79.96,78.03,8.84,93.00,81.05,0,1,0,0,82.22,0,Placed,8.01
STU4052,72.05,71.79,68.70,46.54,5.87,54.61,60.81,0,1,0,0,69.43,1,Not Placed,0
STU4053,93.72,90.76,78.38,72.66,9.58,93.00,88.70,0,1,0,0,88.75,0,Placed,9.08
STU4054,56.83,51.82,56.14,67.17,6.08,63.19,50.87,0,1,0,0,70.63,2,Not Placed,0
STU4055,70.37,87.75,76.03,88.54,7.98,85.12,79.88,2,0,10,0,85.81,0,Placed,7.43
STU4056,74.53,57.78,50.21,46.80,6.76,56.32,51.93,1,0,0,0,60.63,1,Not Placed,0
STU4057,52.14,64.17,68.00,41.64,5.77,50.88,73.33,0,0,0,0,74.45,2,Not Placed,0
STU4058,70.89,68.97,50.18,51.15,6.07,56.71,52.62,1,1,0,0,66.48,1,Not Placed,0
STU4059,56.99,64.76,71.21,64.25,7.78,51.92,64.49,0,0,0,0,76.60,0,Not Placed,0
STU4060,70.27,69.54,63.95,58.74,7.05,68.52,74.63,1,0,0,0,70.01,1,Not Placed,0
STU4061,86.26,93.20,85.02,67.12,9.18,81.97,82.35,0,0,0,1,98.42,0,Placed,9.25
STU4062,80.79,92.42,91.82,72.97,8.82,84.68,80.62,1,1,0,1,97.77,0,Placed,8.56
STU4063,67.16,74.95,53.11,48.69,6.01,65.15,68.85,1,1,0,0,65.77,0,Not Placed,0
STU4064,93.51,73.15,93.35,68.61,9.73,81.40,71.05,3,1,2,2,98.71,0,Placed,10.37
STU4065,84.57,87.20,92.02,91.60,8.63,84.38,70.02,2,0,0,1,96.21,0,Placed,8.27
STU4066,83.37,70.07,74.07,85.75,8.22,80.54,83.49,1,1,6,1,82.50,0,Placed,7.51
STU4067,88.77,92.29,80.22,78.18,8.28,90.04,87.21,2,0,0,0,91.56,0,Placed,8.44
STU4068,74.34,61.12,59.37,68.87,7.07,55.58,73.84,0,0,0,0,69.49,1,Not Placed,0
STU4069,58.63,64.62,68.28,41.90,5.71,62.04,54.71,1,0,0,0,66.98,2,Not Placed,0
STU4070,72.07,88.57,89.66,74.36,7.55,87.10,76.42,1,2,0,2,98.99,0,Placed,7.12
STU4071,84.85,79.78,81.41,85.54,9.79,89.12,83.30,3,4,0,1,80.02,0,Placed,11.69
STU4072,64.18,62.14,55.21,49.10,7.63,53.76,66.92,1,0,0,0,71.12,0,Not Placed,0
STU4073,73.47,83.78,74.72,84.75,8.85,89.55,86.48,0,3,6,0,96.90,0,Placed,7.85
STU4074,65.23,73.86,69.43,45.16,5.71,54.79,63.14,0,1,0,0,76.27,1,Not Placed,0
STU4075,88.44,94.72,78.62,82.16,9.62,86.32,82.73,2,1,0,0,88.01,0,Placed,11.16
STU4076,69.25,67.65,61.42,58.23,7.66,55.81,65.81,1,1,0,0,65.13,0,Not Placed,0
STU4077,56.11,67.52,59.39,69.23,5.87,67.58,62.63,0,0,0,0,78.57,1,Not Placed,0
STU4078,55.46,62.42,52.11,61.72,7.26,53.08,72.70,1,1,0,0,78.24,1,Not Placed,0
STU4079,71.60,73.82,94.61,79.45,7.96,88.37,82.50,2,2,0,1,89.86,0,Placed,7.74
STU4080,73.15,50.16,67.72,56.39,6.51,58.46,56.46,0,1,0,0,68.25,1,Not Placed,0
STU4081,89.67,82.28,90.90,82.91,8.09,86.91,75.13,1,1,0,0,91.61,0,Placed,7.58
STU4082,78.53,92.50,94.64,92.15,8.26,85.07,71.29,2,1,0,1,80.15,0,Placed,8.03
STU4083,91.03,81.23,84.43,72.10,8.47,89.63,73.60,0,3,0,2,96.56,0,Placed,7.20
STU4084,88.94,71.66,77.85,69.05,8.47,86.47,88.13,1,4,0,1,98.81,0,Placed,8.99
STU4085,70.39,75.95,78.33,78.97,8.68,89.90,93.23,0,3,0,0,90.66,0,Placed,8.20
STU4086,81.77,84.14,79.34,93.18,7.54,78.65,92.20,0,0,0,2,80.67,0,Placed,5.34
STU4087,89.97,82.96,76.21,77.28,9.00,94.95,84.17,3,3,0,2,88.41,0,Placed,9.49
STU4088,81.87,74.22,85.72,65.96,9.65,80.74,76.33,3,1,0,0,87.02,0,Placed,11.33
STU4089,68.82,73.64,71.41,55.63,7.44,53.47,71.54,1,0,0,0,73.30,0,Not Placed,0
STU4090,74.70,76.11,84.33,70.60,8.14,76.53,77.30,1,3,0,0,87.04,0,Placed,7.51
STU4091,78.15,87.08,82.59,71.42,9.37,83.80,84.80,0,3,0,1,84.36,0,Placed,9.60
STU4092,88.17,77.18,83.02,80.30,9.84,92.28,80.02,2,2,0,0,95.57,0,Placed,10.85
STU4093,80.33,84.84,90.71,87.09,9.70,90.38,94.06,0,0,0,0,88.13,0,Placed,9.94
STU4094,79.59,82.07,78.14,82.71,8.17,80.32,87.92,3,0,4,2,98.72,0,Placed,8.66
STU4095,57.45,72.79,56.80,43.50,6.73,55.37,62.45,0,1,0,0,73.68,2,Not Placed,0
STU4096,80.91,86.10,92.78,70.49,8.77,81.77,90.40,0,0,0,2,93.28,0,Placed,8.39
STU4097,65.24,52.25,56.78,53.93,7.48,61.54,53.80,1,1,0,0,68.46,0,Not Placed,0
STU4098,62.70,74.35,61.53,57.09,5.93,65.68,58.54,1,1,0,0,72.25,1,Not Placed,0
STU4099,63.01,56.87,69.23,52.70,6.04,66.88,67.88,1,1,0,0,65.88,2,Not Placed,0
STU4100,70.40,74.06,86.10,91.13,9.88,79.64,83.64,2,2,0,0,84.70,0,Placed,11.68
STU4101,93.69,81.13,76.87,78.16,9.06,75.48,71.95,3,3,0,1,86.06,0,Placed,9.81
STU4102,84.39,72.78,87.89,85.78,8.96,91.69,71.49,3,0,0,2,89.76,0,Placed,9.35
STU4103,72.38,82.02,81.62,94.30,7.56,77.56,93.89,2,4,3,1,84.73,0,Placed,7.44
STU4104,58.61,56.17,73.67,45.79,6.22,67.27,58.58,1,1,0,0,66.27,2,Not Placed,0
STU4105,78.22,70.89,87.44,93.17,8.76,77.00,93.41,1,3,0,2,88.03,0,Placed,8.62
STU4106,71.89,74.93,61.69,45.37,5.58,50.72,74.87,0,1,0,0,60.62,0,Not Placed,0
STU4107,64.60,62.75,67.36,68.75,6.66,51.04,51.16,1,1,0,0,63.56,2,Not Placed,0
STU4108,77.68,72.36,84.66,78.33,9.88,93.50,75.73,1,0,0,0,83.61,0,Placed,10.58
STU4109,78.77,85.58,92.85,85.63,8.30,75.68,79.57,1,0,0,1,97.71,0,Placed,7.30
STU4110,76.40,91.65,72.83,93.80,8.53,91.75,82.25,1,0,10,1,82.67,0,Placed,7.80
STU4111,84.71,87.49,79.39,87.51,7.65,92.54,83.61,3,1,0,0,94.34,0,Placed,8.76
STU4112,64.25,60.68,51.09,67.35,5.64,66.76,71.41,1,1,0,0,67.82,2,Not Placed,0
STU4113,83.01,88.77,88.81,65.71,7.69,87.44,89.62,0,3,0,1,86.02,0,Placed,6.79
STU4114,63.30,72.89,54.67,54.44,5.82,59.60,69.72,1,0,0,0,71.44,0,Not Placed,0
STU4115,69.02,50.44,50.92,41.52,6.93,62.29,55.87,0,0,0,0,70.12,2,Not Placed,0
STU4116,67.11,54.12,66.47,49.87,7.11,66.86,53.46,1,0,0,0,60.69,0,Not Placed,0
STU4117,53.10,60.96,58.37,56.54,5.63,58.40,68.29,1,0,0,0,60.21,2,Not Placed,0
STU4118,77.93,84.75,86.25,65.99,9.02,79.77,84.51,1,1,0,2,83.57,0,Placed,9.10
STU4119,53.15,58.83,57.42,53.00,6.16,57.97,68.84,1,1,0,0,70.18,1,Not Placed,0
STU4120,70.65,81.65,71.37,66.48,8.00,94.60,75.16,1,2,5,1,98.73,0,Placed,7.39
STU4121,73.77,71.91,80.69,67.31,7.61,77.55,70.13,3,3,0,2,86.61,0,Placed,7.74
STU4122,57.96,73.59,55.65,58.97,5.72,51.51,55.02,1,1,0,0,61.56,0,Not Placed,0
STU4123,94.27,93.06,89.27,80.09,8.22,90.65,93.89,0,0,0,1,83.82,0,Placed,6.62
STU4124,53.65,61.93,61.31,54.01,5.69,61.53,63.41,0,1,0,0,78.94,0,Not Placed,0
STU4125,94.68,78.23,82.88,85.09,8.80,76.93,78.36,0,3,7,0,81.42,0,Placed,8.65
STU4126,92.57,75.64,86.32,66.31,9.48,88.24,92.30,2,2,0,1,98.88,0,Placed,9.29
STU4127,85.23,85.49,84.91,74.01,8.66,91.79,92.66,0,1,0,2,96.21,0,Placed,7.55
STU4128,72.36,74.79,94.34,73.90,7.70,86.98,84.53,3,3,0,0,91.09,0,Placed,7.70
STU4129,82.05,89.20,79.90,90.25,9.80,90.03,85.04,0,4,0,2,96.77,0,Placed,9.73
STU4130,74.53,77.07,89.92,85.42,9.30,80.01,94.64,0,0,0,1,96.87,0,Placed,8.75
STU4131,72.87,64.68,51.17,64.90,6.41,67.22,74.90,1,1,0,0,74.61,1,Not Placed,0
STU4132,92.67,79.18,74.71,75.79,9.36,90.46,85.40,1,1,0,0,93.00,0,Placed,9.46
STU4133,70.95,72.00,80.80,78.49,7.67,90.31,77.87,1,4,0,2,80.43,0,Placed,6.28
STU4134,76.38,85.21,86.85,77.09,8.67,85.06,75.49,3,2,0,1,82.04,0,Placed,10.46
STU4135,81.45,93.07,73.32,85.12,9.22,94.51,81.47,3,2,0,2,81.58,0,Placed,10.82
STU4136,76.17,92.91,94.82,82.67,8.24,89.63,70.63,0,4,0,0,94.27,0,Placed,7.63
STU4137,92.09,78.33,74.21,80.13,9.38,89.79,71.82,1,1,0,2,94.45,0,Placed,10.16
STU4138,80.54,73.91,85.08,68.99,8.83,91.60,82.16,0,4,0,0,81.22,0,Placed,7.40
STU4139,71.23,50.76,56.42,68.72,7.03,55.37,59.92,1,0,0,0,69.66,0,Not Placed,0
STU4140,94.16,79.42,85.76,68.44,8.25,82.30,82.12,0,0,0,0,91.86,0,Placed,7.64
STU4141,70.73,71.85,74.32,68.26,5.56,58.96,72.17,0,1,0,0,63.40,0,Not Placed,0
STU4142,87.68,77.92,90.73,84.58,8.03,79.64,70.51,2,1,0,1,93.79,0,Placed,8.75
STU4143,63.89,67.71,65.75,53.55,6.15,56.16,55.69,1,1,0,0,76.93,1,Not Placed,0
STU4144,84.76,91.11,85.71,93.04,8.13,90.91,75.19,1,3,0,2,95.22,0,Placed,7.47
STU4145,54.24,70.25,54.87,56.84,5.79,58.85,50.28,0,1,0,0,76.86,0,Not Placed,0
STU4146,84.82,91.93,74.22,90.24,8.21,94.32,80.20,2,2,0,2,86.49,0,Placed,7.88
STU4147,63.22,63.74,58.34,58.77,7.87,66.67,54.76,1,0,0,0,77.24,0,Placed,6.54
STU4148,76.23,78.99,73.15,88.21,8.94,80.64,93.32,3,1,0,2,83.90,0,Placed,9.10
STU4149,88.58,93.78,80.26,65.15,7.73,93.78,93.40,1,3,0,2,95.56,0,Placed,6.44
STU4150,66.61,50.15,74.67,63.65,6.22,60.45,52.36,0,1,0,0,63.95,0,Not Placed,0
STU4151,78.54,84.30,89.36,86.42,9.35,94.39,75.25,3,2,0,1,94.19,0,Placed,11.17
STU4152,71.50,71.93,67.73,51.20,7.60,67.47,57.54,0,0,0,0,65.79,0,Not Placed,0
STU4153,60.63,63.14,66.64,40.91,7.15,61.36,62.56,0,0,0,0,63.63,1,Not Placed,0
STU4154,82.11,74.58,73.92,92.27,8.87,76.71,90.37,3,2,0,0,87.69,0,Placed,10.36
STU4155,83.05,78.40,93.38,90.57,9.09,92.43,73.09,2,2,0,0,90.49,0,Placed,9.29
STU4156,73.09,50.56,54.56,50.32,7.06,50.63,56.70,1,1,0,0,60.15,0,Not Placed,0
STU4157,70.91,94.17,86.18,74.17,8.99,83.16,84.67,0,0,0,0,87.01,0,Placed,8.66
STU4158,71.06,58.55,60.54,68.84,5.64,62.65,59.10,0,0,0,0,72.77,2,Not Placed,0
STU4159,63.08,73.41,53.57,60.16,6.85,63.13,58.71,0,0,0,0,68.45,2,Not Placed,0
STU4160,65.70,54.20,68.00,54.99,6.32,59.03,55.78,1,0,0,0,64.62,2,Not Placed,0
STU4161,76.10,91.10,71.84,74.80,8.09,79.05,78.96,0,0,9,2,88.78,0,Placed,6.26
STU4162,50.32,59.60,64.86,62.20,6.60,68.59,61.66,1,0,0,0,70.74,2,Not Placed,0
STU4163,81.77,90.03,84.12,65.47,8.82,88.11,90.61,0,1,0,2,83.52,0,Placed,7.36
STU4164,80.11,70.13,86.19,88.67,9.89,80.00,78.02,0,3,0,1,87.05,0,Placed,10.18
STU4165,74.96,90.79,81.07,79.84,9.77,87.57,73.26,0,4,0,2,83.48,0,Placed,9.46
STU4166,66.01,69.60,55.79,44.61,7.43,54.14,65.26,1,0,0,0,75.29,1,Not Placed,0
STU4167,86.00,81.73,78.42,88.41,9.77,79.75,74.21,3,3,0,1,83.79,0,Placed,11.92
STU4168,75.04,87.91,71.96,84.73,8.82,79.61,76.39,0,1,0,1,82.78,0,Placed,8.69
STU4169,90.04,80.84,72.63,82.02,9.57,77.74,80.04,3,2,0,0,96.82,0,Placed,11.75
STU4170,90.59,87.23,76.74,65.44,7.56,82.20,70.11,0,3,0,1,81.54,0,Placed,5.97
STU4171,77.94,91.86,71.29,80.17,7.82,83.38,81.94,3,2,0,0,85.19,0,Placed,7.97
STU4172,59.28,70.61,68.14,60.61,7.57,55.59,74.54,1,0,0,0,71.89,0,Not Placed,0
STU4173,86.44,89.74,81.05,76.55,8.11,85.94,73.69,2,0,9,1,83.86,0,Placed,7.40
STU4174,90.35,83.36,78.79,92.35,9.66,78.93,93.65,3,3,0,2,97.38,0,Placed,11.56
STU4175,54.31,50.16,52.44,58.11,6.38,51.16,59.45,0,0,0,0,64.70,1,Not Placed,0
STU4176,72.87,93.27,89.31,89.70,7.61,88.18,77.02,1,0,0,0,96.72,0,Placed,7.22
STU4177,52.30,64.97,53.77,63.31,7.85,55.63,59.22,0,0,0,0,69.43,0,Not Placed,0
STU4178,74.82,56.44,71.72,69.81,6.33,56.30,50.76,0,1,0,0,74.92,1,Not Placed,0
STU4179,82.04,89.50,77.47,84.92,9.23,78.44,81.13,2,1,6,1,96.88,0,Placed,10.08
STU4180,84.78,78.53,82.99,79.75,8.11,79.25,78.13,2,2,0,2,83.78,0,Placed,9.16
STU4181,64.37,60.95,58.22,48.08,7.82,68.25,57.47,0,1,0,0,76.31,1,Not Placed,0
STU4182,76.37,92.32,93.24,87.39,8.56,78.47,92.65,3,1,11,1,86.66,0,Placed,8.53
STU4183,69.92,62.01,71.91,54.12,7.43,59.55,66.37,1,0,0,0,67.22,2,Not Placed,0
STU4184,82.01,72.79,70.92,88.73,8.48,75.47,75.78,3,3,0,1,84.42,0,Placed,9.17
STU4185,92.89,79.96,86.38,88.66,8.15,88.81,79.80,0,4,5,0,96.89,0,Placed,6.56
STU4186,75.14,93.14,79.34,90.81,8.93,89.89,94.38,3,0,0,0,88.81,0,Placed,9.38
STU4187,81.80,85.29,83.59,94.20,7.94,90.80,91.24,3,2,0,2,94.69,0,Placed,7.85
STU4188,85.99,70.84,87.75,66.65,7.68,94.43,84.79,2,3,0,2,82.28,0,Placed,6.53
STU4189,88.97,92.91,85.48,92.12,9.02,79.28,94.44,3,1,0,2,87.80,0,Placed,10.05
STU4190,85.39,80.74,88.88,75.75,9.08,83.72,87.69,1,0,0,2,93.58,0,Placed,8.26
STU4191,90.73,94.52,82.88,84.42,8.52,90.65,75.23,1,3,0,2,97.18,0,Placed,7.72
STU4192,61.70,51.06,72.06,42.88,6.22,59.78,70.99,1,0,0,0,65.10,2,Not Placed,0
STU4193,80.53,74.54,91.03,74.96,9.71,92.97,75.20,0,1,5,1,96.19,0,Placed,9.87
STU4194,68.41,65.03,64.94,48.65,7.04,59.12,52.54,0,0,0,0,70.06,0,Not Placed,0
STU4195,92.46,87.26,86.80,89.99,9.40,80.12,75.31,1,1,0,1,97.55,0,Placed,10.57
STU4196,54.11,73.08,57.97,41.89,6.05,67.16,52.18,1,0,0,0,64.58,2,Not Placed,0
STU4197,54.19,70.37,68.40,64.47,7.28,57.52,62.00,0,0,0,0,63.01,1,Not Placed,0
STU4198,82.22,92.73,89.98,81.69,9.21,94.79,86.85,0,2,0,2,91.13,0,Placed,8.19
STU4199,64.17,66.27,65.40,60.33,6.27,53.23,71.09,0,1,0,0,64.03,1,Not Placed,0
STU4200,71.65,82.48,92.18,66.75,8.85,81.46,81.07,2,1,0,2,80.11,0,Placed,10.18
STU4201,59.97,63.59,52.28,54.54,5.96,63.94,50.36,1,0,0,0,63.31,0,Not Placed,0
STU4202,71.86,70.83,94.69,82.84,9.29,83.80,92.46,3,1,0,2,91.74,0,Placed,10.62
STU4203,94.41,79.76,89.68,83.62,8.31,76.38,90.34,1,3,0,2,91.97,0,Placed,7.41
STU4204,85.18,88.30,85.47,67.70,8.42,94.44,72.25,1,3,0,1,92.66,0,Placed,8.78
STU4205,88.98,82.72,90.55,93.00,9.70,93.47,88.28,1,2,0,0,80.46,0,Placed,10.09
STU4206,91.27,85.91,75.05,80.18,8.85,85.92,93.13,2,4,0,1,80.88,0,Placed,9.45
STU4207,66.46,53.92,71.71,54.22,5.98,64.92,51.10,0,1,0,0,76.25,0,Not Placed,0
STU4208,74.48,87.58,94.95,93.05,8.85,93.29,76.26,2,3,6,0,89.37,0,Placed,9.07
STU4209,93.95,70.76,93.23,91.13,8.46,93.33,89.62,2,4,0,1,91.89,0,Placed,8.95
STU4210,75.88,93.43,70.38,66.36,7.83,83.22,89.48,3,4,0,2,86.38,0,Placed,7.50
STU4211,70.03,90.39,84.04,89.40,8.03,88.13,75.13,0,2,0,0,95.49,0,Placed,7.69
STU4212,70.03,71.31,87.34,78.22,7.82,77.48,91.27,1,0,2,1,85.09,0,Placed,7.79
STU4213,52.19,68.66,52.85,60.30,6.14,68.48,65.79,1,0,0,0,70.51,1,Not Placed,0
STU4214,74.60,76.32,71.46,92.89,8.15,94.02,72.53,3,1,0,1,91.08,0,Placed,8.51
STU4215,66.38,69.90,59.84,57.39,6.74,50.89,50.53,0,0,0,0,66.30,1,Not Placed,0
STU4216,92.84,77.22,73.13,84.71,8.73,90.51,71.48,3,3,0,1,82.59,0,Placed,9.55
STU4217,78.09,91.06,73.62,82.38,9.57,85.00,76.98,3,2,0,0,96.67,0,Placed,11.59
STU4218,61.31,61.03,74.22,49.43,6.96,67.55,68.19,0,0,0,0,66.11,1,Not Placed,0
STU4219,74.51,81.21,71.94,85.03,9.06,86.08,94.61,0,4,0,1,81.52,0,Placed,8.43
STU4220,64.64,74.64,54.11,59.06,5.56,59.66,65.46,0,1,0,0,64.43,1,Not Placed,0
STU4221,75.03,78.80,80.11,85.76,9.16,76.90,72.54,2,3,0,1,80.81,0,Placed,10.34
STU4222,90.87,81.34,93.75,79.71,8.25,83.21,81.84,2,0,3,1,89.79,0,Placed,7.79
STU4223,66.65,70.72,67.32,65.33,7.80,58.15,67.88,0,1,0,0,77.37,0,Not Placed,0
STU4224,56.20,51.98,69.08,40.88,7.09,50.37,66.08,1,0,0,0,76.09,0,Not Placed,0
STU4225,72.31,86.48,86.20,93.39,8.06,92.40,86.32,3,3,0,1,80.83,0,Placed,7.79
STU4226,80.78,83.87,92.67,86.93,8.04,86.89,71.44,2,0,0,0,82.21,0,Placed,8.98
STU4227,82.08,74.97,84.65,87.97,7.77,88.73,84.81,0,2,0,1,91.67,0,Placed,6.47
STU4228,79.77,80.10,93.46,68.42,8.82,86.56,84.34,3,3,6,2,84.43,0,Placed,9.34
STU4229,59.25,71.96,70.15,57.44,6.34,50.93,53.13,0,1,0,0,70.79,1,Not Placed,0
STU4230,76.68,75.56,90.82,85.01,8.61,79.78,70.53,2,0,7,2,91.92,0,Placed,8.35
STU4231,81.21,94.12,72.35,70.14,9.40,75.51,72.64,1,4,0,1,94.78,0,Placed,9.77
STU4232,88.53,90.05,88.60,86.93,9.74,94.19,89.30,3,2,7,1,81.97,0,Placed,10.84
STU4233,74.34,88.60,83.05,81.69,8.10,92.10,76.18,1,4,0,2,88.45,0,Placed,7.32
STU4234,51.26,54.12,52.54,43.69,6.78,57.99,64.64,1,1,0,0,77.57,2,Not Placed,0
STU4235,82.40,70.47,80.20,94.89,7.51,85.79,77.00,1,2,0,0,91.65,0,Placed,6.82
STU4236,94.47,82.70,76.42,92.67,9.09,82.41,73.22,3,3,0,2,80.94,0,Placed,9.37
STU4237,71.29,83.31,89.47,93.26,8.39,89.43,80.02,1,3,0,2,91.08,0,Placed,7.40
STU4238,75.10,91.13,86.04,71.44,8.85,75.71,87.26,1,0,0,0,85.27,0,Placed,8.44
STU4239,64.19,71.21,65.69,50.12,7.51,69.20,59.52,1,0,0,0,68.20,0,Placed,7.20
STU4240,70.20,70.87,86.51,66.91,8.07,81.75,93.53,3,3,0,2,84.06,0,Placed,8.48
STU4241,74.90,86.98,70.63,80.13,9.22,84.12,86.64,1,0,6,0,94.57,0,Placed,9.70
STU4242,50.35,70.13,69.64,55.91,7.40,53.84,61.88,1,0,0,0,69.70,1,Not Placed,0
STU4243,70.60,92.76,77.27,73.47,7.75,83.84,83.04,0,4,7,2,89.38,0,Placed,7.51
STU4244,80.21,83.79,78.15,74.53,9.72,82.04,84.64,1,1,0,2,97.84,0,Placed,9.68
STU4245,51.24,58.47,56.23,62.95,5.88,54.29,70.70,0,0,0,0,61.94,2,Not Placed,0
STU4246,84.96,76.97,77.63,71.51,8.28,78.29,71.80,0,0,0,1,96.30,0,Placed,7.12
STU4247,69.65,71.53,51.49,48.67,6.52,69.07,50.88,0,1,0,0,66.88,0,Not Placed,0
STU4248,80.23,70.89,94.14,90.29,7.82,91.18,89.32,3,3,0,1,91.66,0,Placed,8.32
STU4249,68.95,74.25,74.31,45.63,6.09,62.86,69.54,1,0,0,0,75.08,0,Not Placed,0
STU4250,77.38,86.95,73.78,79.78,8.56,75.48,72.85,0,4,0,2,83.51,0,Placed,7.63
STU4251,88.66,79.24,84.08,77.33,9.85,77.81,81.85,3,3,0,0,82.94,0,Placed,11.44
STU4252,63.84,74.02,53.34,42.34,6.61,55.39,50.91,0,0,0,0,77.86,1,Not Placed,0
STU4253,74.28,87.85,74.16,70.87,8.72,83.24,84.78,3,2,8,2,81.91,0,Placed,10.36
STU4254,92.43,71.18,80.99,89.25,7.55,83.84,84.53,3,0,0,1,89.79,0,Placed,8.49
STU4255,70.07,54.05,70.60,41.82,5.80,56.94,51.91,0,1,0,0,63.26,0,Not Placed,0
STU4256,84.59,86.15,84.30,69.92,7.62,84.90,89.29,0,2,0,2,84.89,0,Placed,5.86
STU4257,75.74,93.13,76.22,84.20,8.06,90.77,94.02,2,4,0,0,95.98,0,Placed,8.60
STU4258,73.19,74.58,84.85,79.25,9.57,76.24,88.38,3,2,0,2,80.31,0,Placed,11.17
STU4259,74.33,51.05,60.88,65.26,7.12,52.53,51.94,0,0,0,0,63.25,0,Not Placed,0
STU4260,67.17,62.17,57.48,65.06,5.95,56.35,58.62,0,1,0,0,73.47,1,Not Placed,0
STU4261,52.96,59.66,73.18,45.37,6.85,52.61,55.48,1,0,0,0,71.67,1,Not Placed,0
STU4262,70.41,81.96,94.52,71.64,8.56,91.30,73.24,1,2,0,1,94.49,0,Placed,8.91
STU4263,71.68,93.05,76.73,74.46,8.47,75.32,94.26,3,2,8,2,97.59,0,Placed,9.45
STU4264,70.83,73.98,71.48,55.95,6.99,60.76,74.53,1,1,0,0,60.86,1,Not Placed,0
STU4265,92.21,90.82,75.49,79.17,9.57,82.16,90.38,2,0,0,2,97.75,0,Placed,10.66
STU4266,84.88,75.33,73.09,81.65,9.89,85.09,79.43,2,4,7,2,87.21,0,Placed,11.03
STU4267,77.82,71.04,88.52,83.64,8.60,80.62,76.50,2,3,0,0,97.30,0,Placed,9.01
STU4268,94.46,86.43,80.16,84.52,8.14,87.49,86.67,0,2,0,2,83.77,0,Placed,8.21
STU4269,86.87,94.57,86.08,93.68,9.51,90.45,88.79,2,0,0,0,93.13,0,Placed,9.88
STU4270,75.74,85.00,72.72,71.10,7.68,83.61,90.94,3,3,0,1,86.18,0,Placed,7.69
STU4271,74.36,75.88,71.79,82.98,9.61,77.01,83.73,1,3,0,0,88.17,0,Placed,10.20
STU4272,59.50,56.42,65.78,51.17,7.73,56.55,50.83,0,1,0,0,76.51,2,Not Placed,0
STU4273,60.37,69.33,51.44,67.67,7.86,68.17,55.83,0,1,0,0,72.16,2,Not Placed,0
STU4274,71.26,51.95,52.84,58.07,7.21,66.75,65.92,1,0,0,0,72.82,2,Not Placed,0
STU4275,82.87,85.52,74.02,85.66,8.61,79.48,89.57,0,2,0,0,86.12,0,Placed,7.95
STU4276,74.71,57.94,60.49,61.85,6.05,69.31,67.59,1,0,0,0,63.93,1,Not Placed,0
STU4277,54.33,69.22,60.74,66.29,7.35,63.40,57.45,0,0,0,0,74.53,0,Not Placed,0
STU4278,93.48,85.74,88.63,94.69,9.63,94.09,93.65,2,2,0,1,89.61,0,Placed,10.69
STU4279,87.08,77.14,91.99,83.57,8.25,75.44,79.27,1,4,0,0,88.27,0,Placed,7.76
STU4280,87.44,92.38,91.73,89.99,7.95,76.53,89.77,0,2,0,1,81.11,0,Placed,7.66
STU4281,88.22,87.50,77.19,89.36,8.43,77.88,78.85,3,2,0,1,93.22,0,Placed,8.23
STU4282,71.49,52.80,73.05,40.24,5.96,60.10,62.67,0,1,0,0,77.65,1,Not Placed,0
STU4283,58.38,61.27,52.80,49.42,7.87,64.84,60.84,0,0,0,0,71.08,2,Not Placed,0
STU4284,82.86,81.99,90.05,69.63,8.95,89.19,76.52,2,2,0,1,87.72,0,Placed,8.82
STU4285,90.88,74.46,79.31,80.53,9.82,88.85,81.11,1,0,7,0,88.22,0,Placed,10.68
STU4286,54.71,51.96,51.16,41.52,6.42,64.79,72.93,0,0,0,0,74.93,1,Not Placed,0
STU4287,56.19,72.04,59.73,45.22,5.98,51.70,50.91,0,1,0,0,78.82,2,Not Placed,0
STU4288,68.70,65.50,62.07,42.01,7.86,69.49,59.24,1,0,0,0,64.96,2,Not Placed,0
STU4289,88.22,74.60,80.72,73.64,9.86,78.59,86.21,0,2,0,2,91.13,0,Placed,10.39
STU4290,74.83,93.35,87.80,75.38,8.31,80.56,77.31,3,0,0,2,94.16,0,Placed,9.25
STU4291,51.29,71.97,52.08,62.86,7.52,56.78,74.94,1,0,0,0,78.08,1,Not Placed,0
STU4292,81.76,86.03,85.84,81.92,9.41,77.76,73.60,2,1,0,0,83.11,0,Placed,10.74
STU4293,73.67,88.69,74.18,73.20,8.61,86.79,87.80,2,3,0,0,94.44,0,Placed,9.58
STU4294,74.12,85.76,83.04,93.34,9.87,83.61,94.56,3,4,0,2,92.96,0,Placed,11.86
STU4295,77.38,82.41,88.49,69.17,8.80,92.39,85.76,3,4,3,1,91.72,0,Placed,10.17
STU4296,90.43,72.40,73.92,88.23,8.47,77.54,86.35,1,0,0,1,87.90,0,Placed,7.84
STU4297,81.71,78.23,88.80,85.52,8.45,77.64,75.85,3,0,5,1,86.84,0,Placed,9.70
STU4298,73.07,91.24,73.93,93.78,8.74,81.18,73.22,2,0,0,1,90.89,0,Placed,8.53
STU4299,80.15,86.64,71.45,80.99,9.83,84.63,85.70,1,3,0,2,94.11,0,Placed,10.58
STU4300,58.73,70.61,65.06,50.50,6.74,60.85,53.71,1,1,0,0,74.30,0,Not Placed,0
STU4301,59.65,60.27,64.99,54.00,7.82,63.36,55.18,0,0,0,0,61.08,2,Not Placed,0
STU4302,72.19,59.74,67.39,51.54,6.01,65.08,65.43,0,0,0,0,65.59,1,Not Placed,0
STU4303,73.50,58.72,62.65,49.74,7.74,53.70,69.47,0,0,0,0,78.80,2,Not Placed,0
STU4304,56.02,67.79,70.38,69.38,6.12,66.09,57.07,0,0,0,0,78.26,0,Not Placed,0
STU4305,53.00,70.77,56.83,44.81,7.05,52.62,60.90,1,0,0,0,62.53,2,Not Placed,0
STU4306,85.24,72.00,88.48,77.98,9.27,84.19,77.74,2,2,0,2,85.06,0,Placed,10.60
STU4307,88.39,70.22,84.28,81.63,9.83,75.95,90.56,1,1,0,2,96.94,0,Placed,9.46
STU4308,57.16,73.97,74.33,64.40,5.66,60.94,51.54,1,0,0,0,73.64,2,Not Placed,0
STU4309,52.56,59.02,55.37,49.65,6.36,64.72,69.71,1,1,0,0,75.22,0,Not Placed,0
STU4310,74.11,78.83,87.11,70.21,9.60,79.40,89.17,1,4,0,2,87.76,0,Placed,10.85
STU4311,84.86,78.56,73.54,89.86,9.06,80.04,93.35,3,4,5,0,97.25,0,Placed,10.76
STU4312,84.60,92.26,71.33,90.33,8.31,88.90,93.11,3,1,0,1,98.16,0,Placed,8.74
STU4313,90.27,74.92,89.45,77.55,9.32,94.15,91.67,2,1,0,2,94.43,0,Placed,9.46
STU4314,59.28,61.94,50.55,63.41,7.70,51.53,52.05,1,1,0,0,72.14,2,Not Placed,0
STU4315,75.97,82.73,72.66,65.63,7.93,83.64,88.61,3,3,0,2,81.32,0,Placed,8.70
STU4316,72.07,76.98,76.46,83.81,8.58,83.46,73.75,3,3,0,0,98.35,0,Placed,10.36
STU4317,70.82,88.30,93.09,84.97,8.94,90.85,74.38,3,4,2,2,81.12,0,Placed,9.43
STU4318,70.78,94.06,77.38,66.75,9.56,80.30,88.70,0,3,0,2,93.49,0,Placed,10.15
STU4319,74.72,87.22,86.54,73.03,8.24,94.68,89.94,2,3,0,1,85.83,0,Placed,7.44
STU4320,56.63,69.35,57.38,50.88,6.01,62.95,71.23,1,1,0,0,66.23,2,Not Placed,0
STU4321,70.90,83.75,81.17,69.94,8.34,92.50,85.06,2,3,5,2,87.03,0,Placed,9.25
STU4322,74.15,50.40,53.79,69.34,6.13,68.13,56.84,1,0,0,0,63.56,0,Not Placed,0
STU4323,72.53,82.36,93.78,69.94,8.52,91.27,85.59,3,1,0,1,83.66,0,Placed,9.56
STU4324,80.53,73.49,86.47,90.99,8.89,80.86,75.22,3,1,0,2,88.36,0,Placed,9.69
STU4325,83.43,86.68,70.49,73.91,9.49,85.85,79.65,3,2,0,1,82.77,0,Placed,10.82
STU4326,72.93,86.00,82.30,81.40,9.59,87.23,81.53,1,0,0,1,92.31,0,Placed,9.13
STU4327,73.26,61.00,58.33,59.09,5.56,64.54,60.78,1,0,0,0,61.33,1,Not Placed,0
STU4328,70.91,85.83,82.96,69.84,9.63,82.40,85.65,0,4,0,0,86.04,0,Placed,9.14
STU4329,72.04,90.85,80.48,88.57,8.77,94.05,92.21,2,1,0,0,98.30,0,Placed,10.03
STU4330,88.19,85.44,83.08,91.50,8.06,76.30,89.90,1,0,1,1,97.73,0,Placed,6.79
STU4331,59.49,63.47,69.10,60.86,7.21,64.54,60.70,1,1,0,0,73.06,1,Not Placed,0
STU4332,94.42,80.41,81.28,73.80,7.71,85.11,76.89,0,3,0,2,86.01,0,Placed,7.41
STU4333,79.34,75.72,72.25,92.09,9.77,79.53,86.32,3,2,11,2,95.59,0,Placed,11.36
STU4334,51.41,55.30,70.84,45.35,7.07,51.31,63.59,1,0,0,0,74.37,0,Not Placed,0
STU4335,92.78,78.09,91.71,92.79,8.63,80.76,86.52,2,0,0,1,93.83,0,Placed,8.08
STU4336,76.24,82.30,77.49,84.88,9.05,75.14,73.12,0,2,0,2,84.75,0,Placed,9.46
STU4337,75.18,73.69,92.60,90.40,8.77,75.69,85.11,1,3,0,1,87.03,0,Placed,9.50
STU4338,74.78,71.45,94.79,65.87,9.02,83.75,93.44,3,3,0,1,88.36,0,Placed,9.58
STU4339,78.68,82.94,72.62,80.27,9.90,77.43,77.20,0,3,0,0,81.34,0,Placed,9.93
STU4340,83.90,77.58,86.70,93.31,7.90,78.35,74.68,3,4,0,2,91.13,0,Placed,8.17
STU4341,55.93,71.99,61.72,55.53,6.02,51.62,62.73,0,1,0,0,78.85,2,Not Placed,0
STU4342,72.98,73.69,91.43,68.62,8.05,91.18,84.08,2,3,0,0,83.81,0,Placed,7.67
STU4343,85.56,91.73,90.45,76.40,8.40,93.71,81.22,2,2,0,0,85.00,0,Placed,7.61
STU4344,70.88,56.74,52.01,41.82,5.62,52.03,52.68,0,0,0,0,66.05,2,Not Placed,0
STU4345,61.13,59.86,56.21,46.33,6.24,60.80,64.73,0,1,0,0,69.66,1,Not Placed,0
STU4346,58.48,60.95,65.94,69.17,6.03,52.92,51.64,0,0,0,0,69.23,2,Not Placed,0
STU4347,64.62,54.38,68.01,49.92,7.37,63.95,58.74,1,0,0,0,65.27,1,Not Placed,0
STU4348,92.57,82.86,93.02,74.71,8.26,76.56,73.71,0,2,0,0,94.56,0,Placed,7.63
STU4349,71.26,71.19,57.21,52.62,6.68,58.91,61.30,0,1,0,0,77.53,2,Not Placed,0
STU4350,82.87,71.70,82.95,79.68,9.59,77.36,73.88,1,2,0,1,95.70,0,Placed,10.01
STU4351,50.56,52.05,73.64,67.84,6.30,53.19,67.01,0,1,0,0,66.06,0,Not Placed,0
STU4352,92.63,89.10,85.28,65.95,8.91,79.89,80.58,0,0,2,1,94.60,0,Placed,8.42
STU4353,86.71,76.72,81.32,79.20,8.30,90.93,76.26,1,2,0,1,97.38,0,Placed,8.60
STU4354,75.25,72.66,71.35,77.79,7.94,76.72,77.03,0,1,0,1,86.03,0,Placed,6.53
STU4355,90.90,78.01,82.02,90.38,7.75,85.92,75.60,3,2,0,1,90.25,0,Placed,7.81
STU4356,59.86,51.37,54.92,52.37,6.93,51.03,55.23,0,0,0,0,77.77,1,Not Placed,0
STU4357,81.44,92.75,87.85,86.72,9.49,81.94,77.73,0,2,0,1,95.13,0,Placed,8.86
STU4358,56.39,67.42,56.25,52.49,7.79,67.42,70.45,1,0,0,0,65.15,2,Not Placed,0
STU4359,58.09,72.66,54.96,49.19,6.41,57.15,67.19,1,1,0,0,64.09,2,Not Placed,0
STU4360,75.44,70.04,87.29,66.31,8.27,93.78,82.01,1,0,2,2,85.26,0,Placed,7.24
STU4361,60.19,64.12,67.06,40.97,6.26,64.50,52.07,0,1,0,0,62.17,0,Not Placed,0
STU4362,66.43,56.80,57.53,46.40,6.40,55.46,70.24,1,0,0,0,68.11,0,Not Placed,0
STU4363,62.74,71.87,58.50,43.24,5.51,53.71,50.75,1,0,0,0,60.63,1,Not Placed,0
STU4364,70.87,82.93,82.39,78.68,8.43,79.24,82.38,2,1,0,2,80.61,0,Placed,9.61
STU4365,70.27,87.93,70.58,93.57,8.94,87.14,71.53,1,4,0,1,89.08,0,Placed,8.36
STU4366,72.52,80.51,78.47,77.51,7.96,88.36,84.74,0,0,0,0,85.90,0,Placed,7.39
STU4367,83.98,76.46,87.77,89.41,7.79,77.14,93.62,3,0,0,0,92.01,0,Placed,7.61
STU4368,76.69,79.19,92.84,82.35,9.89,89.06,83.45,3,1,0,0,97.82,0,Placed,12.31
STU4369,77.33,84.96,81.08,81.48,7.98,94.06,82.56,0,1,0,2,80.61,0,Placed,7.89
STU4370,67.85,70.45,53.90,41.35,7.61,63.41,72.23,0,1,0,0,77.80,0,Not Placed,0
STU4371,82.21,92.03,82.63,75.78,8.67,89.58,81.80,0,1,0,0,95.92,0,Placed,7.41
STU4372,76.18,87.96,87.44,80.33,9.05,91.46,85.01,2,3,0,0,98.83,0,Placed,10.36
STU4373,93.82,80.22,80.44,89.14,9.70,75.69,92.47,3,2,3,1,87.63,0,Placed,11.87
STU4374,68.75,50.24,57.76,40.17,7.51,59.67,65.94,0,1,0,0,76.94,1,Not Placed,0
STU4375,55.51,56.26,50.08,60.38,6.90,51.33,69.15,0,1,0,0,62.42,1,Not Placed,0
STU4376,74.99,89.05,78.56,88.32,9.39,86.34,83.03,0,1,0,2,98.75,0,Placed,10.07
STU4377,94.90,83.12,73.17,85.66,8.56,75.79,88.07,1,1,0,2,83.38,0,Placed,7.36
STU4378,78.18,91.93,85.86,78.57,8.66,89.16,70.76,2,0,9,2,82.42,0,Placed,8.15
STU4379,50.40,56.06,52.22,53.99,7.51,67.70,69.25,1,1,0,0,64.14,0,Placed,7.42
STU4380,55.66,64.19,53.74,50.07,5.50,66.06,62.72,0,1,0,0,76.12,2,Not Placed,0
STU4381,93.96,89.57,85.30,71.61,9.47,93.36,89.95,2,4,0,0,86.91,0,Placed,10.51
STU4382,79.52,84.60,71.30,72.08,8.16,77.60,78.07,3,4,0,1,87.50,0,Placed,8.86
STU4383,79.54,90.92,88.80,73.01,7.93,78.13,77.21,1,3,10,1,94.26,0,Placed,6.56
STU4384,89.04,94.30,76.84,67.70,9.48,81.49,83.31,2,0,0,2,85.98,0,Placed,10.07
STU4385,53.11,65.96,71.93,44.78,5.81,60.77,57.24,0,1,0,0,66.09,1,Not Placed,0
STU4386,65.42,73.30,59.53,67.67,5.55,64.73,55.21,1,1,0,0,68.08,1,Not Placed,0
STU4387,69.11,50.24,56.40,61.42,6.68,55.21,72.42,1,1,0,0,63.19,2,Not Placed,0
STU4388,73.98,74.66,94.48,89.18,7.67,86.86,92.57,2,0,0,2,94.02,0,Placed,7.61
STU4389,73.91,72.97,71.09,72.87,8.07,77.92,72.56,2,2,0,2,98.74,0,Placed,7.59
STU4390,56.52,74.83,55.66,42.07,5.99,64.47,56.70,0,0,0,0,64.08,2,Not Placed,0
STU4391,67.63,55.71,64.87,68.86,6.98,65.10,71.66,0,0,0,0,74.17,0,Not Placed,0
STU4392,70.33,89.68,86.89,89.26,8.58,83.05,73.70,3,1,0,0,93.99,0,Placed,10.19
STU4393,87.36,72.57,87.19,87.96,8.58,91.34,84.71,2,2,0,1,80.57,0,Placed,8.39
STU4394,66.96,56.65,56.18,43.59,7.86,55.68,65.55,1,0,0,0,62.57,0,Placed,6.29
STU4395,70.09,70.47,78.82,82.75,8.06,86.82,89.85,0,1,2,1,80.79,0,Placed,6.72
STU4396,66.90,66.85,66.41,59.34,7.75,64.57,58.44,0,1,0,0,68.88,2,Not Placed,0
STU4397,59.14,58.08,71.41,43.74,7.58,59.17,58.40,0,1,0,0,60.63,1,Not Placed,0
STU4398,67.01,64.75,72.49,49.58,6.41,52.16,64.30,1,1,0,0,76.51,1,Not Placed,0
STU4399,73.68,93.53,89.60,65.23,7.71,78.42,86.68,1,2,0,2,87.63,0,Placed,6.64
STU4400,73.96,55.46,74.50,63.86,7.33,68.03,67.97,1,1,0,0,64.12,0,Placed,6.52
STU4401,73.36,84.62,81.66,74.90,8.76,80.69,78.46,1,1,0,0,98.08,0,Placed,8.24
STU4402,65.65,69.04,73.17,60.89,6.39,64.51,52.66,1,1,0,0,72.32,1,Not Placed,0
STU4403,93.33,76.34,93.48,73.67,8.98,90.39,85.57,3,0,0,2,90.06,0,Placed,9.54
STU4404,73.79,71.36,80.23,92.21,7.96,78.67,94.44,2,3,0,0,86.15,0,Placed,8.14
STU4405,90.07,93.80,85.97,82.07,9.37,82.87,73.63,1,3,0,2,98.71,0,Placed,9.58
STU4406,88.27,83.35,83.10,86.90,8.60,92.71,77.05,2,3,0,2,94.60,0,Placed,7.97
STU4407,67.07,59.15,53.09,44.60,7.08,54.47,58.87,0,1,0,0,69.39,2,Not Placed,0
STU4408,71.43,62.91,60.21,41.64,7.71,59.93,68.63,1,1,0,0,73.90,1,Not Placed,0
STU4409,77.41,94.44,85.81,66.07,7.71,77.48,80.88,2,2,0,1,98.65,0,Placed,8.38
STU4410,75.52,73.35,70.49,84.30,9.68,80.09,90.38,0,1,0,0,80.52,0,Placed,9.53
STU4411,71.14,52.04,65.07,59.06,7.09,63.44,59.56,0,1,0,0,77.33,2,Not Placed,0
STU4412,73.62,82.32,71.62,72.29,7.55,94.16,73.11,3,4,0,1,88.92,0,Placed,8.60
STU4413,89.18,84.98,91.24,66.06,8.22,85.84,74.74,0,2,0,2,98.13,0,Placed,7.30
STU4414,88.45,76.52,80.56,79.53,9.00,76.70,86.07,3,0,0,1,92.33,0,Placed,10.24
STU4415,93.50,75.40,93.43,74.66,9.76,77.93,78.58,3,0,0,0,82.93,0,Placed,11.65
STU4416,55.15,72.57,54.45,58.85,6.05,51.37,54.71,0,0,0,0,70.09,1,Not Placed,0
STU4417,65.10,57.21,60.23,42.92,5.55,57.75,62.67,0,1,0,0,71.34,2,Not Placed,0
STU4418,77.64,79.87,88.56,76.53,8.04,83.75,75.19,1,0,0,1,81.00,0,Placed,7.62
STU4419,92.11,85.78,72.27,67.34,8.45,82.18,81.40,2,1,0,2,94.70,0,Placed,9.27
STU4420,77.90,71.78,85.22,80.55,8.50,77.33,78.95,3,0,0,2,97.23,0,Placed,9.38
STU4421,80.90,79.77,91.88,92.57,9.33,75.26,74.46,2,1,0,1,96.27,0,Placed,10.51
STU4422,93.87,78.03,73.20,87.55,8.70,79.92,76.62,0,0,4,1,87.49,0,Placed,8.73
STU4423,90.78,79.32,88.30,84.33,8.62,93.79,80.38,2,0,0,0,84.65,0,Placed,8.24
STU4424,89.79,83.97,82.96,65.20,7.51,84.71,87.55,3,3,0,2,91.81,0,Placed,7.44
STU4425,81.90,76.47,88.58,88.34,8.37,75.89,83.65,1,3,0,2,91.43,0,Placed,7.09
STU4426,73.21,85.46,89.25,75.12,8.27,88.20,83.83,2,4,0,0,89.37,0,Placed,7.40
STU4427,89.52,82.73,81.82,76.34,8.75,86.71,80.66,1,0,0,0,90.55,0,Placed,8.48
STU4428,68.50,67.83,68.55,63.39,7.90,63.05,60.49,1,1,0,0,69.11,1,Not Placed,0
STU4429,52.07,64.79,52.99,46.56,6.42,60.29,69.98,1,0,0,0,74.02,2,Not Placed,0
STU4430,73.13,65.64,52.56,47.87,7.30,57.04,53.53,0,0,0,0,61.34,1,Not Placed,0
STU4431,71.17,72.60,86.25,88.09,9.64,92.25,71.02,2,0,0,2,80.06,0,Placed,9.50
STU4432,85.67,70.93,91.71,66.58,8.43,94.41,70.03,1,3,7,0,91.67,0,Placed,9.12
STU4433,74.60,73.68,81.28,80.19,8.57,76.37,93.35,2,0,0,1,98.45,0,Placed,8.90
STU4434,83.45,78.52,85.71,75.94,9.56,89.97,80.75,3,1,0,0,84.07,0,Placed,10.83
STU4435,89.20,76.20,91.20,92.31,8.25,90.16,88.23,2,1,0,1,97.68,0,Placed,8.26
STU4436,70.03,76.78,72.49,74.59,8.52,94.64,86.40,3,3,0,1,87.04,0,Placed,8.51
STU4437,79.11,88.93,82.95,88.26,8.36,76.08,73.06,1,4,0,2,96.02,0,Placed,7.22
STU4438,77.28,84.37,74.72,94.63,7.54,90.41,94.60,1,0,5,0,84.30,0,Placed,7.52
STU4439,75.88,87.96,93.77,86.57,9.87,91.72,73.47,1,3,7,0,81.15,0,Placed,11.09
STU4440,64.49,72.95,71.57,66.65,6.96,52.15,59.29,1,0,0,0,78.18,1,Not Placed,0
STU4441,78.61,80.38,87.71,83.16,8.98,77.34,94.18,0,1,0,2,88.40,0,Placed,9.04
STU4442,54.60,65.93,61.72,46.68,7.38,68.98,57.46,1,1,0,0,73.61,1,Not Placed,0
STU4443,94.88,77.53,76.02,66.84,7.76,93.08,74.68,3,2,0,0,96.81,0,Placed,8.38
STU4444,91.92,86.08,72.67,91.31,8.26,88.47,71.64,1,4,0,0,89.04,0,Placed,8.25
STU4445,72.04,92.72,74.03,87.14,9.67,87.64,90.22,1,1,0,2,83.46,0,Placed,9.63
STU4446,67.81,51.60,57.78,43.47,6.13,63.20,64.59,0,0,0,0,78.74,0,Not Placed,0
STU4447,74.52,79.03,74.86,73.65,9.37,83.78,75.68,3,1,11,2,83.97,0,Placed,10.65
STU4448,82.68,88.26,88.02,93.79,8.63,91.37,83.05,1,3,0,0,97.47,0,Placed,7.60
STU4449,90.20,81.60,81.83,89.48,8.69,86.14,85.03,2,0,0,1,85.85,0,Placed,8.24
STU4450,91.20,90.99,88.85,92.19,7.74,77.56,80.77,0,2,4,1,88.34,0,Placed,6.24
STU4451,73.76,88.11,70.94,93.76,8.94,89.48,85.08,1,3,0,2,95.69,0,Placed,8.61
STU4452,89.10,78.63,85.23,66.55,7.57,87.94,81.21,2,1,9,0,91.94,0,Placed,6.40
STU4453,94.36,89.53,73.22,91.40,7.55,86.86,86.12,1,2,0,2,83.63,0,Placed,6.90
STU4454,71.92,78.78,89.85,76.90,9.64,80.88,86.47,1,2,11,2,81.84,0,Placed,10.27
STU4455,57.32,51.28,72.47,54.02,7.62,53.63,66.38,0,1,0,0,67.78,0,Not Placed,0
STU4456,50.85,63.23,73.22,47.64,7.81,65.53,73.75,0,0,0,0,75.88,0,Not Placed,0
STU4457,78.53,72.54,71.42,89.78,9.89,86.60,74.15,1,4,0,2,85.05,0,Placed,10.18
STU4458,94.06,90.57,83.88,83.29,7.59,75.17,83.22,0,3,0,1,86.10,0,Placed,6.34
STU4459,63.00,59.05,74.14,58.50,7.67,68.60,52.90,1,1,0,0,66.77,0,Placed,7.86
STU4460,68.21,57.71,62.12,57.37,7.03,65.42,59.05,0,0,0,0,75.27,0,Not Placed,0
STU4461,87.62,83.95,85.53,77.09,8.86,76.70,87.78,0,2,0,1,81.37,0,Placed,7.60
STU4462,81.26,92.46,75.07,87.72,7.75,81.35,72.88,0,3,11,2,80.89,0,Placed,6.97
STU4463,71.87,53.84,68.87,52.97,6.08,62.46,63.22,0,0,0,0,69.61,2,Not Placed,0
STU4464,67.23,61.26,53.70,58.75,7.68,69.15,69.07,0,1,0,0,68.54,2,Not Placed,0
STU4465,52.90,55.90,69.24,68.54,6.87,54.00,54.54,0,1,0,0,67.47,1,Not Placed,0
STU4466,85.04,84.19,77.23,76.41,9.16,84.47,89.07,2,2,0,0,97.98,0,Placed,9.71
STU4467,62.06,60.32,67.28,47.37,6.79,52.99,51.87,0,1,0,0,66.22,1,Not Placed,0
STU4468,81.82,73.91,92.35,74.96,7.81,90.18,73.25,0,2,0,0,81.73,0,Placed,6.92
STU4469,50.99,64.67,69.01,51.14,6.95,57.71,69.40,0,0,0,0,73.10,2,Not Placed,0
STU4470,89.38,81.21,88.08,69.20,8.39,86.67,70.88,1,3,0,2,92.85,0,Placed,7.34
STU4471,74.42,73.78,68.21,68.05,6.28,63.95,52.06,1,0,0,0,64.02,0,Not Placed,0
STU4472,52.90,70.11,55.21,44.95,6.33,51.94,69.72,0,0,0,0,70.33,2,Not Placed,0
STU4473,58.84,54.84,60.62,69.36,7.02,54.10,71.06,0,1,0,0,69.32,1,Not Placed,0
STU4474,91.09,91.97,94.75,81.44,8.48,91.18,70.40,1,0,0,0,91.78,0,Placed,7.81
STU4475,78.77,78.61,75.33,66.14,8.01,83.87,87.25,0,3,0,0,80.06,0,Placed,7.84
STU4476,51.44,63.90,66.43,67.23,6.51,64.64,62.02,1,0,0,0,71.53,2,Not Placed,0
STU4477,75.35,73.88,83.93,87.78,8.04,92.88,75.38,1,2,0,2,82.74,0,Placed,7.40
STU4478,87.50,80.84,87.97,87.50,9.72,85.18,93.25,3,4,0,1,85.70,0,Placed,10.19
STU4479,94.53,75.77,90.69,94.23,9.48,76.52,94.74,3,4,0,1,87.70,0,Placed,11.41
STU4480,77.48,88.62,89.74,71.66,7.85,83.99,91.65,0,4,0,1,96.79,0,Placed,6.79
STU4481,82.85,71.12,90.37,86.21,9.43,85.58,71.61,1,1,0,1,81.65,0,Placed,10.06
STU4482,89.08,91.16,80.11,67.27,9.65,88.47,85.92,1,2,0,2,83.45,0,Placed,9.46
STU4483,90.19,83.45,93.54,92.06,7.55,80.22,71.06,1,2,0,1,89.24,0,Placed,7.13
STU4484,84.65,90.57,79.68,66.32,9.50,90.26,78.16,1,1,0,1,87.00,0,Placed,9.95
STU4485,87.32,90.77,82.39,68.82,9.41,77.05,76.17,3,4,0,2,97.05,0,Placed,11.44
STU4486,77.47,94.13,70.83,88.25,8.46,83.95,88.29,2,1,0,2,84.49,0,Placed,7.88
STU4487,77.70,80.18,90.34,66.06,8.71,76.03,93.97,3,2,0,1,84.10,0,Placed,8.82
STU4488,83.19,79.81,84.69,87.43,8.60,76.51,84.24,3,2,0,1,96.06,0,Placed,10.16
STU4489,90.69,80.01,79.36,89.92,9.04,92.84,90.15,0,2,5,1,97.08,0,Placed,8.50
STU4490,55.90,67.62,74.77,46.30,7.62,55.96,61.53,1,0,0,0,72.36,0,Not Placed,0
STU4491,62.16,51.79,51.99,41.64,7.49,53.63,64.64,1,0,0,0,75.47,2,Not Placed,0
STU4492,70.61,68.66,60.44,43.43,7.67,60.84,55.06,1,0,0,0,64.81,2,Not Placed,0
STU4493,70.68,61.32,67.08,46.96,6.10,57.11,67.88,1,0,0,0,66.48,1,Not Placed,0
STU4494,73.48,85.25,86.70,80.05,8.36,84.81,81.04,2,0,0,2,82.79,0,Placed,8.51
STU4495,87.81,86.31,89.47,85.96,8.08,92.39,88.93,0,3,0,2,91.06,0,Placed,7.91
STU4496,64.96,71.39,57.84,59.13,6.65,57.86,52.48,1,1,0,0,71.53,2,Not Placed,0
STU4497,50.48,63.78,65.12,62.64,7.26,53.43,70.91,0,1,0,0,70.29,0,Not Placed,0
STU4498,76.77,73.03,82.33,81.59,7.85,88.72,70.42,1,0,1,0,85.32,0,Placed,7.02
STU4499,77.67,86.07,88.05,68.39,9.51,81.50,75.69,3,4,0,2,87.48,0,Placed,11.14
STU4500,80.52,90.97,72.54,79.42,9.43,87.65,91.48,1,4,2,1,97.98,0,Placed,8.94
STU4501,74.13,79.57,84.88,92.74,9.17,84.27,83.73,3,4,0,0,83.92,0,Placed,11.19
STU4502,58.84,70.34,55.04,41.46,5.51,62.11,63.67,1,0,0,0,67.55,0,Not Placed,0
STU4503,82.82,73.43,81.78,85.72,9.52,78.11,74.94,2,1,4,2,80.20,0,Placed,10.62
STU4504,88.63,81.82,92.05,66.59,8.77,91.96,83.95,2,1,3,0,83.89,0,Placed,9.05
STU4505,52.55,68.53,59.71,62.85,6.31,59.40,65.49,0,0,0,0,71.91,1,Not Placed,0
STU4506,71.70,77.96,79.60,67.81,9.69,81.42,73.76,0,0,1,1,89.81,0,Placed,8.60
STU4507,78.48,75.22,76.86,87.80,8.54,85.88,73.64,3,3,0,0,88.18,0,Placed,8.49
STU4508,54.80,63.94,68.14,61.85,7.55,63.80,72.30,1,1,0,0,70.26,0,Placed,7.09
STU4509,85.34,81.41,88.57,88.73,7.89,90.62,86.07,3,0,0,1,90.51,0,Placed,8.66
STU4510,91.13,83.36,90.08,65.44,9.22,75.51,72.98,2,3,0,2,84.75,0,Placed,10.41
STU4511,88.02,82.66,85.74,78.14,7.63,82.94,85.48,1,2,0,0,96.16,0,Placed,6.11
STU4512,63.40,66.80,58.76,55.80,5.62,52.78,50.45,1,0,0,0,78.35,0,Not Placed,0
STU4513,88.23,83.60,83.62,69.46,9.70,75.17,93.72,2,2,0,2,90.59,0,Placed,10.10
STU4514,60.55,65.77,74.79,50.93,6.42,62.14,65.12,1,1,0,0,60.41,1,Not Placed,0
STU4515,83.39,80.15,86.54,85.31,9.56,82.13,83.88,0,0,0,0,94.90,0,Placed,9.16
STU4516,94.06,92.94,76.51,89.67,9.35,77.81,91.35,0,0,0,0,92.83,0,Placed,8.20
STU4517,84.53,86.19,84.01,72.03,9.61,87.45,87.83,2,3,0,0,96.81,0,Placed,9.42
STU4518,82.72,71.02,90.65,67.84,8.06,76.00,82.62,2,1,4,2,87.57,0,Placed,8.79
STU4519,63.63,74.49,56.74,49.96,6.99,68.21,58.59,1,0,0,0,74.95,0,Not Placed,0
STU4520,59.42,70.13,65.93,41.83,7.48,52.32,66.75,1,1,0,0,65.26,1,Not Placed,0
STU4521,73.00,61.39,72.07,50.28,7.88,69.80,55.31,1,0,0,0,61.51,2,Not Placed,0
STU4522,79.66,78.21,88.20,80.07,7.88,79.73,94.68,3,3,0,2,92.26,0,Placed,8.93
STU4523,82.70,91.55,86.04,89.25,9.70,91.26,93.43,3,1,0,1,89.93,0,Placed,10.91
STU4524,50.05,71.18,64.74,43.05,7.02,63.24,51.16,0,0,0,0,75.10,2,Not Placed,0
STU4525,51.61,51.45,56.99,47.94,7.63,69.99,50.65,1,1,0,0,69.09,1,Not Placed,0
STU4526,58.48,61.54,72.18,60.05,5.60,56.18,74.17,1,1,0,0,65.96,0,Not Placed,0
STU4527,93.47,91.70,70.67,81.26,7.91,80.57,90.47,0,2,7,1,91.05,0,Placed,6.03
STU4528,91.83,92.57,85.51,67.74,7.71,94.53,75.17,3,1,0,1,80.75,0,Placed,7.40
STU4529,58.18,59.46,67.06,58.79,7.09,69.99,66.07,1,1,0,0,62.05,1,Not Placed,0
STU4530,80.03,83.84,77.17,92.74,7.65,87.09,83.33,1,0,10,2,94.29,0,Placed,6.40
STU4531,81.19,80.34,84.59,82.74,8.26,91.15,71.52,1,4,0,1,81.38,0,Placed,8.83
STU4532,75.13,81.17,72.17,81.87,9.22,77.88,81.60,0,3,0,1,81.95,0,Placed,8.30
STU4533,71.83,52.12,69.61,42.94,5.66,67.09,63.34,0,1,0,0,78.05,2,Not Placed,0
STU4534,71.07,71.21,74.27,70.44,8.42,88.98,72.82,3,2,0,1,98.50,0,Placed,8.76
STU4535,70.02,64.93,69.15,60.83,6.08,52.81,65.76,1,0,0,0,76.49,1,Not Placed,0
STU4536,50.74,66.62,52.57,61.30,7.89,63.78,72.35,1,1,0,0,77.00,2,Not Placed,0
STU4537,70.89,89.06,90.35,93.85,8.91,81.70,84.66,3,4,11,0,97.23,0,Placed,10.03
STU4538,62.49,59.51,50.30,56.47,7.35,61.49,56.53,1,0,0,0,65.04,2,Not Placed,0
STU4539,92.97,81.33,73.32,74.27,8.50,80.06,89.37,1,0,0,1,97.01,0,Placed,8.21
STU4540,55.78,50.71,56.11,57.75,6.05,65.10,71.43,1,1,0,0,71.56,1,Not Placed,0
STU4541,71.42,93.82,85.71,88.04,9.22,84.81,81.88,3,2,11,2,82.96,0,Placed,9.59
STU4542,86.77,82.13,70.23,76.29,8.75,94.39,90.05,2,2,0,2,81.45,0,Placed,10.02
STU4543,57.72,59.29,51.63,41.31,7.34,51.79,67.18,1,1,0,0,76.88,1,Not Placed,0
STU4544,72.36,63.72,74.63,51.29,5.85,67.79,67.35,1,0,0,0,62.85,2,Not Placed,0
STU4545,66.94,66.69,74.69,44.99,5.63,56.04,58.34,0,0,0,0,76.15,0,Not Placed,0
STU4546,51.32,63.63,53.30,56.58,7.15,59.03,63.73,1,1,0,0,73.59,0,Not Placed,0
STU4547,50.91,69.19,70.58,67.07,5.73,52.14,64.02,1,1,0,0,66.33,0,Not Placed,0
STU4548,89.92,77.07,80.60,75.29,9.59,89.75,71.49,0,4,0,2,93.43,0,Placed,9.91
STU4549,71.56,55.41,65.41,64.34,6.17,63.52,74.17,0,0,0,0,77.93,1,Not Placed,0
STU4550,82.00,88.86,93.59,69.60,8.19,78.42,78.22,1,4,2,2,98.61,0,Placed,6.88
STU4551,54.14,61.68,72.60,43.63,7.67,57.72,61.64,0,0,0,0,68.68,0,Not Placed,0
STU4552,86.50,94.41,70.53,82.07,8.80,85.80,93.47,2,3,0,1,86.04,0,Placed,8.36
STU4553,91.17,75.56,86.94,81.08,9.08,88.45,86.98,3,1,7,1,84.76,0,Placed,10.13
STU4554,67.45,68.35,69.37,45.58,7.85,60.50,68.86,1,0,0,0,75.88,2,Not Placed,0
STU4555,70.34,71.40,57.77,69.10,5.61,58.96,74.82,0,1,0,0,70.12,1,Not Placed,0
STU4556,74.13,89.95,88.25,87.43,8.22,92.05,75.26,1,0,0,1,96.02,0,Placed,7.49
STU4557,83.05,88.42,76.95,79.70,9.78,75.62,78.24,1,0,0,0,89.20,0,Placed,10.91
STU4558,75.97,88.07,77.52,74.04,7.77,75.23,90.05,0,4,6,0,94.80,0,Placed,6.32
STU4559,71.43,93.38,80.70,82.75,7.77,93.82,76.36,1,1,0,2,86.42,0,Placed,6.71
STU4560,89.64,88.99,79.94,92.75,8.90,91.83,79.30,2,0,0,2,88.99,0,Placed,8.88
STU4561,54.28,61.65,74.79,52.72,6.99,50.89,72.20,0,0,0,0,74.93,0,Not Placed,0
STU4562,70.39,50.15,65.41,53.87,6.84,51.25,63.19,1,0,0,0,60.88,1,Not Placed,0
STU4563,81.42,92.61,84.07,93.31,7.74,90.00,72.78,3,1,0,1,88.23,0,Placed,7.53
STU4564,78.24,76.52,89.72,81.03,8.57,75.35,73.83,2,1,0,1,84.43,0,Placed,9.14
STU4565,80.01,82.39,85.71,92.26,7.82,83.94,90.03,1,3,0,2,91.61,0,Placed,7.85
STU4566,81.96,82.65,80.86,91.85,9.12,78.99,80.03,1,0,0,0,91.81,0,Placed,10.15
STU4567,73.07,75.65,88.36,91.34,8.92,94.46,80.78,0,1,0,0,97.92,0,Placed,8.93
STU4568,70.65,70.06,83.85,70.80,8.16,82.29,85.24,2,1,0,2,82.28,0,Placed,7.48
STU4569,57.82,71.54,70.25,55.33,7.36,68.22,57.12,0,1,0,0,69.75,1,Not Placed,0
STU4570,86.92,70.24,90.57,68.32,7.64,86.29,73.44,1,2,0,0,94.47,0,Placed,6.14
STU4571,84.83,89.32,76.24,66.31,9.01,76.13,93.24,2,1,0,0,95.54,0,Placed,9.27
STU4572,81.68,70.35,94.92,67.54,9.43,83.62,83.48,2,4,0,0,90.15,0,Placed,10.34
STU4573,68.66,68.63,52.88,41.56,6.09,61.75,68.50,0,1,0,0,77.10,0,Not Placed,0
STU4574,70.62,72.55,58.51,40.61,6.42,63.97,73.72,1,1,0,0,70.76,0,Not Placed,0
STU4575,63.13,54.01,55.64,65.23,6.33,64.70,64.45,1,1,0,0,62.78,1,Not Placed,0
STU4576,60.69,70.18,55.78,64.95,6.59,55.10,60.51,0,1,0,0,74.41,1,Not Placed,0
STU4577,92.56,75.35,80.26,90.51,8.59,76.70,79.78,1,3,0,2,98.70,0,Placed,7.50
STU4578,94.96,88.82,86.09,82.27,8.83,86.32,90.98,2,1,0,1,95.81,0,Placed,9.34
STU4579,77.67,70.39,94.34,90.20,9.45,87.72,86.86,2,4,0,1,84.30,0,Placed,10.98
STU4580,71.29,90.83,94.39,70.83,9.86,85.12,92.24,0,3,0,2,94.05,0,Placed,9.12
STU4581,72.41,71.09,85.83,71.05,8.25,92.33,93.00,3,2,0,1,83.75,0,Placed,8.63
STU4582,64.69,52.26,52.65,41.29,7.80,68.56,61.92,0,1,0,0,75.55,2,Not Placed,0
STU4583,89.45,76.97,76.92,86.81,8.37,94.93,92.47,3,2,0,0,83.33,0,Placed,9.30
STU4584,58.22,68.53,66.53,45.73,6.38,58.14,68.35,1,1,0,0,65.39,2,Not Placed,0
STU4585,75.15,74.87,84.88,89.93,9.88,80.60,88.75,2,4,0,1,93.24,0,Placed,11.36
STU4586,56.12,57.74,61.56,65.13,7.15,52.59,64.96,0,0,0,0,63.25,1,Not Placed,0
STU4587,88.33,91.36,91.32,76.56,9.43,92.16,83.69,2,0,0,1,88.03,0,Placed,10.47
STU4588,88.34,70.11,78.63,89.66,8.09,82.09,90.21,0,3,0,1,87.14,0,Placed,6.59
STU4589,84.39,93.72,85.76,75.60,9.68,80.34,71.18,2,3,0,0,80.85,0,Placed,9.67
STU4590,57.94,72.62,66.49,46.58,5.59,60.95,51.86,1,1,0,0,64.76,2,Not Placed,0
STU4591,74.24,67.55,60.98,55.07,5.54,68.23,69.92,0,1,0,0,64.23,2,Not Placed,0
STU4592,81.91,82.91,73.63,66.71,8.17,88.29,90.14,1,1,0,0,98.23,0,Placed,8.08
STU4593,94.23,82.76,73.51,71.10,8.91,89.45,75.11,3,2,0,1,98.85,0,Placed,10.68
STU4594,86.66,82.94,84.55,73.72,8.35,89.47,88.60,2,2,0,1,83.32,0,Placed,7.95
STU4595,92.95,79.85,84.35,66.45,8.89,83.73,71.83,0,1,2,2,93.85,0,Placed,7.51
STU4596,53.92,58.76,64.13,48.19,5.96,59.56,51.80,1,0,0,0,65.85,1,Not Placed,0
STU4597,86.57,72.00,87.08,92.56,8.82,90.33,71.29,0,1,0,0,85.12,0,Placed,9.09
STU4598,80.67,88.63,77.36,74.39,8.02,87.14,90.61,3,3,0,0,87.17,0,Placed,8.65
STU4599,76.04,71.24,81.79,77.81,7.63,90.58,82.64,0,3,2,2,90.99,0,Placed,7.09
STU4600,92.20,86.37,94.64,78.40,8.34,85.58,79.73,3,4,0,1,87.10,0,Placed,9.00
STU4601,64.94,58.91,68.39,69.60,7.30,58.24,56.71,1,1,0,0,66.82,2,Not Placed,0
STU4602,61.24,51.08,71.98,43.29,6.17,64.65,67.88,1,0,0,0,64.22,2,Not Placed,0
STU4603,90.46,91.23,77.74,77.91,9.09,84.82,79.89,3,2,9,1,96.14,0,Placed,10.89
STU4604,83.36,94.73,93.76,69.04,8.04,81.37,93.21,2,1,0,0,91.33,0,Placed,8.43
STU4605,80.87,85.50,79.43,76.82,8.82,81.23,93.77,0,0,0,1,89.69,0,Placed,7.88
STU4606,50.77,67.00,68.48,51.41,6.50,59.51,62.54,0,0,0,0,68.83,2,Not Placed,0
STU4607,76.35,74.26,74.85,82.32,8.66,88.12,89.54,3,1,5,2,83.75,0,Placed,10.33
STU4608,71.07,52.56,53.09,45.19,7.57,59.35,62.28,0,0,0,0,74.78,0,Not Placed,0
STU4609,54.56,74.89,70.86,53.56,7.37,69.02,73.23,0,1,0,0,72.39,2,Not Placed,0
STU4610,71.46,50.00,63.05,48.03,7.40,66.47,64.63,0,1,0,0,66.78,0,Not Placed,0
STU4611,52.76,50.14,72.51,64.87,6.07,64.25,53.31,1,1,0,0,67.39,2,Not Placed,0
STU4612,93.33,75.83,70.69,66.30,9.02,90.10,86.52,0,1,0,1,86.29,0,Placed,7.91
STU4613,77.56,88.09,74.57,76.66,8.07,81.44,89.87,0,4,0,2,81.54,0,Placed,7.73
STU4614,52.35,72.56,69.77,50.59,7.33,60.90,64.03,1,0,0,0,60.88,0,Not Placed,0
STU4615,71.56,53.13,63.52,65.51,5.99,63.23,57.78,1,0,0,0,64.45,0,Not Placed,0
STU4616,57.87,68.32,59.74,55.87,7.59,55.12,69.91,0,0,0,0,73.95,0,Not Placed,0
STU4617,93.52,82.32,77.26,87.12,8.40,92.51,78.78,2,1,0,1,91.30,0,Placed,9.25
STU4618,81.75,71.82,84.12,83.98,8.68,94.40,78.49,1,4,0,0,81.60,0,Placed,9.11
STU4619,93.65,86.29,86.27,77.31,7.80,87.55,70.32,2,4,0,1,80.70,0,Placed,7.74
STU4620,92.98,72.37,81.99,91.44,8.63,89.20,74.53,0,1,0,1,82.83,0,Placed,7.87
STU4621,74.40,84.56,70.25,70.51,7.60,78.67,85.14,3,1,5,1,81.47,0,Placed,8.85
STU4622,73.43,79.81,80.51,68.21,8.86,83.46,72.61,1,4,9,2,81.47,0,Placed,9.40
STU4623,82.16,83.65,93.36,79.76,9.07,76.35,76.75,0,0,0,2,88.65,0,Placed,8.09
STU4624,58.40,56.43,69.50,51.79,6.13,60.30,68.31,1,1,0,0,61.28,0,Not Placed,0
STU4625,64.99,69.79,70.19,57.74,6.64,64.92,69.44,0,0,0,0,67.47,0,Not Placed,0
STU4626,74.75,91.35,89.15,85.25,9.19,83.69,86.34,3,4,0,1,93.45,0,Placed,9.44
STU4627,85.20,75.17,83.26,90.87,9.04,83.03,75.51,2,3,0,2,86.52,0,Placed,9.83
STU4628,94.42,71.94,74.24,82.71,8.10,87.12,72.95,0,3,0,1,97.09,0,Placed,6.78
STU4629,65.75,68.51,61.10,48.62,5.75,67.19,52.26,1,1,0,0,68.15,0,Not Placed,0
STU4630,89.30,75.39,76.20,73.43,9.71,89.74,83.99,1,0,0,1,81.47,0,Placed,10.32
STU4631,84.80,71.49,81.59,88.74,9.47,77.27,89.73,3,0,10,2,83.70,0,Placed,11.33
STU4632,51.34,60.16,61.85,68.17,7.32,67.40,59.72,1,0,0,0,69.36,1,Not Placed,0
STU4633,69.52,63.39,54.98,42.39,5.87,65.57,62.43,1,1,0,0,61.60,0,Not Placed,0
STU4634,62.05,56.05,62.99,48.72,7.18,54.57,57.80,0,1,0,0,65.05,2,Not Placed,0
STU4635,71.55,70.60,71.89,54.63,5.99,65.55,69.31,0,0,0,0,63.54,1,Not Placed,0
STU4636,88.50,78.40,70.58,65.75,7.93,81.91,83.43,1,1,3,1,87.54,0,Placed,7.65
STU4637,93.27,70.03,94.38,80.26,9.25,94.70,84.66,2,2,0,0,87.18,0,Placed,10.79
STU4638,52.73,62.74,58.24,55.31,7.19,66.44,53.73,0,0,0,0,65.66,1,Not Placed,0
STU4639,60.76,70.14,70.54,46.90,7.54,60.39,56.91,1,1,0,0,64.67,2,Not Placed,0
STU4640,73.94,80.73,79.19,73.30,8.59,81.06,84.93,1,0,0,1,94.30,0,Placed,7.63
STU4641,52.27,63.45,56.72,58.68,6.34,69.15,60.87,0,1,0,0,77.47,1,Not Placed,0
STU4642,84.92,81.75,76.91,93.79,8.46,81.84,76.19,3,4,7,0,81.47,0,Placed,8.54
STU4643,78.65,85.79,77.70,80.82,8.60,76.60,91.57,2,3,0,2,80.51,0,Placed,9.13
STU4644,71.11,80.86,73.46,85.96,8.55,93.16,71.00,0,2,0,2,86.20,0,Placed,7.15
STU4645,78.61,79.95,81.84,70.09,8.75,87.94,93.82,3,1,0,2,98.85,0,Placed,10.59
STU4646,63.39,59.33,61.43,54.71,7.87,63.18,61.16,1,0,0,0,69.56,1,Not Placed,0
STU4647,61.35,68.86,63.88,47.20,7.88,58.16,74.19,0,1,0,0,71.54,0,Not Placed,0
STU4648,87.60,94.27,92.59,68.47,7.88,77.47,75.09,2,2,0,1,93.35,0,Placed,8.27
STU4649,77.39,74.77,70.98,94.45,8.45,83.84,80.78,0,1,0,0,91.98,0,Placed,8.29
STU4650,94.11,84.98,92.44,68.83,9.70,85.58,74.14,2,2,0,0,93.83,0,Placed,11.43
STU4651,56.24,66.14,66.75,47.27,5.72,65.83,73.05,1,0,0,0,78.47,2,Not Placed,0
STU4652,67.73,61.12,61.38,56.26,5.69,50.04,69.72,1,1,0,0,62.87,0,Not Placed,0
STU4653,79.39,80.79,78.27,82.05,9.63,86.63,84.93,3,2,0,1,80.23,0,Placed,10.34
STU4654,68.69,51.86,52.17,49.27,5.61,61.40,54.92,1,1,0,0,74.81,2,Not Placed,0
STU4655,86.01,92.60,92.70,85.82,8.24,87.51,73.01,3,3,0,0,85.82,0,Placed,9.17
STU4656,70.30,79.16,71.65,70.71,7.89,79.45,77.61,0,1,0,1,91.30,0,Placed,6.35
STU4657,94.86,76.09,80.10,75.39,8.35,85.30,86.44,2,1,0,1,85.59,0,Placed,8.99
STU4658,86.82,91.11,81.18,74.70,8.00,81.37,75.23,1,2,10,1,96.04,0,Placed,7.86
STU4659,69.94,57.02,55.47,50.42,6.17,63.16,51.45,0,1,0,0,70.74,0,Not Placed,0
STU4660,62.96,73.65,64.18,47.79,6.43,57.00,69.33,1,0,0,0,74.41,0,Not Placed,0
STU4661,93.11,76.50,89.12,89.17,8.81,92.81,72.42,2,2,0,0,83.71,0,Placed,9.53
STU4662,62.30,64.77,56.58,61.84,6.33,57.99,63.80,1,1,0,0,62.05,0,Not Placed,0
STU4663,88.67,86.48,79.49,71.70,9.46,84.60,74.70,1,0,5,0,81.86,0,Placed,10.60
STU4664,87.96,79.87,85.70,84.05,9.79,79.93,93.95,2,0,0,0,87.67,0,Placed,10.15
STU4665,86.61,72.38,93.51,65.66,7.91,75.98,75.28,1,0,1,1,84.51,0,Placed,8.09
STU4666,77.41,70.90,84.19,83.80,8.47,92.47,93.73,3,2,0,0,97.11,0,Placed,8.84
STU4667,58.02,73.95,58.33,42.27,7.89,62.66,74.79,0,0,0,0,60.80,2,Not Placed,0
STU4668,74.43,72.76,77.33,82.59,9.45,84.36,81.11,3,4,0,0,81.90,0,Placed,10.45
STU4669,61.58,73.84,52.04,40.65,5.83,63.33,64.92,0,1,0,0,70.98,0,Not Placed,0
STU4670,70.85,58.68,73.59,57.26,6.23,61.18,56.40,1,1,0,0,72.39,0,Not Placed,0
STU4671,57.13,56.20,56.25,66.57,6.73,58.30,65.60,1,1,0,0,77.26,0,Not Placed,0
STU4672,83.38,84.79,78.84,65.14,9.09,93.95,76.55,1,1,8,0,92.00,0,Placed,8.74
STU4673,92.61,82.25,78.16,93.99,7.57,92.18,93.98,1,3,0,0,94.77,0,Placed,7.10
STU4674,57.08,70.36,72.16,58.77,6.61,62.54,60.44,0,0,0,0,70.58,0,Not Placed,0
STU4675,84.75,87.59,70.21,82.84,8.38,78.79,94.35,3,1,0,1,92.63,0,Placed,9.79
STU4676,57.55,60.77,54.90,50.98,7.72,68.06,56.10,1,1,0,0,64.75,2,Not Placed,0
STU4677,66.86,60.74,58.57,62.63,7.84,61.20,53.57,1,1,0,0,66.89,0,Placed,7.50
STU4678,93.96,81.98,85.44,73.79,8.35,80.63,87.82,3,3,0,0,84.54,0,Placed,9.05
STU4679,62.94,65.45,64.17,69.22,6.72,68.77,56.56,1,1,0,0,66.65,1,Not Placed,0
STU4680,67.41,68.69,67.60,48.25,5.54,68.44,58.92,1,0,0,0,62.66,2,Not Placed,0
STU4681,75.60,78.43,71.60,78.26,9.36,76.62,75.16,2,2,0,2,97.36,0,Placed,10.49
STU4682,55.32,67.97,62.04,67.55,7.40,58.85,70.46,0,1,0,0,76.55,2,Not Placed,0
STU4683,92.47,88.17,79.76,81.53,8.22,84.91,92.71,2,4,4,1,90.84,0,Placed,7.44
STU4684,59.94,50.24,68.52,64.54,7.17,58.38,60.45,0,0,0,0,77.95,0,Not Placed,0
STU4685,74.50,84.01,93.19,87.28,8.74,80.58,91.81,0,2,0,2,82.72,0,Placed,8.96
STU4686,71.91,79.52,92.80,73.88,8.53,87.45,79.74,1,1,5,1,95.18,0,Placed,8.17
STU4687,54.56,55.67,59.66,60.85,5.97,67.15,68.52,1,0,0,0,76.14,0,Not Placed,0
STU4688,78.83,87.58,88.11,67.89,9.87,77.14,74.09,0,1,0,0,92.71,0,Placed,10.14
STU4689,71.28,92.44,93.20,93.74,7.65,79.18,79.88,1,3,0,1,97.58,0,Placed,7.81
STU4690,71.28,78.50,89.48,75.31,8.23,90.60,75.01,0,0,0,0,83.49,0,Placed,7.68
STU4691,78.31,90.52,70.44,92.01,7.88,93.98,80.32,1,1,0,0,93.32,0,Placed,6.47
STU4692,72.39,76.00,78.13,93.24,9.80,88.12,81.82,3,3,0,1,87.46,0,Placed,10.82
STU4693,94.07,78.02,75.93,91.08,8.77,94.82,72.68,1,3,0,1,93.07,0,Placed,8.14
STU4694,70.56,81.94,82.09,87.12,9.47,89.73,91.86,1,2,0,1,96.97,0,Placed,8.75
STU4695,88.91,83.38,94.29,68.77,8.58,86.55,85.77,2,2,0,1,87.94,0,Placed,8.11
STU4696,61.64,63.77,58.91,59.06,6.48,63.05,52.49,0,0,0,0,66.84,2,Not Placed,0
STU4697,89.81,71.44,83.45,77.00,7.66,83.13,90.41,1,4,0,1,81.04,0,Placed,6.74
STU4698,66.31,51.69,65.14,48.80,7.61,65.47,58.84,0,1,0,0,67.48,2,Not Placed,0
STU4699,74.58,70.94,70.90,66.77,8.45,86.71,94.42,3,4,0,0,85.25,0,Placed,9.13
STU4700,94.34,94.66,82.55,67.16,8.70,92.43,73.40,1,1,0,1,90.49,0,Placed,7.67
STU4701,58.80,54.25,54.34,40.55,7.01,56.18,74.51,1,0,0,0,71.78,1,Not Placed,0
STU4702,73.87,70.56,56.48,45.89,5.86,58.39,52.56,0,0,0,0,60.67,0,Not Placed,0
STU4703,80.84,93.66,74.00,66.08,8.56,78.28,87.79,1,2,0,1,95.54,0,Placed,8.46
STU4704,76.61,81.24,87.08,87.58,9.86,86.59,74.13,0,3,0,2,82.17,0,Placed,9.32
STU4705,84.83,88.36,74.89,74.01,9.38,91.51,75.78,0,3,0,2,93.43,0,Placed,8.13
STU4706,83.20,75.68,83.53,93.88,7.84,78.27,74.07,2,2,0,0,91.72,0,Placed,8.15
STU4707,77.90,91.25,76.67,65.60,8.01,86.02,80.23,0,3,0,0,81.38,0,Placed,7.98
STU4708,81.57,84.44,75.03,72.37,7.68,90.59,71.92,0,0,0,1,84.26,0,Placed,6.76
STU4709,52.66,73.22,73.37,66.91,6.72,61.34,60.32,1,1,0,0,60.17,2,Not Placed,0
STU4710,88.05,88.24,91.17,84.67,8.51,86.95,73.24,3,3,0,2,96.17,0,Placed,9.08
STU4711,63.87,65.82,57.07,54.52,6.14,63.46,72.25,0,0,0,0,75.29,1,Not Placed,0
STU4712,76.14,87.17,77.58,90.83,8.34,83.63,80.26,0,0,9,0,90.68,0,Placed,6.69
STU4713,74.05,74.27,75.73,77.71,7.98,85.35,79.04,1,3,1,0,98.63,0,Placed,7.09
STU4714,61.43,68.07,61.98,65.76,7.48,68.79,71.57,1,0,0,0,73.35,2,Not Placed,0
STU4715,81.28,76.35,85.50,85.42,8.85,80.94,72.49,3,1,0,2,94.89,0,Placed,10.45
STU4716,71.29,71.06,50.17,57.38,6.09,65.63,68.49,0,0,0,0,68.57,1,Not Placed,0
STU4717,64.18,70.81,51.44,53.75,6.88,57.69,68.14,0,1,0,0,77.77,0,Not Placed,0
STU4718,79.98,70.49,86.93,93.36,8.18,80.20,83.92,0,2,0,1,92.30,0,Placed,7.78
STU4719,94.90,81.23,72.50,90.38,8.58,92.74,92.95,2,4,0,0,91.08,0,Placed,9.60
STU4720,72.73,72.32,60.53,59.77,7.09,61.26,61.75,1,0,0,0,74.97,0,Not Placed,0
STU4721,78.01,82.40,77.38,86.47,7.96,89.54,90.56,1,2,0,0,98.07,0,Placed,8.17
STU4722,73.22,88.44,79.72,84.40,7.99,82.94,93.98,0,3,0,2,96.88,0,Placed,7.37
STU4723,57.19,68.23,60.07,59.53,6.92,54.32,70.37,1,0,0,0,70.65,2,Not Placed,0
STU4724,70.43,51.22,53.46,40.95,6.54,52.96,71.99,1,0,0,0,67.61,1,Not Placed,0
STU4725,83.74,80.77,86.06,65.49,9.39,94.89,80.71,1,2,0,1,84.72,0,Placed,9.93
STU4726,82.59,86.39,83.98,79.15,7.67,76.87,83.81,2,2,0,2,88.83,0,Placed,7.27
STU4727,70.40,58.19,72.41,42.03,7.48,69.80,64.61,1,1,0,0,71.55,0,Placed,6.68
STU4728,94.45,88.83,92.16,92.10,7.66,89.40,87.48,0,2,7,2,89.29,0,Placed,5.64
STU4729,81.89,71.44,92.58,90.62,8.28,79.98,86.69,1,1,0,2,92.30,0,Placed,8.72
STU4730,77.55,72.20,83.10,84.22,8.90,76.54,83.52,1,2,0,1,83.88,0,Placed,9.11
STU4731,91.30,72.40,73.48,71.44,8.59,88.17,78.02,3,3,0,0,93.09,0,Placed,8.83
STU4732,53.17,63.92,74.66,51.05,6.47,69.28,55.96,0,0,0,0,63.87,1,Not Placed,0
STU4733,66.09,55.86,58.80,52.70,6.59,66.00,62.75,0,1,0,0,60.63,2,Not Placed,0
STU4734,68.39,67.31,53.07,64.92,6.86,51.33,50.43,0,0,0,0,76.92,2,Not Placed,0
STU4735,80.98,91.42,89.44,73.44,7.56,84.09,72.72,3,1,0,2,96.11,0,Placed,8.48
STU4736,73.11,60.71,57.06,69.93,7.51,54.09,64.35,1,1,0,0,67.58,2,Not Placed,0
STU4737,92.34,78.09,76.79,75.60,7.92,86.15,91.45,2,3,0,2,90.48,0,Placed,7.96
STU4738,72.01,93.67,90.47,72.24,7.61,86.54,85.99,0,3,0,2,98.00,0,Placed,5.92
STU4739,68.46,54.01,73.69,64.38,5.79,60.81,70.47,1,1,0,0,62.72,0,Not Placed,0
STU4740,54.45,71.14,60.09,46.40,7.89,57.00,71.09,0,0,0,0,78.61,1,Not Placed,0
STU4741,57.60,54.35,55.67,68.85,7.79,54.20,74.68,1,0,0,0,72.91,0,Not Placed,0
STU4742,72.97,53.27,55.82,69.20,7.68,62.40,50.29,1,0,0,0,76.59,0,Placed,7.34
STU4743,70.87,61.66,54.57,65.67,6.18,65.19,71.62,0,0,0,0,66.79,0,Not Placed,0
STU4744,83.14,87.72,76.14,89.71,8.86,76.40,86.83,0,4,0,1,94.64,0,Placed,8.86
STU4745,89.62,91.59,84.11,76.78,8.68,79.60,79.60,1,4,0,1,98.45,0,Placed,7.81
STU4746,84.92,77.67,82.32,69.48,7.97,92.46,93.98,3,4,0,0,87.11,0,Placed,7.66
STU4747,74.15,70.38,74.10,43.62,6.59,59.09,65.85,0,1,0,0,62.78,2,Not Placed,0
STU4748,65.51,51.17,67.08,49.94,6.14,55.59,52.75,0,0,0,0,75.56,1,Not Placed,0
STU4749,81.05,84.11,90.67,85.83,9.38,87.93,86.56,3,4,0,0,81.35,0,Placed,11.23
STU4750,73.66,93.73,73.32,74.78,9.01,89.52,90.26,2,3,6,2,85.28,0,Placed,10.26
STU4751,73.00,90.42,92.49,85.83,8.79,80.13,80.81,0,1,0,0,98.00,0,Placed,8.75
STU4752,53.79,71.32,70.22,41.68,6.49,59.79,52.17,0,0,0,0,78.90,0,Not Placed,0
STU4753,59.77,63.82,67.01,44.36,6.91,63.66,73.08,0,0,0,0,61.72,1,Not Placed,0
STU4754,62.08,53.04,58.87,64.28,7.56,50.24,67.59,1,1,0,0,68.92,1,Not Placed,0
STU4755,92.75,72.44,76.34,86.90,7.79,85.28,91.76,3,2,0,1,88.78,0,Placed,9.15
STU4756,55.91,51.80,71.68,44.87,7.38,65.55,59.85,0,0,0,0,62.67,1,Not Placed,0
STU4757,94.62,76.26,84.63,78.71,9.16,89.43,74.79,2,3,0,2,85.04,0,Placed,9.94
STU4758,94.79,87.91,76.18,93.16,8.83,85.42,79.14,1,2,0,1,86.56,0,Placed,7.99
STU4759,86.23,88.88,83.09,68.86,8.94,91.36,88.73,2,2,8,1,86.08,0,Placed,10.08
STU4760,64.17,63.97,73.21,65.66,5.99,54.84,51.65,0,0,0,0,60.77,2,Not Placed,0
STU4761,68.41,72.14,66.93,44.18,5.90,56.48,72.87,1,0,0,0,68.88,0,Not Placed,0
STU4762,91.25,71.95,82.23,79.76,8.15,81.79,70.73,3,4,0,0,94.65,0,Placed,8.52
STU4763,70.47,72.51,72.34,47.24,5.91,68.10,68.98,1,0,0,0,62.59,2,Not Placed,0
STU4764,83.70,79.08,88.52,67.47,8.56,82.58,78.07,0,3,0,2,84.67,0,Placed,8.39
STU4765,79.29,84.31,89.31,83.54,9.00,78.05,94.82,1,3,0,2,80.21,0,Placed,9.98
STU4766,86.31,94.76,83.86,94.38,8.29,77.56,92.99,2,3,0,1,93.08,0,Placed,8.36
STU4767,94.37,77.40,75.24,77.34,9.10,76.67,78.23,1,2,0,2,93.08,0,Placed,10.10
STU4768,91.83,83.45,91.25,79.59,8.06,85.98,86.60,1,3,0,1,96.97,0,Placed,8.13
STU4769,94.11,83.97,87.96,84.88,8.80,83.78,72.27,2,4,0,0,80.71,0,Placed,8.51
STU4770,52.96,55.35,58.49,42.12,5.64,65.74,70.03,0,0,0,0,64.91,2,Not Placed,0
STU4771,94.38,78.81,77.32,88.00,8.53,94.99,78.58,0,2,0,0,98.83,0,Placed,7.46
STU4772,79.82,86.95,80.60,77.51,7.99,83.53,82.78,2,4,0,0,93.51,0,Placed,7.74
STU4773,71.36,70.40,78.88,78.44,8.95,78.83,78.15,3,1,0,0,93.20,0,Placed,9.34
STU4774,54.77,60.47,57.38,42.35,7.51,58.86,53.30,0,0,0,0,66.53,2,Not Placed,0
STU4775,68.36,50.40,60.33,45.30,6.04,64.07,67.81,0,0,0,0,63.87,1,Not Placed,0
STU4776,72.54,87.97,75.51,68.31,9.61,77.61,85.36,1,2,0,2,86.23,0,Placed,9.54
STU4777,87.66,91.42,88.17,94.27,8.82,91.05,72.06,3,3,0,1,95.52,0,Placed,9.44
STU4778,76.33,90.66,83.39,78.84,8.08,93.82,72.26,3,0,0,0,84.57,0,Placed,8.63
STU4779,60.94,68.19,53.61,66.21,6.09,60.85,69.19,1,1,0,0,66.86,2,Not Placed,0
STU4780,92.76,78.50,93.01,79.53,8.25,84.13,88.97,0,3,8,2,89.40,0,Placed,8.26
STU4781,74.04,84.87,88.86,94.12,7.84,86.20,85.64,2,4,0,2,98.79,0,Placed,7.17
STU4782,78.01,85.61,84.19,82.40,8.60,93.56,78.23,0,3,0,1,88.18,0,Placed,7.03
STU4783,73.36,87.66,74.00,79.60,8.10,94.23,78.33,1,0,0,1,92.05,0,Placed,7.33
STU4784,70.90,93.19,76.91,72.40,9.78,89.91,84.06,0,4,0,2,98.29,0,Placed,9.19
STU4785,64.62,67.81,54.71,40.36,7.20,68.86,51.81,1,0,0,0,63.72,1,Not Placed,0
STU4786,70.15,75.85,90.72,89.22,9.63,80.05,74.44,1,2,0,0,82.29,0,Placed,10.64
STU4787,70.92,53.47,74.93,49.66,7.65,50.12,50.58,0,0,0,0,66.81,0,Not Placed,0
STU4788,80.77,74.56,76.60,88.95,9.55,79.63,71.83,0,0,0,0,84.72,0,Placed,9.28
STU4789,90.01,89.63,79.53,82.25,7.72,80.93,74.63,2,0,0,2,88.23,0,Placed,8.22
STU4790,71.83,65.95,57.43,51.08,6.42,62.61,63.16,1,1,0,0,69.22,2,Not Placed,0
STU4791,71.67,93.10,70.11,80.01,8.93,76.05,87.05,2,2,0,0,85.22,0,Placed,8.64
STU4792,67.44,56.30,60.31,42.21,5.84,52.62,68.56,0,1,0,0,67.68,1,Not Placed,0
STU4793,88.55,71.22,77.91,91.38,9.09,83.21,80.26,2,0,0,0,90.41,0,Placed,9.66
STU4794,70.73,67.67,56.12,54.96,5.97,63.10,57.81,1,0,0,0,71.70,0,Not Placed,0
STU4795,74.84,72.81,63.40,63.54,7.60,69.68,73.10,0,0,0,0,77.95,2,Not Placed,0
STU4796,82.23,80.11,72.39,72.66,8.12,90.36,76.93,3,3,0,0,89.98,0,Placed,8.70
STU4797,70.52,52.80,68.53,64.16,6.36,65.77,71.68,1,1,0,0,62.68,0,Not Placed,0
STU4798,58.46,61.81,72.16,49.61,7.78,54.20,52.91,1,0,0,0,71.49,0,Not Placed,0
STU4799,71.67,59.48,71.03,62.12,6.00,53.46,73.47,0,0,0,0,60.50,2,Not Placed,0
STU4800,79.62,74.83,77.61,86.29,7.89,80.09,91.61,3,1,0,1,90.50,0,Placed,8.33
STU4801,85.58,92.03,82.95,83.39,8.21,85.89,74.75,2,3,0,0,88.75,0,Placed,8.69
STU4802,74.41,94.11,94.42,87.92,7.83,81.21,71.90,0,1,0,0,82.67,0,Placed,6.68
STU4803,85.13,89.63,84.52,92.03,9.23,88.70,86.94,2,1,1,2,86.12,0,Placed,9.36
STU4804,94.89,86.30,92.85,65.57,9.22,81.22,76.88,3,4,0,1,86.56,0,Placed,10.46
STU4805,88.25,74.73,94.19,65.15,9.45,86.25,70.58,0,2,0,0,93.25,0,Placed,9.86
STU4806,64.29,55.86,69.48,41.53,7.36,69.14,72.15,0,0,0,0,68.81,1,Not Placed,0
STU4807,84.22,78.61,87.52,67.55,7.90,88.26,89.23,1,2,0,2,91.01,0,Placed,6.64
STU4808,86.10,79.78,82.91,68.35,9.77,89.01,94.12,0,2,0,2,97.22,0,Placed,9.67
STU4809,52.44,74.76,53.22,48.45,5.65,64.98,59.61,0,1,0,0,72.01,1,Not Placed,0
STU4810,91.79,70.75,70.42,68.09,8.37,79.71,89.75,3,2,0,0,98.70,0,Placed,8.64
STU4811,60.97,58.69,69.95,63.99,7.24,51.86,54.97,1,0,0,0,73.68,2,Not Placed,0
STU4812,88.68,83.32,91.48,90.77,9.77,92.30,86.07,3,1,0,0,82.36,0,Placed,10.53
STU4813,56.59,74.42,59.31,55.04,7.29,68.37,69.77,0,0,0,0,62.59,1,Not Placed,0
STU4814,92.22,94.85,74.00,72.05,8.84,90.02,82.11,3,1,6,2,95.17,0,Placed,9.56
STU4815,77.17,71.08,75.77,90.21,7.64,75.35,93.43,1,4,0,0,82.63,0,Placed,6.66
STU4816,51.89,61.26,64.74,57.47,6.74,65.44,74.66,1,1,0,0,72.46,1,Not Placed,0
STU4817,76.71,74.72,83.13,79.02,8.53,90.65,91.24,3,1,2,2,92.10,0,Placed,8.33
STU4818,73.44,65.02,50.92,46.12,7.40,64.16,57.67,0,1,0,0,71.02,0,Not Placed,0
STU4819,86.02,84.39,92.26,71.08,8.45,79.19,84.63,3,3,0,2,88.39,0,Placed,9.03
STU4820,64.33,54.17,57.94,66.00,6.03,66.26,59.39,1,1,0,0,78.62,1,Not Placed,0
STU4821,70.69,54.51,67.71,41.39,6.72,64.47,50.31,1,1,0,0,72.12,1,Not Placed,0
STU4822,92.49,89.34,94.61,84.94,7.62,79.08,93.04,1,2,0,1,98.70,0,Placed,6.34
STU4823,76.50,92.43,94.53,70.36,7.52,78.39,75.22,2,0,0,0,86.62,0,Placed,7.60
STU4824,86.32,86.66,70.09,85.59,7.73,85.42,72.57,3,4,7,0,89.58,0,Placed,7.97
STU4825,92.36,85.09,94.13,79.74,8.58,83.16,92.09,3,0,10,1,87.11,0,Placed,10.14
STU4826,88.06,86.54,83.79,88.82,9.46,78.76,94.16,1,0,0,1,86.89,0,Placed,10.65
STU4827,64.93,60.78,55.53,40.97,7.16,66.08,65.05,0,1,0,0,66.97,0,Not Placed,0
STU4828,84.41,90.37,72.64,81.95,9.35,80.63,86.47,1,1,0,1,94.26,0,Placed,9.09
STU4829,81.40,76.62,76.10,67.23,7.98,89.65,86.38,2,1,3,0,85.38,0,Placed,8.25
STU4830,79.32,73.90,91.27,89.24,8.55,85.43,75.00,0,4,9,0,91.29,0,Placed,7.18
STU4831,94.49,91.42,88.82,88.90,9.18,93.80,75.24,3,3,0,0,85.07,0,Placed,11.27
STU4832,81.43,86.36,72.82,93.39,7.62,83.01,73.57,0,3,7,0,91.91,0,Placed,6.99
STU4833,56.82,68.46,56.25,56.19,6.62,50.80,74.66,0,0,0,0,63.58,0,Not Placed,0
STU4834,71.96,70.05,55.77,65.51,6.93,60.27,69.46,1,1,0,0,67.90,1,Not Placed,0
STU4835,82.99,82.08,94.22,87.01,8.86,87.78,92.52,3,4,2,0,87.50,0,Placed,9.24
STU4836,72.49,62.22,57.50,41.83,6.24,67.79,63.12,1,0,0,0,78.41,2,Not Placed,0
STU4837,85.32,94.44,77.57,80.90,7.83,90.90,75.46,2,2,0,1,83.67,0,Placed,7.96
STU4838,55.15,69.52,59.52,47.34,5.66,69.62,66.52,0,1,0,0,67.94,1,Not Placed,0
STU4839,79.01,74.34,78.66,70.03,7.96,81.82,94.77,0,2,0,2,84.43,0,Placed,7.25
STU4840,88.26,80.02,71.08,65.99,7.78,77.97,83.16,1,3,0,2,93.32,0,Placed,6.92
STU4841,90.46,71.02,82.62,70.76,9.80,94.18,88.50,0,3,0,2,92.96,0,Placed,9.10
STU4842,60.99,67.66,61.03,59.55,5.66,60.71,53.40,1,0,0,0,75.24,1,Not Placed,0
STU4843,61.23,55.75,70.38,64.82,7.70,57.62,54.91,1,1,0,0,62.88,2,Not Placed,0
STU4844,63.41,51.52,58.92,67.75,5.65,51.71,69.18,0,0,0,0,63.02,0,Not Placed,0
STU4845,87.91,78.82,89.23,83.26,9.09,77.15,70.50,2,1,0,0,96.96,0,Placed,9.91
STU4846,86.58,91.57,82.82,79.44,9.36,87.29,90.43,0,4,0,0,84.40,0,Placed,9.33
STU4847,56.07,67.09,58.24,61.73,7.73,63.00,60.51,1,1,0,0,67.08,2,Not Placed,0
STU4848,72.92,71.42,71.30,86.24,8.23,78.79,75.66,0,0,0,1,86.00,0,Placed,7.71
STU4849,50.95,73.35,63.42,47.26,7.05,65.39,56.96,0,0,0,0,63.94,2,Not Placed,0
STU4850,74.86,86.83,85.83,71.16,8.20,76.68,75.85,3,3,0,0,92.01,0,Placed,9.20
STU4851,90.21,78.32,77.82,86.94,9.32,89.48,92.39,3,2,0,0,89.48,0,Placed,11.24
STU4852,90.52,77.41,79.00,73.36,9.69,88.97,74.77,3,2,2,2,94.48,0,Placed,11.58
STU4853,74.33,75.58,90.26,77.93,9.13,93.60,79.57,0,1,0,1,87.55,0,Placed,9.66
STU4854,78.16,70.33,77.68,71.51,9.79,86.89,80.15,2,2,0,2,84.28,0,Placed,9.97
STU4855,53.36,55.32,60.17,68.84,6.93,61.89,57.55,1,1,0,0,66.11,1,Not Placed,0
STU4856,52.66,55.56,67.37,59.43,5.51,69.78,56.01,0,1,0,0,63.16,0,Not Placed,0
STU4857,55.94,74.54,63.60,47.43,5.84,59.47,73.02,1,1,0,0,68.32,1,Not Placed,0
STU4858,72.50,64.49,70.30,66.99,6.48,57.71,73.50,0,1,0,0,74.52,0,Not Placed,0
STU4859,69.03,50.68,69.98,62.62,7.42,56.73,62.27,1,1,0,0,68.01,2,Not Placed,0
STU4860,73.08,79.61,84.77,75.28,8.63,75.98,92.54,1,1,0,2,85.61,0,Placed,7.78
STU4861,87.95,94.46,91.77,90.36,7.54,90.44,75.08,3,4,0,1,80.63,0,Placed,8.00
STU4862,55.44,53.43,74.96,45.31,5.70,62.23,55.03,0,1,0,0,60.43,2,Not Placed,0
STU4863,75.72,73.24,90.46,89.44,7.82,88.37,79.43,3,4,0,1,83.05,0,Placed,8.64
STU4864,53.47,63.73,67.65,51.35,5.70,53.50,72.35,1,0,0,0,69.06,1,Not Placed,0
STU4865,74.76,94.84,74.26,93.73,9.80,80.87,80.40,3,3,0,1,94.01,0,Placed,10.24
STU4866,69.19,71.21,62.56,55.41,6.09,67.14,73.15,0,1,0,0,68.81,1,Not Placed,0
STU4867,92.36,91.00,90.23,90.36,9.25,92.15,78.43,2,4,0,0,91.16,0,Placed,10.47
STU4868,64.10,65.57,59.25,69.93,7.57,67.44,73.33,1,1,0,0,78.56,1,Not Placed,0
STU4869,54.73,51.74,51.68,64.84,5.59,53.93,70.72,1,1,0,0,74.21,1,Not Placed,0
STU4870,81.62,88.18,90.99,68.74,9.29,80.94,90.71,0,0,0,1,93.72,0,Placed,8.02
STU4871,72.50,65.65,73.57,47.03,7.65,56.25,53.23,1,1,0,0,69.18,2,Not Placed,0
STU4872,71.78,51.79,56.38,47.04,7.53,63.19,59.10,0,1,0,0,71.25,0,Not Placed,0
STU4873,93.45,79.75,77.48,79.83,9.01,86.34,90.35,3,3,0,2,84.80,0,Placed,9.18
STU4874,90.18,81.16,90.37,85.52,9.47,90.47,74.85,1,0,0,2,88.95,0,Placed,10.06
STU4875,67.50,55.41,51.19,59.24,7.64,57.61,52.76,0,1,0,0,75.19,0,Not Placed,0
STU4876,74.21,79.61,74.42,87.31,8.04,82.67,82.94,2,2,0,1,88.41,0,Placed,8.50
STU4877,67.40,60.99,58.50,41.63,6.90,50.31,71.76,0,0,0,0,73.61,0,Not Placed,0
STU4878,56.28,61.68,55.61,68.47,7.79,64.39,73.29,0,0,0,0,62.97,1,Not Placed,0
STU4879,76.23,85.32,76.02,82.23,8.56,87.07,88.43,0,4,0,0,95.39,0,Placed,8.73
STU4880,76.59,86.56,84.86,75.09,8.87,88.02,79.56,2,0,0,2,98.06,0,Placed,8.94
STU4881,56.61,69.79,73.26,52.08,6.93,53.87,69.75,0,1,0,0,72.95,1,Not Placed,0
STU4882,65.03,50.23,58.93,60.13,7.01,50.77,73.02,0,0,0,0,77.33,0,Not Placed,0
STU4883,77.58,82.07,94.71,84.54,7.70,88.06,82.57,2,1,0,0,90.50,0,Placed,8.16
STU4884,50.14,56.79,67.95,46.73,6.58,54.72,64.23,0,1,0,0,68.01,2,Not Placed,0
STU4885,94.34,78.05,72.85,77.46,8.60,93.60,88.57,1,0,0,0,86.09,0,Placed,8.43
STU4886,68.59,72.53,67.40,55.25,5.62,62.65,74.45,1,1,0,0,63.21,0,Not Placed,0
STU4887,86.70,89.42,76.60,83.98,9.85,76.79,72.43,1,2,0,2,93.94,0,Placed,10.18
STU4888,76.91,84.13,93.14,72.06,8.98,75.83,90.39,0,0,0,1,94.50,0,Placed,9.21
STU4889,88.96,88.23,70.87,87.38,9.11,86.92,84.90,2,3,2,0,88.55,0,Placed,8.75
STU4890,91.47,73.37,73.10,65.99,8.85,81.81,91.72,1,4,0,2,85.73,0,Placed,8.01
STU4891,80.57,88.83,91.05,89.93,9.02,83.95,81.98,1,1,11,1,87.13,0,Placed,8.88
STU4892,80.87,94.65,94.57,87.57,8.29,87.07,94.52,1,1,0,1,86.99,0,Placed,7.76
STU4893,70.80,84.77,74.75,90.72,8.23,84.71,85.09,1,1,0,2,88.49,0,Placed,7.26
STU4894,76.88,85.87,92.69,87.29,9.32,93.17,84.60,3,4,0,1,80.36,0,Placed,10.50
STU4895,76.50,83.60,76.65,69.51,7.51,87.63,82.26,3,1,0,0,84.50,0,Placed,7.40
STU4896,73.40,89.33,91.80,65.90,9.31,83.40,78.68,3,4,0,1,98.07,0,Placed,10.83
STU4897,54.63,57.17,54.43,47.55,6.76,68.00,53.24,0,0,0,0,73.98,0,Not Placed,0
STU4898,60.05,54.66,66.20,57.96,7.58,51.12,60.42,1,0,0,0,66.96,0,Not Placed,0
STU4899,54.07,58.66,73.60,57.32,6.88,62.08,57.02,0,0,0,0,78.29,0,Not Placed,0
STU4900,91.48,93.06,87.60,76.79,9.27,83.53,84.41,2,1,0,1,90.58,0,Placed,8.95
STU4901,74.41,77.02,94.87,93.37,9.18,90.12,76.57,3,4,0,1,80.52,0,Placed,10.78
STU4902,74.50,72.38,74.40,49.17,5.95,56.89,70.03,1,1,0,0,77.96,1,Not Placed,0
STU4903,58.95,69.95,56.89,51.62,7.17,67.06,51.88,1,1,0,0,65.88,1,Not Placed,0
STU4904,84.22,82.21,90.17,69.36,8.48,76.93,85.92,3,4,2,2,88.22,0,Placed,9.52
STU4905,87.27,76.34,87.83,85.74,9.07,82.75,86.23,3,4,0,2,86.10,0,Placed,9.17
STU4906,71.68,86.08,92.59,66.08,8.61,90.82,93.20,0,4,0,2,96.76,0,Placed,7.09
STU4907,66.90,55.96,69.11,49.74,6.64,51.00,53.94,1,1,0,0,69.85,0,Not Placed,0
STU4908,76.68,72.77,84.07,88.13,8.66,94.84,89.11,0,4,0,0,89.15,0,Placed,7.31
STU4909,60.97,71.85,56.88,63.38,5.64,54.63,63.59,1,0,0,0,62.50,2,Not Placed,0
STU4910,70.87,84.10,83.35,86.96,9.07,75.02,81.46,3,4,0,2,95.28,0,Placed,9.55
STU4911,74.24,67.08,66.18,45.08,6.99,67.93,54.87,1,1,0,0,74.03,1,Not Placed,0
STU4912,61.78,60.72,59.76,66.24,6.13,69.59,54.18,1,0,0,0,66.59,1,Not Placed,0
STU4913,62.77,55.62,64.55,42.05,6.97,65.43,50.07,0,0,0,0,73.73,0,Not Placed,0
STU4914,62.57,59.17,66.20,55.54,5.87,55.00,74.33,1,1,0,0,76.48,2,Not Placed,0
STU4915,87.97,79.49,80.02,68.92,9.05,80.65,94.31,1,3,0,0,97.41,0,Placed,8.28
STU4916,88.03,81.35,74.82,66.25,9.63,88.95,70.68,2,0,0,1,90.05,0,Placed,10.15
STU4917,73.88,62.00,70.23,62.15,7.28,53.22,55.48,0,1,0,0,72.64,0,Not Placed,0
STU4918,72.80,87.96,77.65,85.27,9.53,90.64,70.36,1,3,0,2,88.93,0,Placed,9.50
STU4919,83.15,93.50,79.33,91.46,8.58,84.92,73.95,0,2,0,1,85.84,0,Placed,7.01
STU4920,69.62,69.70,51.07,62.29,7.22,67.55,62.41,0,0,0,0,71.37,0,Not Placed,0
STU4921,92.42,87.91,78.50,75.21,9.48,82.58,89.52,2,0,0,2,80.56,0,Placed,9.48
STU4922,82.98,78.22,84.13,87.71,7.78,78.89,76.06,0,2,11,2,95.10,0,Placed,7.12
STU4923,93.24,77.28,80.02,68.53,7.95,81.23,92.11,1,2,0,2,93.47,0,Placed,6.66
STU4924,56.55,53.45,55.23,66.08,5.71,59.00,56.45,1,0,0,0,72.20,2,Not Placed,0
STU4925,77.73,77.47,87.03,81.75,9.31,82.31,82.90,1,0,0,1,97.38,0,Placed,10.15
STU4926,79.62,86.12,77.31,80.86,7.70,75.56,80.48,3,3,0,1,96.30,0,Placed,8.60
STU4927,75.16,77.93,72.55,82.95,7.67,87.72,80.28,3,1,10,0,86.68,0,Placed,7.15
STU4928,58.83,67.07,75.00,64.42,6.25,53.40,54.62,1,0,0,0,75.06,1,Not Placed,0
STU4929,87.19,77.56,83.20,70.22,8.93,91.46,88.48,3,0,0,0,87.48,0,Placed,10.44
STU4930,81.92,71.89,82.15,72.22,8.81,89.62,93.98,1,1,0,2,89.06,0,Placed,8.82
STU4931,71.50,86.00,79.01,87.24,9.82,87.92,93.21,3,0,10,1,94.03,0,Placed,11.95
STU4932,65.58,63.79,73.75,51.18,5.88,67.09,54.59,0,0,0,0,73.05,2,Not Placed,0
STU4933,56.72,50.00,51.06,51.78,7.05,67.73,60.80,1,0,0,0,73.33,1,Not Placed,0
STU4934,82.42,80.75,79.05,86.25,9.46,88.28,89.57,1,1,10,1,81.99,0,Placed,9.71
STU4935,72.30,94.48,88.10,91.77,8.62,76.94,71.29,1,0,0,2,97.45,0,Placed,8.43
STU4936,94.50,78.35,73.42,76.21,8.13,87.20,82.75,0,2,5,2,83.55,0,Placed,8.12
STU4937,66.97,52.82,50.58,42.77,7.22,59.46,58.55,1,0,0,0,71.07,2,Not Placed,0
STU4938,73.92,50.37,73.52,59.99,5.56,51.78,58.13,0,0,0,0,72.44,1,Not Placed,0
STU4939,74.65,80.97,87.01,75.86,7.69,79.20,71.71,2,2,0,1,94.23,0,Placed,7.57
STU4940,52.86,55.36,68.62,48.24,7.02,52.41,54.97,0,1,0,0,70.12,0,Not Placed,0
STU4941,70.51,89.98,87.53,76.34,8.97,76.00,84.87,3,1,0,2,84.13,0,Placed,9.73
STU4942,58.46,57.81,62.92,51.40,5.68,57.23,63.56,1,0,0,0,64.06,2,Not Placed,0
STU4943,65.17,69.82,67.29,67.93,7.53,53.03,61.20,1,0,0,0,72.03,0,Not Placed,0
STU4944,66.93,53.28,72.78,43.88,7.39,62.13,51.56,1,0,0,0,78.12,2,Not Placed,0
STU4945,62.52,50.28,64.11,59.81,7.66,69.48,61.08,0,1,0,0,76.96,1,Not Placed,0
STU4946,84.32,76.26,86.34,92.06,8.96,93.66,87.26,2,0,0,1,85.64,0,Placed,10.06
STU4947,65.25,52.65,64.67,55.04,7.23,52.80,59.07,0,1,0,0,72.25,1,Not Placed,0
STU4948,52.20,70.04,54.64,62.18,7.73,57.35,71.09,1,0,0,0,63.07,0,Not Placed,0
STU4949,72.18,82.04,86.14,78.59,9.29,84.26,70.97,3,3,9,2,95.12,0,Placed,10.38
STU4950,54.25,68.58,52.47,41.64,7.52,55.71,57.92,1,1,0,0,61.36,1,Not Placed,0
STU4951,80.43,86.17,70.59,66.72,8.24,87.67,83.14,3,0,0,0,93.82,0,Placed,8.65
STU4952,76.04,85.66,87.19,74.73,8.49,80.72,84.52,3,4,0,2,87.74,0,Placed,8.87
STU4953,79.00,94.38,93.84,90.13,9.71,81.29,75.50,2,3,0,0,89.91,0,Placed,9.60
STU4954,72.42,88.37,94.36,72.96,9.74,86.85,74.39,3,3,0,1,91.17,0,Placed,11.49
STU4955,93.26,74.82,79.92,74.47,7.56,88.02,78.53,3,2,0,0,98.29,0,Placed,7.78
STU4956,84.12,79.45,89.50,91.65,8.56,84.89,84.28,1,3,0,2,87.96,0,Placed,7.94
STU4957,78.27,91.56,92.05,88.29,9.11,83.66,83.51,0,2,0,0,84.44,0,Placed,8.97
STU4958,50.49,69.47,68.15,47.83,6.84,58.55,70.41,0,1,0,0,78.84,0,Not Placed,0
STU4959,50.79,63.48,60.16,48.44,7.58,67.71,72.58,0,1,0,0,73.08,2,Not Placed,0
STU4960,89.11,78.52,93.96,74.58,9.58,79.35,86.82,0,4,0,2,97.54,0,Placed,10.19
STU4961,70.33,76.08,86.07,66.07,8.61,89.86,94.84,2,0,0,1,96.13,0,Placed,9.39
STU4962,76.39,91.58,77.46,79.45,8.46,85.25,74.41,3,3,0,0,84.80,0,Placed,8.83
STU4963,59.72,61.52,61.39,47.15,7.38,69.39,70.67,1,0,0,0,61.64,1,Not Placed,0
STU4964,65.92,63.40,72.55,44.93,6.81,64.71,55.65,0,0,0,0,77.86,0,Not Placed,0
STU4965,59.15,61.65,68.45,43.45,6.78,60.59,60.07,1,0,0,0,71.25,0,Not Placed,0
STU4966,71.62,72.75,61.42,49.64,6.77,53.67,52.28,1,1,0,0,61.74,0,Not Placed,0
STU4967,50.61,59.02,74.51,53.07,6.86,53.50,54.85,0,0,0,0,65.58,0,Not Placed,0
STU4968,65.82,58.23,63.77,59.78,7.38,59.84,53.10,0,1,0,0,70.08,0,Not Placed,0
STU4969,60.48,68.65,62.17,46.83,6.55,60.44,58.96,1,1,0,0,63.69,0,Not Placed,0
STU4970,93.60,80.47,75.24,84.22,7.53,84.52,82.07,3,3,0,1,86.90,0,Placed,8.12
STU4971,71.48,71.20,93.50,76.54,9.07,78.82,88.88,1,4,0,0,88.08,0,Placed,9.89
STU4972,78.89,82.02,76.57,80.44,7.68,94.21,79.77,0,2,0,2,98.46,0,Placed,6.80
STU4973,65.17,68.63,58.70,67.09,7.69,64.75,58.98,1,1,0,0,77.81,2,Not Placed,0
STU4974,75.44,81.58,83.67,65.18,9.21,78.06,70.70,2,3,5,0,92.91,0,Placed,10.20
STU4975,73.82,80.92,91.93,76.87,9.26,89.68,76.32,2,3,0,0,81.47,0,Placed,9.89
STU4976,82.94,91.16,82.29,67.99,8.70,93.80,91.14,3,3,1,0,96.84,0,Placed,10.44
STU4977,92.84,73.29,77.27,85.79,9.77,89.43,88.26,2,1,0,1,93.86,0,Placed,11.34
STU4978,56.13,50.21,50.10,47.91,7.70,53.20,54.77,0,1,0,0,65.01,1,Not Placed,0
STU4979,77.47,82.20,91.97,69.68,9.20,84.75,78.03,2,0,2,1,98.83,0,Placed,9.33
STU4980,65.58,70.43,68.86,55.88,7.38,51.96,62.73,1,0,0,0,61.92,1,Not Placed,0
STU4981,54.36,55.52,55.72,44.48,5.84,68.77,50.59,1,1,0,0,67.99,1,Not Placed,0
STU4982,69.37,69.18,71.65,67.21,5.58,60.43,67.92,1,1,0,0,73.70,0,Not Placed,0
STU4983,72.89,92.16,76.20,77.93,8.15,82.61,74.95,2,0,0,2,98.48,0,Placed,8.45
STU4984,84.07,75.42,80.64,71.70,7.62,91.25,89.11,0,1,0,2,90.42,0,Placed,6.88
STU4985,76.66,86.93,79.15,78.80,8.11,87.40,88.29,1,3,0,0,94.82,0,Placed,8.45
STU4986,73.79,69.48,70.38,60.73,5.93,55.02,50.70,0,0,0,0,71.09,2,Not Placed,0
STU4987,58.15,57.00,69.09,58.47,7.74,61.88,70.45,0,0,0,0,66.33,2,Not Placed,0
STU4988,65.40,69.02,74.65,42.53,7.54,64.48,69.15,1,1,0,0,75.22,1,Not Placed,0
STU4989,78.51,81.17,94.63,88.39,8.15,75.83,94.38,2,4,0,1,96.28,0,Placed,8.51
STU4990,65.19,53.01,62.01,69.88,6.70,58.56,74.35,0,1,0,0,74.06,2,Not Placed,0
STU4991,73.36,91.65,71.69,65.69,9.08,79.00,88.52,2,2,0,0,96.68,0,Placed,9.70
STU4992,70.47,73.94,81.10,75.15,9.07,76.68,86.55,3,0,0,2,85.86,0,Placed,10.94
STU4993,75.10,91.32,71.13,74.94,8.19,86.78,84.61,0,3,0,0,84.35,0,Placed,7.36
STU4994,78.34,87.84,83.71,89.82,7.77,80.72,70.44,0,3,0,0,97.29,0,Placed,6.67
STU4995,71.37,81.14,87.76,84.98,9.48,93.13,90.28,3,0,0,1,88.43,0,Placed,10.55
STU4996,83.11,78.68,93.94,80.09,8.81,92.29,85.61,1,4,0,1,96.52,0,Placed,9.39
STU4997,67.13,70.58,58.07,54.81,5.92,59.35,69.77,0,0,0,0,73.60,2,Not Placed,0
STU4998,63.44,50.53,60.64,69.34,6.01,68.77,68.72,0,0,0,0,76.86,2,Not Placed,0
STU4999,80.41,74.50,86.38,70.60,9.00,84.14,83.12,0,4,0,1,88.44,0,Placed,8.13
STU5000,73.33,74.92,75.09,84.41,8.84,85.34,82.79,2,2,0,2,82.64,0,Placed,10.24